Speaker_ID,Word_Pair,word,Prosodic_Environment,Quantity,Source_TextGrid,Duration_ms
L01,Siet vs. Sied,Siet,Declarative final focus,Long,LD0001,119.29253898614122
L01,Siet vs. Sied,Siet,Declarative final postfocus,Long,LD0002,110.81045600914496
L01,Siet vs. Sied,Siet,Declarative non-final focus,Long,LD0003,135.00693633233075
L01,Siet vs. Sied,Siet,Declarative non-final postfocus,Long,LD0004,105.9737805864076
L01,Siet vs. Sied,Siet,Declarative non-final prefocus,Long,LD0005,144.93962781369686
L01,Siet vs. Sied,Siet,Interrogative final focus,Long,LD0006,185.32446213324215
L01,Siet vs. Sied,Siet,Interrogative final postfocus,Long,LD0007,127.50197996036184
L01,Siet vs. Sied,Siet,Interrogative non-final focus,Long,LD0008,194.4201756139192
L01,Siet vs. Sied,Siet,Interrogative non-final postfocus,Long,LD0009,167.34676544441007
L01,Siet vs. Sied,Siet,Interrogative non-final prefocus,Long,LD0010,79.18796938589334
L01,Ries vs. Riez,Ries,Declarative final focus,Long,LD0011,146.45329267391728
L01,Ries vs. Riez,Ries,Declarative final postfocus,Long,LD0012,123.90958499802029
L01,Ries vs. Riez,Ries,Declarative non-final focus,Long,LD0013,181.07301755114625
L01,Ries vs. Riez,Ries,Declarative non-final postfocus,Long,LD0014,127.56879119514686
L01,Ries vs. Riez,Ries,Declarative non-final prefocus,Long,LD0015,173.4515182669567
L01,Ries vs. Riez,Ries,Interrogative final focus,Long,LD0016,185.21740560023136
L01,Ries vs. Riez,Ries,Interrogative final postfocus,Long,LD0017,196.02063586693586
L01,Ries vs. Riez,Ries,Interrogative non-final focus,Long,LD0018,141.03994409813168
L01,Ries vs. Riez,Ries,Interrogative non-final postfocus,Long,LD0019,169.59610789517754
L01,Ries vs. Riez,Ries,Interrogative non-final prefocus,Long,LD0020,176.55849884495655
L01,Rieten vs. Rieden,Rieten,Declarative final focus,Long,LD0021,175.60220161768726
L01,Rieten vs. Rieden,Rieten,Declarative final postfocus,Long,LD0022,194.81794676289033
L01,Rieten vs. Rieden,Rieten,Declarative non-final focus,Long,LD0023,161.86889047731668
L01,Rieten vs. Rieden,Rieten,Declarative non-final postfocus,Long,LD0024,136.69367284837497
L01,Rieten vs. Rieden,Rieten,Declarative non-final prefocus,Long,LD0025,200.96874858984236
L01,Rieten vs. Rieden,Rieten,Interrogative final focus,Long,LD0026,166.8535158554929
L01,Rieten vs. Rieden,Rieten,Interrogative final postfocus,Long,LD0027,180.02916234421983
L01,Rieten vs. Rieden,Rieten,Interrogative non-final focus,Long,LD0028,203.96321099436565
L01,Rieten vs. Rieden,Rieten,Interrogative non-final postfocus,Long,LD0029,175.55568399765997
L01,Rieten vs. Rieden,Rieten,Interrogative non-final prefocus,Long,LD0030,185.94621033649673
L01,Laten vs. Laden,Laten,Declarative final focus,Long,LD0031,211.28181387851464
L01,Laten vs. Laden,Laten,Declarative final postfocus,Long,LD0032,215.1564937563133
L01,Laten vs. Laden,Laten,Declarative non-final focus,Long,LD0033,165.89004519611007
L01,Laten vs. Laden,Laten,Declarative non-final postfocus,Long,LD0034,248.96008477262853
L01,Laten vs. Laden,Laten,Declarative non-final prefocus,Long,LD0035,180.91486379592382
L01,Laten vs. Laden,Laten,Interrogative final focus,Long,LD0036,230.72121256119436
L01,Laten vs. Laden,Laten,Interrogative final postfocus,Long,LD0037,231.67396529935112
L01,Laten vs. Laden,Laten,Interrogative non-final focus,Long,LD0038,213.27696032492582
L01,Laten vs. Laden,Laten,Interrogative non-final postfocus,Long,LD0039,246.50350537053822
L01,Laten vs. Laden,Laten,Interrogative non-final prefocus,Long,LD0040,179.70999263478004
L01,Swien vs. Swiien,Swien,Declarative final focus,Long,LD0041,172.3197106262433
L01,Swien vs. Swiien,Swien,Declarative final postfocus,Long,LD0042,89.62514077472905
L01,Swien vs. Swiien,Swien,Declarative non-final focus,Long,LD0043,72.26436034202166
L01,Swien vs. Swiien,Swien,Declarative non-final postfocus,Long,LD0044,66.0987863372584
L01,Swien vs. Swiien,Swien,Declarative non-final prefocus,Long,LD0045,148.15701533472912
L01,Swien vs. Swiien,Swien,Interrogative final focus,Long,LD0046,154.23144879559848
L01,Swien vs. Swiien,Swien,Interrogative final postfocus,Long,LD0047,84.04117720390202
L01,Swien vs. Swiien,Swien,Interrogative non-final focus,Long,LD0048,102.36990707725879
L01,Swien vs. Swiien,Swien,Interrogative non-final postfocus,Long,LD0049,104.47994956065875
L01,Swien vs. Swiien,Swien,Interrogative non-final prefocus,Long,LD0050,110.05358085269079
L01,Weken vs. Wegen,Weken,Declarative final focus,Long,LD0051,250.84157609159297
L01,Weken vs. Wegen,Weken,Declarative final postfocus,Long,LD0052,200.75885316413468
L01,Weken vs. Wegen,Weken,Declarative non-final focus,Long,LD0053,212.16652781778146
L01,Weken vs. Wegen,Weken,Declarative non-final postfocus,Long,LD0054,238.54612292671095
L01,Weken vs. Wegen,Weken,Declarative non-final prefocus,Long,LD0055,198.34633069621765
L01,Weken vs. Wegen,Weken,Interrogative final focus,Long,LD0056,196.53285564314194
L01,Weken vs. Wegen,Weken,Interrogative final postfocus,Long,LD0057,167.92448139028227
L01,Weken vs. Wegen,Weken,Interrogative non-final focus,Long,LD0058,207.3703569421248
L01,Weken vs. Wegen,Weken,Interrogative non-final postfocus,Long,LD0059,129.60544087974733
L01,Weken vs. Wegen,Weken,Interrogative non-final prefocus,Long,LD0060,209.58605882425175
L01,Siet vs. Sied,Sied,Declarative final focus,Overlong,LD0061,293.8274740643689
L01,Siet vs. Sied,Sied,Declarative final postfocus,Overlong,LD0062,228.14331387482855
L01,Siet vs. Sied,Sied,Declarative non-final focus,Overlong,LD0063,221.49845965322146
L01,Siet vs. Sied,Sied,Declarative non-final postfocus,Overlong,LD0064,205.1627418973454
L01,Siet vs. Sied,Sied,Declarative non-final prefocus,Overlong,LD0065,328.166190695504
L01,Siet vs. Sied,Sied,Interrogative final focus,Overlong,LD0066,349.5048407079062
L01,Siet vs. Sied,Sied,Interrogative final postfocus,Overlong,LD0067,305.8442548125706
L01,Siet vs. Sied,Sied,Interrogative non-final focus,Overlong,LD0068,257.56460715231566
L01,Siet vs. Sied,Sied,Interrogative non-final postfocus,Overlong,LD0069,242.84886115618409
L01,Siet vs. Sied,Sied,Interrogative non-final prefocus,Overlong,LD0070,222.1911345217754
L01,Ries vs. Riez,Riez,Declarative final focus,Overlong,LD0071,352.20622362909194
L01,Ries vs. Riez,Riez,Declarative final postfocus,Overlong,LD0072,254.69469169408666
L01,Ries vs. Riez,Riez,Declarative non-final focus,Overlong,LD0073,245.21393190846075
L01,Ries vs. Riez,Riez,Declarative non-final postfocus,Overlong,LD0074,212.87245078124872
L01,Ries vs. Riez,Riez,Declarative non-final prefocus,Overlong,LD0075,319.91615601675227
L01,Ries vs. Riez,Riez,Interrogative final focus,Overlong,LD0076,304.8579370970179
L01,Ries vs. Riez,Riez,Interrogative final postfocus,Overlong,LD0077,337.4871983222083
L01,Ries vs. Riez,Riez,Interrogative non-final focus,Overlong,LD0078,214.23814666975284
L01,Ries vs. Riez,Riez,Interrogative non-final postfocus,Overlong,LD0079,233.96854410026856
L01,Ries vs. Riez,Riez,Interrogative non-final prefocus,Overlong,LD0080,247.13222768832145
L01,Rieten vs. Rieden,Rieden,Declarative final focus,Overlong,LD0081,278.7155294462773
L01,Rieten vs. Rieden,Rieden,Declarative final postfocus,Overlong,LD0082,228.69610303048748
L01,Rieten vs. Rieden,Rieden,Declarative non-final focus,Overlong,LD0083,231.316564467541
L01,Rieten vs. Rieden,Rieden,Declarative non-final postfocus,Overlong,LD0084,192.94094119598526
L01,Rieten vs. Rieden,Rieden,Declarative non-final prefocus,Overlong,LD0085,277.67780383207173
L01,Rieten vs. Rieden,Rieden,Interrogative final focus,Overlong,LD0086,260.4571206087336
L01,Rieten vs. Rieden,Rieden,Interrogative final postfocus,Overlong,LD0087,214.4202607256358
L01,Rieten vs. Rieden,Rieden,Interrogative non-final focus,Overlong,LD0088,251.99844064823085
L01,Rieten vs. Rieden,Rieden,Interrogative non-final postfocus,Overlong,LD0089,212.3867816420608
L01,Rieten vs. Rieden,Rieden,Interrogative non-final prefocus,Overlong,LD0090,225.25031739434397
L01,Laten vs. Laden,Laden,Declarative final focus,Overlong,LD0091,226.2951684852139
L01,Laten vs. Laden,Laden,Declarative final postfocus,Overlong,LD0092,240.13292368784133
L01,Laten vs. Laden,Laden,Declarative non-final focus,Overlong,LD0093,196.02904479404026
L01,Laten vs. Laden,Laden,Declarative non-final postfocus,Overlong,LD0094,256.7364131840515
L01,Laten vs. Laden,Laden,Declarative non-final prefocus,Overlong,LD0095,226.0302078283294
L01,Laten vs. Laden,Laden,Interrogative final focus,Overlong,LD0096,240.85155934992554
L01,Laten vs. Laden,Laden,Interrogative final postfocus,Overlong,LD0097,237.01796894173398
L01,Laten vs. Laden,Laden,Interrogative non-final focus,Overlong,LD0098,240.31749181498563
L01,Laten vs. Laden,Laden,Interrogative non-final postfocus,Overlong,LD0099,274.9559153279193
L01,Laten vs. Laden,Laden,Interrogative non-final prefocus,Overlong,LD0100,249.77021721552617
L01,Swien vs. Swiien,Swiien,Declarative final focus,Overlong,LD0101,335.63677866100437
L01,Swien vs. Swiien,Swiien,Declarative final postfocus,Overlong,LD0102,213.5976639719539
L01,Swien vs. Swiien,Swiien,Declarative non-final focus,Overlong,LD0103,156.54009304592154
L01,Swien vs. Swiien,Swiien,Declarative non-final postfocus,Overlong,LD0104,216.90082579240854
L01,Swien vs. Swiien,Swiien,Declarative non-final prefocus,Overlong,LD0105,206.24918853999884
L01,Swien vs. Swiien,Swiien,Interrogative final focus,Overlong,LD0106,310.43092686361064
L01,Swien vs. Swiien,Swiien,Interrogative final postfocus,Overlong,LD0107,285.54789621963585
L01,Swien vs. Swiien,Swiien,Interrogative non-final focus,Overlong,LD0108,285.60435011754606
L01,Swien vs. Swiien,Swiien,Interrogative non-final postfocus,Overlong,LD0109,221.3496820615839
L01,Swien vs. Swiien,Swiien,Interrogative non-final prefocus,Overlong,LD0110,212.07315803168592
L01,Weken vs. Wegen,Wegen,Declarative final focus,Overlong,LD0111,235.0828870623858
L01,Weken vs. Wegen,Wegen,Declarative final postfocus,Overlong,LD0112,256.73270010197814
L01,Weken vs. Wegen,Wegen,Declarative non-final focus,Overlong,LD0113,192.27212770144519
L01,Weken vs. Wegen,Wegen,Declarative non-final postfocus,Overlong,LD0114,256.32319350897603
L01,Weken vs. Wegen,Wegen,Declarative non-final prefocus,Overlong,LD0115,221.50694435740647
L01,Weken vs. Wegen,Wegen,Interrogative final focus,Overlong,LD0116,242.8167166889601
L01,Weken vs. Wegen,Wegen,Interrogative final postfocus,Overlong,LD0117,282.5215727000829
L01,Weken vs. Wegen,Wegen,Interrogative non-final focus,Overlong,LD0118,257.99569678232734
L01,Weken vs. Wegen,Wegen,Interrogative non-final postfocus,Overlong,LD0119,222.96073679923745
L01,Weken vs. Wegen,Wegen,Interrogative non-final prefocus,Overlong,LD0120,292.2537682939046
L02,Siet vs. Sied,Siet,Declarative final focus,Long,LD0121,172.51561915814628
L02,Siet vs. Sied,Siet,Declarative final postfocus,Long,LD0122,120.7225316405962
L02,Siet vs. Sied,Siet,Declarative non-final focus,Long,LD0123,172.223973251177
L02,Siet vs. Sied,Siet,Declarative non-final postfocus,Long,LD0124,162.44077711087002
L02,Siet vs. Sied,Siet,Declarative non-final prefocus,Long,LD0125,126.78360024280799
L02,Siet vs. Sied,Siet,Interrogative final focus,Long,LD0126,166.53043661707045
L02,Siet vs. Sied,Siet,Interrogative final postfocus,Long,LD0127,161.5284663080927
L02,Siet vs. Sied,Siet,Interrogative non-final focus,Long,LD0128,141.6994721087609
L02,Siet vs. Sied,Siet,Interrogative non-final postfocus,Long,LD0129,144.83371147262415
L02,Siet vs. Sied,Siet,Interrogative non-final prefocus,Long,LD0130,125.75779818904998
L02,Ries vs. Riez,Ries,Declarative final focus,Long,LD0131,212.32810228207643
L02,Ries vs. Riez,Ries,Declarative final postfocus,Long,LD0132,161.66525971895496
L02,Ries vs. Riez,Ries,Declarative non-final focus,Long,LD0133,200.17914462609477
L02,Ries vs. Riez,Ries,Declarative non-final postfocus,Long,LD0134,176.2499281046024
L02,Ries vs. Riez,Ries,Declarative non-final prefocus,Long,LD0135,181.76231302691403
L02,Ries vs. Riez,Ries,Interrogative final focus,Long,LD0136,220.3218240190894
L02,Ries vs. Riez,Ries,Interrogative final postfocus,Long,LD0137,196.88419715134276
L02,Ries vs. Riez,Ries,Interrogative non-final focus,Long,LD0138,201.46877284418773
L02,Ries vs. Riez,Ries,Interrogative non-final postfocus,Long,LD0139,183.93334393052896
L02,Ries vs. Riez,Ries,Interrogative non-final prefocus,Long,LD0140,221.8458742745991
L02,Rieten vs. Rieden,Rieten,Declarative final focus,Long,LD0141,157.1880435883849
L02,Rieten vs. Rieden,Rieten,Declarative final postfocus,Long,LD0142,137.81586591816585
L02,Rieten vs. Rieden,Rieten,Declarative non-final focus,Long,LD0143,156.19271509329403
L02,Rieten vs. Rieden,Rieten,Declarative non-final postfocus,Long,LD0144,144.66049852832708
L02,Rieten vs. Rieden,Rieten,Declarative non-final prefocus,Long,LD0145,159.2512281864622
L02,Rieten vs. Rieden,Rieten,Interrogative final focus,Long,LD0146,149.9074728685802
L02,Rieten vs. Rieden,Rieten,Interrogative final postfocus,Long,LD0147,150.84889246352907
L02,Rieten vs. Rieden,Rieten,Interrogative non-final focus,Long,LD0148,154.26188504894967
L02,Rieten vs. Rieden,Rieten,Interrogative non-final postfocus,Long,LD0149,123.3678774862179
L02,Rieten vs. Rieden,Rieten,Interrogative non-final prefocus,Long,LD0150,139.8946003565419
L02,Laten vs. Laden,Laten,Declarative final focus,Long,LD0151,191.8410387602778
L02,Laten vs. Laden,Laten,Declarative final postfocus,Long,LD0152,216.47624848260216
L02,Laten vs. Laden,Laten,Declarative non-final focus,Long,LD0153,144.57672224231666
L02,Laten vs. Laden,Laten,Declarative non-final postfocus,Long,LD0154,166.18000071361294
L02,Laten vs. Laden,Laten,Declarative non-final prefocus,Long,LD0155,263.9172617074361
L02,Laten vs. Laden,Laten,Interrogative final focus,Long,LD0156,219.74577234372217
L02,Laten vs. Laden,Laten,Interrogative final postfocus,Long,LD0157,257.7041598374543
L02,Laten vs. Laden,Laten,Interrogative non-final focus,Long,LD0158,185.04387398861988
L02,Laten vs. Laden,Laten,Interrogative non-final postfocus,Long,LD0159,201.0697533193184
L02,Laten vs. Laden,Laten,Interrogative non-final prefocus,Long,LD0160,170.49742090983577
L02,Swien vs. Swiien,Swien,Declarative final focus,Long,LD0161,113.30740290694341
L02,Swien vs. Swiien,Swien,Declarative final postfocus,Long,LD0162,162.4711886152308
L02,Swien vs. Swiien,Swien,Declarative non-final focus,Long,LD0163,107.88912017602148
L02,Swien vs. Swiien,Swien,Declarative non-final postfocus,Long,LD0164,134.78798377194568
L02,Swien vs. Swiien,Swien,Declarative non-final prefocus,Long,LD0165,228.84198358968732
L02,Swien vs. Swiien,Swien,Interrogative final focus,Long,LD0166,171.2561441214614
L02,Swien vs. Swiien,Swien,Interrogative final postfocus,Long,LD0167,152.30801512223735
L02,Swien vs. Swiien,Swien,Interrogative non-final focus,Long,LD0168,126.14804449221717
L02,Swien vs. Swiien,Swien,Interrogative non-final postfocus,Long,LD0169,215.56087296026493
L02,Swien vs. Swiien,Swien,Interrogative non-final prefocus,Long,LD0170,144.0088041869505
L02,Weken vs. Wegen,Weken,Declarative final focus,Long,LD0171,146.13421478286682
L02,Weken vs. Wegen,Weken,Declarative final postfocus,Long,LD0172,155.86190267233246
L02,Weken vs. Wegen,Weken,Declarative non-final focus,Long,LD0173,142.36322932627155
L02,Weken vs. Wegen,Weken,Declarative non-final postfocus,Long,LD0174,137.30992275315268
L02,Weken vs. Wegen,Weken,Declarative non-final prefocus,Long,LD0175,122.09327530212244
L02,Weken vs. Wegen,Weken,Interrogative final focus,Long,LD0176,138.9173494455995
L02,Weken vs. Wegen,Weken,Interrogative final postfocus,Long,LD0177,139.74209851370424
L02,Weken vs. Wegen,Weken,Interrogative non-final focus,Long,LD0178,196.25611700486388
L02,Weken vs. Wegen,Weken,Interrogative non-final postfocus,Long,LD0179,136.22658992146918
L02,Weken vs. Wegen,Weken,Interrogative non-final prefocus,Long,LD0180,197.37343187859824
L02,Siet vs. Sied,Sied,Declarative final focus,Overlong,LD0181,279.36809235221904
L02,Siet vs. Sied,Sied,Declarative final postfocus,Overlong,LD0182,271.8708275740842
L02,Siet vs. Sied,Sied,Declarative non-final focus,Overlong,LD0183,235.80606717149587
L02,Siet vs. Sied,Sied,Declarative non-final postfocus,Overlong,LD0184,191.47247772131126
L02,Siet vs. Sied,Sied,Declarative non-final prefocus,Overlong,LD0185,221.33790860444913
L02,Siet vs. Sied,Sied,Interrogative final focus,Overlong,LD0186,320.0238043502658
L02,Siet vs. Sied,Sied,Interrogative final postfocus,Overlong,LD0187,246.63886920477628
L02,Siet vs. Sied,Sied,Interrogative non-final focus,Overlong,LD0188,263.11732018033473
L02,Siet vs. Sied,Sied,Interrogative non-final postfocus,Overlong,LD0189,184.13840797603643
L02,Siet vs. Sied,Sied,Interrogative non-final prefocus,Overlong,LD0190,242.56093143206937
L02,Ries vs. Riez,Riez,Declarative final focus,Overlong,LD0191,331.02873644353446
L02,Ries vs. Riez,Riez,Declarative final postfocus,Overlong,LD0192,256.0534609766136
L02,Ries vs. Riez,Riez,Declarative non-final focus,Overlong,LD0193,260.0087844458967
L02,Ries vs. Riez,Riez,Declarative non-final postfocus,Overlong,LD0194,189.9700381892475
L02,Ries vs. Riez,Riez,Declarative non-final prefocus,Overlong,LD0195,234.6394111475104
L02,Ries vs. Riez,Riez,Interrogative final focus,Overlong,LD0196,315.7291230434022
L02,Ries vs. Riez,Riez,Interrogative final postfocus,Overlong,LD0197,296.40423444637554
L02,Ries vs. Riez,Riez,Interrogative non-final focus,Overlong,LD0198,305.78874374186546
L02,Ries vs. Riez,Riez,Interrogative non-final postfocus,Overlong,LD0199,279.9474710958142
L02,Ries vs. Riez,Riez,Interrogative non-final prefocus,Overlong,LD0200,295.11969211067935
L02,Rieten vs. Rieden,Rieden,Declarative final focus,Overlong,LD0201,244.7945133899334
L02,Rieten vs. Rieden,Rieden,Declarative final postfocus,Overlong,LD0202,338.67464700183757
L02,Rieten vs. Rieden,Rieden,Declarative non-final focus,Overlong,LD0203,214.64295301829785
L02,Rieten vs. Rieden,Rieden,Declarative non-final postfocus,Overlong,LD0204,214.9682451400514
L02,Rieten vs. Rieden,Rieden,Declarative non-final prefocus,Overlong,LD0205,238.52054692208924
L02,Rieten vs. Rieden,Rieden,Interrogative final focus,Overlong,LD0206,283.2795373379775
L02,Rieten vs. Rieden,Rieden,Interrogative final postfocus,Overlong,LD0207,196.05373340130882
L02,Rieten vs. Rieden,Rieden,Interrogative non-final focus,Overlong,LD0208,208.34570748647207
L02,Rieten vs. Rieden,Rieden,Interrogative non-final postfocus,Overlong,LD0209,199.763606575319
L02,Rieten vs. Rieden,Rieden,Interrogative non-final prefocus,Overlong,LD0210,222.64378115008932
L02,Laten vs. Laden,Laden,Declarative final focus,Overlong,LD0211,265.3227033987906
L02,Laten vs. Laden,Laden,Declarative final postfocus,Overlong,LD0212,233.46275312451414
L02,Laten vs. Laden,Laden,Declarative non-final focus,Overlong,LD0213,223.93941897143011
L02,Laten vs. Laden,Laden,Declarative non-final postfocus,Overlong,LD0214,229.08208921946428
L02,Laten vs. Laden,Laden,Declarative non-final prefocus,Overlong,LD0215,226.25529033438409
L02,Laten vs. Laden,Laden,Interrogative final focus,Overlong,LD0216,280.9617887126542
L02,Laten vs. Laden,Laden,Interrogative final postfocus,Overlong,LD0217,275.30595285233227
L02,Laten vs. Laden,Laden,Interrogative non-final focus,Overlong,LD0218,257.53550384256863
L02,Laten vs. Laden,Laden,Interrogative non-final postfocus,Overlong,LD0219,231.44397970656283
L02,Laten vs. Laden,Laden,Interrogative non-final prefocus,Overlong,LD0220,216.1013364453781
L02,Swien vs. Swiien,Swiien,Declarative final focus,Overlong,LD0221,228.97537371747978
L02,Swien vs. Swiien,Swiien,Declarative final postfocus,Overlong,LD0222,234.69091633702743
L02,Swien vs. Swiien,Swiien,Declarative non-final focus,Overlong,LD0223,197.76129123087816
L02,Swien vs. Swiien,Swiien,Declarative non-final postfocus,Overlong,LD0224,191.0853355460913
L02,Swien vs. Swiien,Swiien,Declarative non-final prefocus,Overlong,LD0225,237.0582192822892
L02,Swien vs. Swiien,Swiien,Interrogative final focus,Overlong,LD0226,305.3271000118587
L02,Swien vs. Swiien,Swiien,Interrogative final postfocus,Overlong,LD0227,277.0554024054532
L02,Swien vs. Swiien,Swiien,Interrogative non-final focus,Overlong,LD0228,260.21191934873144
L02,Swien vs. Swiien,Swiien,Interrogative non-final postfocus,Overlong,LD0229,200.0551395280512
L02,Swien vs. Swiien,Swiien,Interrogative non-final prefocus,Overlong,LD0230,267.9998698403875
L02,Weken vs. Wegen,Wegen,Declarative final focus,Overlong,LD0231,247.86757211799105
L02,Weken vs. Wegen,Wegen,Declarative final postfocus,Overlong,LD0232,184.8301990067105
L02,Weken vs. Wegen,Wegen,Declarative non-final focus,Overlong,LD0233,210.2087440563374
L02,Weken vs. Wegen,Wegen,Declarative non-final postfocus,Overlong,LD0234,244.82552647037025
L02,Weken vs. Wegen,Wegen,Declarative non-final prefocus,Overlong,LD0235,224.9914309513281
L02,Weken vs. Wegen,Wegen,Interrogative final focus,Overlong,LD0236,283.94893242526797
L02,Weken vs. Wegen,Wegen,Interrogative final postfocus,Overlong,LD0237,222.59698891267178
L02,Weken vs. Wegen,Wegen,Interrogative non-final focus,Overlong,LD0238,231.68257736758747
L02,Weken vs. Wegen,Wegen,Interrogative non-final postfocus,Overlong,LD0239,241.257833668977
L02,Weken vs. Wegen,Wegen,Interrogative non-final prefocus,Overlong,LD0240,247.38266483145887
L03,Siet vs. Sied,Siet,Declarative final focus,Long,LD0241,164.29378932299076
L03,Siet vs. Sied,Siet,Declarative final postfocus,Long,LD0242,185.03323261913084
L03,Siet vs. Sied,Siet,Declarative non-final focus,Long,LD0243,244.96061632962272
L03,Siet vs. Sied,Siet,Declarative non-final postfocus,Long,LD0244,223.2101717774553
L03,Siet vs. Sied,Siet,Declarative non-final prefocus,Long,LD0245,168.5702655905297
L03,Siet vs. Sied,Siet,Interrogative final focus,Long,LD0246,214.48690856482068
L03,Siet vs. Sied,Siet,Interrogative final postfocus,Long,LD0247,231.992851048215
L03,Siet vs. Sied,Siet,Interrogative non-final focus,Long,LD0248,179.9739015730364
L03,Siet vs. Sied,Siet,Interrogative non-final postfocus,Long,LD0249,177.9024599380683
L03,Siet vs. Sied,Siet,Interrogative non-final prefocus,Long,LD0250,117.99681759612557
L03,Ries vs. Riez,Ries,Declarative final focus,Long,LD0251,153.70155922463357
L03,Ries vs. Riez,Ries,Declarative final postfocus,Long,LD0252,172.8690961724939
L03,Ries vs. Riez,Ries,Declarative non-final focus,Long,LD0253,223.44169572070527
L03,Ries vs. Riez,Ries,Declarative non-final postfocus,Long,LD0254,141.7842879659803
L03,Ries vs. Riez,Ries,Declarative non-final prefocus,Long,LD0255,158.98415678618315
L03,Ries vs. Riez,Ries,Interrogative final focus,Long,LD0256,324.5802397611215
L03,Ries vs. Riez,Ries,Interrogative final postfocus,Long,LD0257,258.1068642837916
L03,Ries vs. Riez,Ries,Interrogative non-final focus,Long,LD0258,181.2120752625843
L03,Ries vs. Riez,Ries,Interrogative non-final postfocus,Long,LD0259,158.8559327914232
L03,Ries vs. Riez,Ries,Interrogative non-final prefocus,Long,LD0260,145.854331057512
L03,Rieten vs. Rieden,Rieten,Declarative final focus,Long,LD0261,182.01386427975575
L03,Rieten vs. Rieden,Rieten,Declarative final postfocus,Long,LD0262,163.77399764050105
L03,Rieten vs. Rieden,Rieten,Declarative non-final focus,Long,LD0263,169.4180617884049
L03,Rieten vs. Rieden,Rieten,Declarative non-final postfocus,Long,LD0264,157.1005438415667
L03,Rieten vs. Rieden,Rieten,Declarative non-final prefocus,Long,LD0265,172.69225003472744
L03,Rieten vs. Rieden,Rieten,Interrogative final focus,Long,LD0266,200.96132048581293
L03,Rieten vs. Rieden,Rieten,Interrogative final postfocus,Long,LD0267,134.08720104299388
L03,Rieten vs. Rieden,Rieten,Interrogative non-final focus,Long,LD0268,177.30325136810987
L03,Rieten vs. Rieden,Rieten,Interrogative non-final postfocus,Long,LD0269,211.78275199047025
L03,Rieten vs. Rieden,Rieten,Interrogative non-final prefocus,Long,LD0270,162.25495078486063
L03,Laten vs. Laden,Laten,Declarative final focus,Long,LD0271,250.4198063846672
L03,Laten vs. Laden,Laten,Declarative final postfocus,Long,LD0272,172.90227414515735
L03,Laten vs. Laden,Laten,Declarative non-final focus,Long,LD0273,224.8155378898451
L03,Laten vs. Laden,Laten,Declarative non-final postfocus,Long,LD0274,187.15407238217207
L03,Laten vs. Laden,Laten,Declarative non-final prefocus,Long,LD0275,213.19437137020492
L03,Laten vs. Laden,Laten,Interrogative final focus,Long,LD0276,222.15239088996842
L03,Laten vs. Laden,Laten,Interrogative final postfocus,Long,LD0277,193.0510956002136
L03,Laten vs. Laden,Laten,Interrogative non-final focus,Long,LD0278,230.63161797380727
L03,Laten vs. Laden,Laten,Interrogative non-final postfocus,Long,LD0279,159.65889901022211
L03,Laten vs. Laden,Laten,Interrogative non-final prefocus,Long,LD0280,149.79487007638937
L03,Swien vs. Swiien,Swien,Declarative final focus,Long,LD0281,223.98087798986265
L03,Swien vs. Swiien,Swien,Declarative final postfocus,Long,LD0282,208.06254488459476
L03,Swien vs. Swiien,Swien,Declarative non-final focus,Long,LD0283,86.92495220684626
L03,Swien vs. Swiien,Swien,Declarative non-final postfocus,Long,LD0284,128.47636436398324
L03,Swien vs. Swiien,Swien,Declarative non-final prefocus,Long,LD0285,169.28347965944533
L03,Swien vs. Swiien,Swien,Interrogative final focus,Long,LD0286,149.3493390796272
L03,Swien vs. Swiien,Swien,Interrogative final postfocus,Long,LD0287,269.3525771955363
L03,Swien vs. Swiien,Swien,Interrogative non-final focus,Long,LD0288,93.64887396786459
L03,Swien vs. Swiien,Swien,Interrogative non-final postfocus,Long,LD0289,90.31703662427937
L03,Swien vs. Swiien,Swien,Interrogative non-final prefocus,Long,LD0290,79.33006655946218
L03,Weken vs. Wegen,Weken,Declarative final focus,Long,LD0291,172.0264218579708
L03,Weken vs. Wegen,Weken,Declarative final postfocus,Long,LD0292,183.15317983043533
L03,Weken vs. Wegen,Weken,Declarative non-final focus,Long,LD0293,188.87277560410487
L03,Weken vs. Wegen,Weken,Declarative non-final postfocus,Long,LD0294,128.18672868637626
L03,Weken vs. Wegen,Weken,Declarative non-final prefocus,Long,LD0295,178.33478829266357
L03,Weken vs. Wegen,Weken,Interrogative final focus,Long,LD0296,178.13850237498042
L03,Weken vs. Wegen,Weken,Interrogative final postfocus,Long,LD0297,138.06351072478563
L03,Weken vs. Wegen,Weken,Interrogative non-final focus,Long,LD0298,201.62523917960294
L03,Weken vs. Wegen,Weken,Interrogative non-final postfocus,Long,LD0299,131.53588700755202
L03,Weken vs. Wegen,Weken,Interrogative non-final prefocus,Long,LD0300,229.61687711144353
L03,Siet vs. Sied,Sied,Declarative final focus,Overlong,LD0301,343.87969329956667
L03,Siet vs. Sied,Sied,Declarative final postfocus,Overlong,LD0302,345.9659189850073
L03,Siet vs. Sied,Sied,Declarative non-final focus,Overlong,LD0303,372.33007743845815
L03,Siet vs. Sied,Sied,Declarative non-final postfocus,Overlong,LD0304,328.35957225919054
L03,Siet vs. Sied,Sied,Declarative non-final prefocus,Overlong,LD0305,136.99303064300295
L03,Siet vs. Sied,Sied,Interrogative final focus,Overlong,LD0306,359.99521736619664
L03,Siet vs. Sied,Sied,Interrogative final postfocus,Overlong,LD0307,377.7944725402751
L03,Siet vs. Sied,Sied,Interrogative non-final focus,Overlong,LD0308,232.1878187041222
L03,Siet vs. Sied,Sied,Interrogative non-final postfocus,Overlong,LD0309,280.9574587561243
L03,Siet vs. Sied,Sied,Interrogative non-final prefocus,Overlong,LD0310,388.9568851728069
L03,Ries vs. Riez,Riez,Declarative final focus,Overlong,LD0311,317.0671345577336
L03,Ries vs. Riez,Riez,Declarative final postfocus,Overlong,LD0312,248.1332544230832
L03,Ries vs. Riez,Riez,Declarative non-final focus,Overlong,LD0313,262.86228334847885
L03,Ries vs. Riez,Riez,Declarative non-final postfocus,Overlong,LD0314,246.4702486022725
L03,Ries vs. Riez,Riez,Declarative non-final prefocus,Overlong,LD0315,291.22700210786024
L03,Ries vs. Riez,Riez,Interrogative final focus,Overlong,LD0316,383.5143451163526
L03,Ries vs. Riez,Riez,Interrogative final postfocus,Overlong,LD0317,341.56457797833207
L03,Ries vs. Riez,Riez,Interrogative non-final focus,Overlong,LD0318,307.6098722323832
L03,Ries vs. Riez,Riez,Interrogative non-final postfocus,Overlong,LD0319,215.25883694774217
L03,Ries vs. Riez,Riez,Interrogative non-final prefocus,Overlong,LD0320,267.0452127357146
L03,Rieten vs. Rieden,Rieden,Declarative final focus,Overlong,LD0321,320.5552461363763
L03,Rieten vs. Rieden,Rieden,Declarative final postfocus,Overlong,LD0322,258.94728497304163
L03,Rieten vs. Rieden,Rieden,Declarative non-final focus,Overlong,LD0323,190.0461938237241
L03,Rieten vs. Rieden,Rieden,Declarative non-final postfocus,Overlong,LD0324,171.57536304651978
L03,Rieten vs. Rieden,Rieden,Declarative non-final prefocus,Overlong,LD0325,225.93152469573164
L03,Rieten vs. Rieden,Rieden,Interrogative final focus,Overlong,LD0326,250.13788076198452
L03,Rieten vs. Rieden,Rieden,Interrogative final postfocus,Overlong,LD0327,246.19448648377906
L03,Rieten vs. Rieden,Rieden,Interrogative non-final focus,Overlong,LD0328,167.30277419754879
L03,Rieten vs. Rieden,Rieden,Interrogative non-final postfocus,Overlong,LD0329,272.7248583698394
L03,Rieten vs. Rieden,Rieden,Interrogative non-final prefocus,Overlong,LD0330,197.81748497612062
L03,Laten vs. Laden,Laden,Declarative final focus,Overlong,LD0331,295.44405796066565
L03,Laten vs. Laden,Laden,Declarative final postfocus,Overlong,LD0332,262.23855430645847
L03,Laten vs. Laden,Laden,Declarative non-final focus,Overlong,LD0333,289.2225324098183
L03,Laten vs. Laden,Laden,Declarative non-final postfocus,Overlong,LD0334,275.33382761206093
L03,Laten vs. Laden,Laden,Declarative non-final prefocus,Overlong,LD0335,249.43583164902262
L03,Laten vs. Laden,Laden,Interrogative final focus,Overlong,LD0336,261.72314594492263
L03,Laten vs. Laden,Laden,Interrogative final postfocus,Overlong,LD0337,216.5026588251937
L03,Laten vs. Laden,Laden,Interrogative non-final focus,Overlong,LD0338,265.2126603046589
L03,Laten vs. Laden,Laden,Interrogative non-final postfocus,Overlong,LD0339,262.17504030321527
L03,Laten vs. Laden,Laden,Interrogative non-final prefocus,Overlong,LD0340,284.658782149652
L03,Swien vs. Swiien,Swiien,Declarative final focus,Overlong,LD0341,256.8980552973996
L03,Swien vs. Swiien,Swiien,Declarative final postfocus,Overlong,LD0342,342.6655112902952
L03,Swien vs. Swiien,Swiien,Declarative non-final focus,Overlong,LD0343,282.3947650999534
L03,Swien vs. Swiien,Swiien,Declarative non-final postfocus,Overlong,LD0344,216.92744909095342
L03,Swien vs. Swiien,Swiien,Declarative non-final prefocus,Overlong,LD0345,264.44388968009116
L03,Swien vs. Swiien,Swiien,Interrogative final focus,Overlong,LD0346,199.72821584883314
L03,Swien vs. Swiien,Swiien,Interrogative final postfocus,Overlong,LD0347,204.57681026591823
L03,Swien vs. Swiien,Swiien,Interrogative non-final focus,Overlong,LD0348,184.18273893221658
L03,Swien vs. Swiien,Swiien,Interrogative non-final postfocus,Overlong,LD0349,208.83882714645807
L03,Swien vs. Swiien,Swiien,Interrogative non-final prefocus,Overlong,LD0350,198.39226876366388
L03,Weken vs. Wegen,Wegen,Declarative final focus,Overlong,LD0351,248.69815825456686
L03,Weken vs. Wegen,Wegen,Declarative final postfocus,Overlong,LD0352,232.11624284811316
L03,Weken vs. Wegen,Wegen,Declarative non-final focus,Overlong,LD0353,237.7137522879984
L03,Weken vs. Wegen,Wegen,Declarative non-final postfocus,Overlong,LD0354,171.60024409232855
L03,Weken vs. Wegen,Wegen,Declarative non-final prefocus,Overlong,LD0355,200.23187830619116
L03,Weken vs. Wegen,Wegen,Interrogative final focus,Overlong,LD0356,256.2828306727628
L03,Weken vs. Wegen,Wegen,Interrogative final postfocus,Overlong,LD0357,263.3854664938393
L03,Weken vs. Wegen,Wegen,Interrogative non-final focus,Overlong,LD0358,195.03561947888582
L03,Weken vs. Wegen,Wegen,Interrogative non-final postfocus,Overlong,LD0359,197.49158996060868
L03,Weken vs. Wegen,Wegen,Interrogative non-final prefocus,Overlong,LD0360,219.53195382734214
L04,Siet vs. Sied,Siet,Declarative final focus,Long,LD0361,189.43278263686426
L04,Siet vs. Sied,Siet,Declarative final postfocus,Long,LD0362,164.36629352595756
L04,Siet vs. Sied,Siet,Declarative non-final focus,Long,LD0363,170.32380984233686
L04,Siet vs. Sied,Siet,Declarative non-final postfocus,Long,LD0364,150.63790725661218
L04,Siet vs. Sied,Siet,Declarative non-final prefocus,Long,LD0365,151.8323765149625
L04,Siet vs. Sied,Siet,Interrogative final focus,Long,LD0366,249.93025305898752
L04,Siet vs. Sied,Siet,Interrogative final postfocus,Long,LD0367,220.379674435639
L04,Siet vs. Sied,Siet,Interrogative non-final focus,Long,LD0368,187.39459613632692
L04,Siet vs. Sied,Siet,Interrogative non-final postfocus,Long,LD0369,183.93434202790937
L04,Siet vs. Sied,Siet,Interrogative non-final prefocus,Long,LD0370,138.27585868402193
L04,Ries vs. Riez,Ries,Declarative final focus,Long,LD0371,166.47649151050524
L04,Ries vs. Riez,Ries,Declarative final postfocus,Long,LD0372,145.18727279271525
L04,Ries vs. Riez,Ries,Declarative non-final focus,Long,LD0373,123.77171828815914
L04,Ries vs. Riez,Ries,Declarative non-final postfocus,Long,LD0374,114.86336109665562
L04,Ries vs. Riez,Ries,Declarative non-final prefocus,Long,LD0375,127.95808332042536
L04,Ries vs. Riez,Ries,Interrogative final focus,Long,LD0376,226.13239310784604
L04,Ries vs. Riez,Ries,Interrogative final postfocus,Long,LD0377,184.29145047481944
L04,Ries vs. Riez,Ries,Interrogative non-final focus,Long,LD0378,152.17021200014403
L04,Ries vs. Riez,Ries,Interrogative non-final postfocus,Long,LD0379,105.86247000753724
L04,Ries vs. Riez,Ries,Interrogative non-final prefocus,Long,LD0380,129.6698780821941
L04,Rieten vs. Rieden,Rieten,Declarative final focus,Long,LD0381,144.8986354405073
L04,Rieten vs. Rieden,Rieten,Declarative final postfocus,Long,LD0382,119.6619731790578
L04,Rieten vs. Rieden,Rieten,Declarative non-final focus,Long,LD0383,95.99709728281158
L04,Rieten vs. Rieden,Rieten,Declarative non-final postfocus,Long,LD0384,94.41669892889415
L04,Rieten vs. Rieden,Rieten,Declarative non-final prefocus,Long,LD0385,88.86197388312044
L04,Rieten vs. Rieden,Rieten,Interrogative final focus,Long,LD0386,170.74272044032335
L04,Rieten vs. Rieden,Rieten,Interrogative final postfocus,Long,LD0387,104.98783996581163
L04,Rieten vs. Rieden,Rieten,Interrogative non-final focus,Long,LD0388,123.71859227561998
L04,Rieten vs. Rieden,Rieten,Interrogative non-final postfocus,Long,LD0389,98.00279215911978
L04,Rieten vs. Rieden,Rieten,Interrogative non-final prefocus,Long,LD0390,99.46975855331652
L04,Laten vs. Laden,Laten,Declarative final focus,Long,LD0391,205.5500434370221
L04,Laten vs. Laden,Laten,Declarative final postfocus,Long,LD0392,218.8227814313537
L04,Laten vs. Laden,Laten,Declarative non-final focus,Long,LD0393,198.2563637673127
L04,Laten vs. Laden,Laten,Declarative non-final postfocus,Long,LD0394,158.25668066269571
L04,Laten vs. Laden,Laten,Declarative non-final prefocus,Long,LD0395,177.67057210916158
L04,Laten vs. Laden,Laten,Interrogative final focus,Long,LD0396,194.98379715522574
L04,Laten vs. Laden,Laten,Interrogative final postfocus,Long,LD0397,141.31008546669366
L04,Laten vs. Laden,Laten,Interrogative non-final focus,Long,LD0398,258.7828597787703
L04,Laten vs. Laden,Laten,Interrogative non-final postfocus,Long,LD0399,231.50570587466413
L04,Laten vs. Laden,Laten,Interrogative non-final prefocus,Long,LD0400,202.42150600850007
L04,Swien vs. Swiien,Swien,Declarative final focus,Long,LD0401,102.29713722911016
L04,Swien vs. Swiien,Swien,Declarative final postfocus,Long,LD0402,87.44004345364887
L04,Swien vs. Swiien,Swien,Declarative non-final focus,Long,LD0403,85.56184782715404
L04,Swien vs. Swiien,Swien,Declarative non-final postfocus,Long,LD0404,79.83786692451366
L04,Swien vs. Swiien,Swien,Declarative non-final prefocus,Long,LD0405,77.84533891075817
L04,Swien vs. Swiien,Swien,Interrogative final focus,Long,LD0406,104.81701397033916
L04,Swien vs. Swiien,Swien,Interrogative final postfocus,Long,LD0407,115.99767958855534
L04,Swien vs. Swiien,Swien,Interrogative non-final focus,Long,LD0408,128.80146011396
L04,Swien vs. Swiien,Swien,Interrogative non-final postfocus,Long,LD0409,77.27157576148281
L04,Swien vs. Swiien,Swien,Interrogative non-final prefocus,Long,LD0410,76.26967629786618
L04,Weken vs. Wegen,Weken,Declarative final focus,Long,LD0411,225.05060888552953
L04,Weken vs. Wegen,Weken,Declarative final postfocus,Long,LD0412,121.3380512259159
L04,Weken vs. Wegen,Weken,Declarative non-final focus,Long,LD0413,157.13863715200205
L04,Weken vs. Wegen,Weken,Declarative non-final postfocus,Long,LD0414,100.22156017678552
L04,Weken vs. Wegen,Weken,Declarative non-final prefocus,Long,LD0415,153.73353060388783
L04,Weken vs. Wegen,Weken,Interrogative final focus,Long,LD0416,139.0621170143781
L04,Weken vs. Wegen,Weken,Interrogative final postfocus,Long,LD0417,150.52212751639394
L04,Weken vs. Wegen,Weken,Interrogative non-final focus,Long,LD0418,128.34238683127575
L04,Weken vs. Wegen,Weken,Interrogative non-final postfocus,Long,LD0419,129.35303287981847
L04,Weken vs. Wegen,Weken,Interrogative non-final prefocus,Long,LD0420,181.34957156941167
L04,Siet vs. Sied,Sied,Declarative final focus,Overlong,LD0421,319.1399942474531
L04,Siet vs. Sied,Sied,Declarative final postfocus,Overlong,LD0422,260.3849227092214
L04,Siet vs. Sied,Sied,Declarative non-final focus,Overlong,LD0423,288.5637067673137
L04,Siet vs. Sied,Sied,Declarative non-final postfocus,Overlong,LD0424,237.56931008923354
L04,Siet vs. Sied,Sied,Declarative non-final prefocus,Overlong,LD0425,244.84918882331286
L04,Siet vs. Sied,Sied,Interrogative final focus,Overlong,LD0426,366.4090723255715
L04,Siet vs. Sied,Sied,Interrogative final postfocus,Overlong,LD0427,328.4868178380034
L04,Siet vs. Sied,Sied,Interrogative non-final focus,Overlong,LD0428,315.7023128852127
L04,Siet vs. Sied,Sied,Interrogative non-final postfocus,Overlong,LD0429,260.7312512970352
L04,Siet vs. Sied,Sied,Interrogative non-final prefocus,Overlong,LD0430,284.33423843005346
L04,Ries vs. Riez,Riez,Declarative final focus,Overlong,LD0431,203.8895168323741
L04,Ries vs. Riez,Riez,Declarative final postfocus,Overlong,LD0432,219.99532904934128
L04,Ries vs. Riez,Riez,Declarative non-final focus,Overlong,LD0433,219.3944952249096
L04,Ries vs. Riez,Riez,Declarative non-final postfocus,Overlong,LD0434,180.47486708586712
L04,Ries vs. Riez,Riez,Declarative non-final prefocus,Overlong,LD0435,162.17451112169556
L04,Ries vs. Riez,Riez,Interrogative final focus,Overlong,LD0436,285.79848627578764
L04,Ries vs. Riez,Riez,Interrogative final postfocus,Overlong,LD0437,270.3782367416903
L04,Ries vs. Riez,Riez,Interrogative non-final focus,Overlong,LD0438,202.7072164085152
L04,Ries vs. Riez,Riez,Interrogative non-final postfocus,Overlong,LD0439,173.34492405347513
L04,Ries vs. Riez,Riez,Interrogative non-final prefocus,Overlong,LD0440,195.56247031546005
L04,Rieten vs. Rieden,Rieden,Declarative final focus,Overlong,LD0441,187.2586505728735
L04,Rieten vs. Rieden,Rieden,Declarative final postfocus,Overlong,LD0442,163.57723670444202
L04,Rieten vs. Rieden,Rieden,Declarative non-final focus,Overlong,LD0443,144.3577706662802
L04,Rieten vs. Rieden,Rieden,Declarative non-final postfocus,Overlong,LD0444,150.32679978735962
L04,Rieten vs. Rieden,Rieden,Declarative non-final prefocus,Overlong,LD0445,116.6567236599122
L04,Rieten vs. Rieden,Rieden,Interrogative final focus,Overlong,LD0446,245.8017132779038
L04,Rieten vs. Rieden,Rieden,Interrogative final postfocus,Overlong,LD0447,170.22986470672475
L04,Rieten vs. Rieden,Rieden,Interrogative non-final focus,Overlong,LD0448,175.15139359407917
L04,Rieten vs. Rieden,Rieden,Interrogative non-final postfocus,Overlong,LD0449,167.57087418793736
L04,Rieten vs. Rieden,Rieden,Interrogative non-final prefocus,Overlong,LD0450,166.5610721900701
L04,Laten vs. Laden,Laden,Declarative final focus,Overlong,LD0451,289.99105258427494
L04,Laten vs. Laden,Laden,Declarative final postfocus,Overlong,LD0452,217.6444031270982
L04,Laten vs. Laden,Laden,Declarative non-final focus,Overlong,LD0453,201.3421174363319
L04,Laten vs. Laden,Laden,Declarative non-final postfocus,Overlong,LD0454,170.70668054483562
L04,Laten vs. Laden,Laden,Declarative non-final prefocus,Overlong,LD0455,164.4069064470346
L04,Laten vs. Laden,Laden,Interrogative final focus,Overlong,LD0456,265.6740518604233
L04,Laten vs. Laden,Laden,Interrogative final postfocus,Overlong,LD0457,246.3765294045047
L04,Laten vs. Laden,Laden,Interrogative non-final focus,Overlong,LD0458,213.75042203198856
L04,Laten vs. Laden,Laden,Interrogative non-final postfocus,Overlong,LD0459,225.74403363695384
L04,Laten vs. Laden,Laden,Interrogative non-final prefocus,Overlong,LD0460,226.20204453417736
L04,Swien vs. Swiien,Swiien,Declarative final focus,Overlong,LD0461,185.0243916109706
L04,Swien vs. Swiien,Swiien,Declarative final postfocus,Overlong,LD0462,203.59893318071244
L04,Swien vs. Swiien,Swiien,Declarative non-final focus,Overlong,LD0463,289.11882622324646
L04,Swien vs. Swiien,Swiien,Declarative non-final postfocus,Overlong,LD0464,176.12353740996056
L04,Swien vs. Swiien,Swiien,Declarative non-final prefocus,Overlong,LD0465,211.9078554823637
L04,Swien vs. Swiien,Swiien,Interrogative final focus,Overlong,LD0466,300.20547226656566
L04,Swien vs. Swiien,Swiien,Interrogative final postfocus,Overlong,LD0467,268.0305751065251
L04,Swien vs. Swiien,Swiien,Interrogative non-final focus,Overlong,LD0468,311.77506951514533
L04,Swien vs. Swiien,Swiien,Interrogative non-final postfocus,Overlong,LD0469,226.82293053527292
L04,Swien vs. Swiien,Swiien,Interrogative non-final prefocus,Overlong,LD0470,220.01440812313123
L04,Weken vs. Wegen,Wegen,Declarative final focus,Overlong,LD0471,222.11926383484303
L04,Weken vs. Wegen,Wegen,Declarative final postfocus,Overlong,LD0472,198.43417522649187
L04,Weken vs. Wegen,Wegen,Declarative non-final focus,Overlong,LD0473,170.28883615268654
L04,Weken vs. Wegen,Wegen,Declarative non-final postfocus,Overlong,LD0474,229.10007727460658
L04,Weken vs. Wegen,Wegen,Declarative non-final prefocus,Overlong,LD0475,176.58104713848877
L04,Weken vs. Wegen,Wegen,Interrogative final focus,Overlong,LD0476,243.20498199041907
L04,Weken vs. Wegen,Wegen,Interrogative final postfocus,Overlong,LD0477,222.3776310511526
L04,Weken vs. Wegen,Wegen,Interrogative non-final focus,Overlong,LD0478,225.4075464119305
L04,Weken vs. Wegen,Wegen,Interrogative non-final postfocus,Overlong,LD0479,216.83142594796735
L04,Weken vs. Wegen,Wegen,Interrogative non-final prefocus,Overlong,LD0480,217.42402553099217
L05,Siet vs. Sied,Siet,Declarative final focus,Long,LD0481,187.69385522977933
L05,Siet vs. Sied,Siet,Declarative final postfocus,Long,LD0482,171.42009478818588
L05,Siet vs. Sied,Siet,Declarative non-final focus,Long,LD0483,208.4282228708767
L05,Siet vs. Sied,Siet,Declarative non-final postfocus,Long,LD0484,155.89489370118946
L05,Siet vs. Sied,Siet,Declarative non-final prefocus,Long,LD0485,101.63771553287648
L05,Siet vs. Sied,Siet,Interrogative final focus,Long,LD0486,188.47482628434875
L05,Siet vs. Sied,Siet,Interrogative final postfocus,Long,LD0487,243.06950183455945
L05,Siet vs. Sied,Siet,Interrogative non-final focus,Long,LD0488,201.50325880199927
L05,Siet vs. Sied,Siet,Interrogative non-final postfocus,Long,LD0489,83.20449782508588
L05,Siet vs. Sied,Siet,Interrogative non-final prefocus,Long,LD0490,106.2961267764081
L05,Ries vs. Riez,Ries,Declarative final focus,Long,LD0491,162.5711603740081
L05,Ries vs. Riez,Ries,Declarative final postfocus,Long,LD0492,176.19219262978982
L05,Ries vs. Riez,Ries,Declarative non-final focus,Long,LD0493,153.86192352979845
L05,Ries vs. Riez,Ries,Declarative non-final postfocus,Long,LD0494,172.22022927690705
L05,Ries vs. Riez,Ries,Declarative non-final prefocus,Long,LD0495,151.60651431956018
L05,Ries vs. Riez,Ries,Interrogative final focus,Long,LD0496,199.44746242432709
L05,Ries vs. Riez,Ries,Interrogative final postfocus,Long,LD0497,237.8954669277864
L05,Ries vs. Riez,Ries,Interrogative non-final focus,Long,LD0498,133.4602645627907
L05,Ries vs. Riez,Ries,Interrogative non-final postfocus,Long,LD0499,141.40433626553795
L05,Ries vs. Riez,Ries,Interrogative non-final prefocus,Long,LD0500,81.96880426709075
L05,Rieten vs. Rieden,Rieten,Declarative final focus,Long,LD0501,138.25814346692812
L05,Rieten vs. Rieden,Rieten,Declarative final postfocus,Long,LD0502,147.66599073076668
L05,Rieten vs. Rieden,Rieten,Declarative non-final focus,Long,LD0503,116.48233755193371
L05,Rieten vs. Rieden,Rieten,Declarative non-final postfocus,Long,LD0504,147.9988710905149
L05,Rieten vs. Rieden,Rieten,Declarative non-final prefocus,Long,LD0505,165.91419780649042
L05,Rieten vs. Rieden,Rieten,Interrogative final focus,Long,LD0506,150.66440189932328
L05,Rieten vs. Rieden,Rieten,Interrogative final postfocus,Long,LD0507,126.60347936745131
L05,Rieten vs. Rieden,Rieten,Interrogative non-final focus,Long,LD0508,139.31371988617934
L05,Rieten vs. Rieden,Rieten,Interrogative non-final postfocus,Long,LD0509,140.61691718963854
L05,Rieten vs. Rieden,Rieten,Interrogative non-final prefocus,Long,LD0510,127.80694206220544
L05,Laten vs. Laden,Laten,Declarative final focus,Long,LD0511,161.95668930534214
L05,Laten vs. Laden,Laten,Declarative final postfocus,Long,LD0512,134.35735500408086
L05,Laten vs. Laden,Laten,Declarative non-final focus,Long,LD0513,135.0266801629303
L05,Laten vs. Laden,Laten,Declarative non-final postfocus,Long,LD0514,157.20286352247516
L05,Laten vs. Laden,Laten,Declarative non-final prefocus,Long,LD0515,158.71027449398946
L05,Laten vs. Laden,Laten,Interrogative final focus,Long,LD0516,176.88039881770345
L05,Laten vs. Laden,Laten,Interrogative final postfocus,Long,LD0517,140.09170063927766
L05,Laten vs. Laden,Laten,Interrogative non-final focus,Long,LD0518,146.30877662153608
L05,Laten vs. Laden,Laten,Interrogative non-final postfocus,Long,LD0519,129.5167172587308
L05,Laten vs. Laden,Laten,Interrogative non-final prefocus,Long,LD0520,106.96174396143365
L05,Swien vs. Swiien,Swien,Declarative final focus,Long,LD0521,175.22130779437538
L05,Swien vs. Swiien,Swien,Declarative final postfocus,Long,LD0522,119.69722262457627
L05,Swien vs. Swiien,Swien,Declarative non-final focus,Long,LD0523,113.27625592682156
L05,Swien vs. Swiien,Swien,Declarative non-final postfocus,Long,LD0524,112.26673015022315
L05,Swien vs. Swiien,Swien,Declarative non-final prefocus,Long,LD0525,115.37420359402884
L05,Swien vs. Swiien,Swien,Interrogative final focus,Long,LD0526,117.50499673259263
L05,Swien vs. Swiien,Swien,Interrogative final postfocus,Long,LD0527,155.67906569889968
L05,Swien vs. Swiien,Swien,Interrogative non-final focus,Long,LD0528,131.6888578162133
L05,Swien vs. Swiien,Swien,Interrogative non-final postfocus,Long,LD0529,104.70208079067645
L05,Swien vs. Swiien,Swien,Interrogative non-final prefocus,Long,LD0530,120.60010228951434
L05,Weken vs. Wegen,Weken,Declarative final focus,Long,LD0531,144.8958950601218
L05,Weken vs. Wegen,Weken,Declarative final postfocus,Long,LD0532,103.29960547838147
L05,Weken vs. Wegen,Weken,Declarative non-final focus,Long,LD0533,116.85593385651049
L05,Weken vs. Wegen,Weken,Declarative non-final postfocus,Long,LD0534,101.47823499438347
L05,Weken vs. Wegen,Weken,Declarative non-final prefocus,Long,LD0535,148.58669259247148
L05,Weken vs. Wegen,Weken,Interrogative final focus,Long,LD0536,134.19683562111916
L05,Weken vs. Wegen,Weken,Interrogative final postfocus,Long,LD0537,137.65175817343922
L05,Weken vs. Wegen,Weken,Interrogative non-final focus,Long,LD0538,128.1241074714675
L05,Weken vs. Wegen,Weken,Interrogative non-final postfocus,Long,LD0539,185.58240157613625
L05,Weken vs. Wegen,Weken,Interrogative non-final prefocus,Long,LD0540,126.81141297053644
L05,Siet vs. Sied,Sied,Declarative final focus,Overlong,LD0541,327.93119551189886
L05,Siet vs. Sied,Sied,Declarative final postfocus,Overlong,LD0542,208.56993923818857
L05,Siet vs. Sied,Sied,Declarative non-final focus,Overlong,LD0543,334.0789921896778
L05,Siet vs. Sied,Sied,Declarative non-final postfocus,Overlong,LD0544,263.2007854749925
L05,Siet vs. Sied,Sied,Declarative non-final prefocus,Overlong,LD0545,148.81768740050083
L05,Siet vs. Sied,Sied,Interrogative final focus,Overlong,LD0546,302.6112842935147
L05,Siet vs. Sied,Sied,Interrogative final postfocus,Overlong,LD0547,305.18413967913483
L05,Siet vs. Sied,Sied,Interrogative non-final focus,Overlong,LD0548,192.20935398541016
L05,Siet vs. Sied,Sied,Interrogative non-final postfocus,Overlong,LD0549,323.4183521439742
L05,Siet vs. Sied,Sied,Interrogative non-final prefocus,Overlong,LD0550,269.6094082082747
L05,Ries vs. Riez,Riez,Declarative final focus,Overlong,LD0551,223.2922459658775
L05,Ries vs. Riez,Riez,Declarative final postfocus,Overlong,LD0552,217.3092507827663
L05,Ries vs. Riez,Riez,Declarative non-final focus,Overlong,LD0553,181.98850355764452
L05,Ries vs. Riez,Riez,Declarative non-final postfocus,Overlong,LD0554,116.682137535018
L05,Ries vs. Riez,Riez,Declarative non-final prefocus,Overlong,LD0555,146.93336687037984
L05,Ries vs. Riez,Riez,Interrogative final focus,Overlong,LD0556,268.63337380815113
L05,Ries vs. Riez,Riez,Interrogative final postfocus,Overlong,LD0557,281.45557121395217
L05,Ries vs. Riez,Riez,Interrogative non-final focus,Overlong,LD0558,180.6452601368861
L05,Ries vs. Riez,Riez,Interrogative non-final postfocus,Overlong,LD0559,194.28409691320226
L05,Ries vs. Riez,Riez,Interrogative non-final prefocus,Overlong,LD0560,168.63147279195235
L05,Rieten vs. Rieden,Rieden,Declarative final focus,Overlong,LD0561,117.92442837811646
L05,Rieten vs. Rieden,Rieden,Declarative final postfocus,Overlong,LD0562,250.57568481974556
L05,Rieten vs. Rieden,Rieden,Declarative non-final focus,Overlong,LD0563,174.41246713009662
L05,Rieten vs. Rieden,Rieden,Declarative non-final postfocus,Overlong,LD0564,147.1188134064032
L05,Rieten vs. Rieden,Rieden,Declarative non-final prefocus,Overlong,LD0565,160.48024589586075
L05,Rieten vs. Rieden,Rieden,Interrogative final focus,Overlong,LD0566,158.8948598231894
L05,Rieten vs. Rieden,Rieden,Interrogative final postfocus,Overlong,LD0567,186.17932734076382
L05,Rieten vs. Rieden,Rieden,Interrogative non-final focus,Overlong,LD0568,184.2102257833378
L05,Rieten vs. Rieden,Rieden,Interrogative non-final postfocus,Overlong,LD0569,180.8594614118546
L05,Rieten vs. Rieden,Rieden,Interrogative non-final prefocus,Overlong,LD0570,175.21071016596235
L05,Laten vs. Laden,Laden,Declarative final focus,Overlong,LD0571,241.73166487886056
L05,Laten vs. Laden,Laden,Declarative final postfocus,Overlong,LD0572,190.2591511332805
L05,Laten vs. Laden,Laden,Declarative non-final focus,Overlong,LD0573,183.26816120792432
L05,Laten vs. Laden,Laden,Declarative non-final postfocus,Overlong,LD0574,165.32458212365086
L05,Laten vs. Laden,Laden,Declarative non-final prefocus,Overlong,LD0575,171.74789321775873
L05,Laten vs. Laden,Laden,Interrogative final focus,Overlong,LD0576,256.5789183632121
L05,Laten vs. Laden,Laden,Interrogative final postfocus,Overlong,LD0577,174.9713185914026
L05,Laten vs. Laden,Laden,Interrogative non-final focus,Overlong,LD0578,171.48809582596124
L05,Laten vs. Laden,Laden,Interrogative non-final postfocus,Overlong,LD0579,180.63344246547297
L05,Laten vs. Laden,Laden,Interrogative non-final prefocus,Overlong,LD0580,163.22373984462013
L05,Swien vs. Swiien,Swiien,Declarative final focus,Overlong,LD0581,210.95751554466767
L05,Swien vs. Swiien,Swiien,Declarative final postfocus,Overlong,LD0582,182.51154316853447
L05,Swien vs. Swiien,Swiien,Declarative non-final focus,Overlong,LD0583,136.70067484878933
L05,Swien vs. Swiien,Swiien,Declarative non-final postfocus,Overlong,LD0584,127.99097924998004
L05,Swien vs. Swiien,Swiien,Declarative non-final prefocus,Overlong,LD0585,174.10867642305817
L05,Swien vs. Swiien,Swiien,Interrogative final focus,Overlong,LD0586,258.05717987598763
L05,Swien vs. Swiien,Swiien,Interrogative final postfocus,Overlong,LD0587,210.65563863057045
L05,Swien vs. Swiien,Swiien,Interrogative non-final focus,Overlong,LD0588,144.4137627733547
L05,Swien vs. Swiien,Swiien,Interrogative non-final postfocus,Overlong,LD0589,206.06600747413094
L05,Swien vs. Swiien,Swiien,Interrogative non-final prefocus,Overlong,LD0590,198.67682585164127
L05,Weken vs. Wegen,Wegen,Declarative final focus,Overlong,LD0591,206.43854803933027
L05,Weken vs. Wegen,Wegen,Declarative final postfocus,Overlong,LD0592,220.9792118944667
L05,Weken vs. Wegen,Wegen,Declarative non-final focus,Overlong,LD0593,155.85709628727517
L05,Weken vs. Wegen,Wegen,Declarative non-final postfocus,Overlong,LD0594,166.608043437402
L05,Weken vs. Wegen,Wegen,Declarative non-final prefocus,Overlong,LD0595,202.41058803552602
L05,Weken vs. Wegen,Wegen,Interrogative final focus,Overlong,LD0596,224.56470297021514
L05,Weken vs. Wegen,Wegen,Interrogative final postfocus,Overlong,LD0597,199.34067277819588
L05,Weken vs. Wegen,Wegen,Interrogative non-final focus,Overlong,LD0598,174.05116694516832
L05,Weken vs. Wegen,Wegen,Interrogative non-final postfocus,Overlong,LD0599,172.59311987033675
L05,Weken vs. Wegen,Wegen,Interrogative non-final prefocus,Overlong,LD0600,165.66004610386997
L06,Siet vs. Sied,Siet,Declarative final focus,Long,LD0601,196.00457284512606
L06,Siet vs. Sied,Siet,Declarative final postfocus,Long,LD0602,174.42457187045113
L06,Siet vs. Sied,Siet,Declarative non-final focus,Long,LD0603,180.70248254583453
L06,Siet vs. Sied,Siet,Declarative non-final postfocus,Long,LD0604,141.92000899079082
L06,Siet vs. Sied,Siet,Declarative non-final prefocus,Long,LD0605,128.5689196093931
L06,Siet vs. Sied,Siet,Interrogative final focus,Long,LD0606,211.1908786714618
L06,Siet vs. Sied,Siet,Interrogative final postfocus,Long,LD0607,182.53904161671787
L06,Siet vs. Sied,Siet,Interrogative non-final focus,Long,LD0608,172.01934082408755
L06,Siet vs. Sied,Siet,Interrogative non-final postfocus,Long,LD0609,154.0367762399817
L06,Siet vs. Sied,Siet,Interrogative non-final prefocus,Long,LD0610,133.6851352334073
L06,Ries vs. Riez,Ries,Declarative final focus,Long,LD0611,182.92362929989815
L06,Ries vs. Riez,Ries,Declarative final postfocus,Long,LD0612,142.77342050180408
L06,Ries vs. Riez,Ries,Declarative non-final focus,Long,LD0613,168.18949902087545
L06,Ries vs. Riez,Ries,Declarative non-final postfocus,Long,LD0614,125.57932649274272
L06,Ries vs. Riez,Ries,Declarative non-final prefocus,Long,LD0615,107.02285396699173
L06,Ries vs. Riez,Ries,Interrogative final focus,Long,LD0616,212.64671637885922
L06,Ries vs. Riez,Ries,Interrogative final postfocus,Long,LD0617,162.32340225563922
L06,Ries vs. Riez,Ries,Interrogative non-final focus,Long,LD0618,129.31238510080158
L06,Ries vs. Riez,Ries,Interrogative non-final postfocus,Long,LD0619,130.34069652152368
L06,Ries vs. Riez,Ries,Interrogative non-final prefocus,Long,LD0620,131.79143299526297
L06,Rieten vs. Rieden,Rieten,Declarative final focus,Long,LD0621,115.47618772205249
L06,Rieten vs. Rieden,Rieten,Declarative final postfocus,Long,LD0622,101.63679872758813
L06,Rieten vs. Rieden,Rieten,Declarative non-final focus,Long,LD0623,81.63378862678661
L06,Rieten vs. Rieden,Rieten,Declarative non-final postfocus,Long,LD0624,81.11803710856802
L06,Rieten vs. Rieden,Rieten,Declarative non-final prefocus,Long,LD0625,90.32797619047628
L06,Rieten vs. Rieden,Rieten,Interrogative final focus,Long,LD0626,178.51317855077252
L06,Rieten vs. Rieden,Rieten,Interrogative final postfocus,Long,LD0627,118.71649255349914
L06,Rieten vs. Rieden,Rieten,Interrogative non-final focus,Long,LD0628,118.43882198628441
L06,Rieten vs. Rieden,Rieten,Interrogative non-final postfocus,Long,LD0629,112.1353130422209
L06,Rieten vs. Rieden,Rieten,Interrogative non-final prefocus,Long,LD0630,104.72519623233912
L06,Laten vs. Laden,Laten,Declarative final focus,Long,LD0631,125.83712302734851
L06,Laten vs. Laden,Laten,Declarative final postfocus,Long,LD0632,140.31784569597062
L06,Laten vs. Laden,Laten,Declarative non-final focus,Long,LD0633,152.08171114599688
L06,Laten vs. Laden,Laten,Declarative non-final postfocus,Long,LD0634,154.9547538144813
L06,Laten vs. Laden,Laten,Declarative non-final prefocus,Long,LD0635,129.3848642037787
L06,Laten vs. Laden,Laten,Interrogative final focus,Long,LD0636,179.31846167616848
L06,Laten vs. Laden,Laten,Interrogative final postfocus,Long,LD0637,181.43900737420472
L06,Laten vs. Laden,Laten,Interrogative non-final focus,Long,LD0638,158.42745806824755
L06,Laten vs. Laden,Laten,Interrogative non-final postfocus,Long,LD0639,150.8796264355945
L06,Laten vs. Laden,Laten,Interrogative non-final prefocus,Long,LD0640,160.69201127819542
L06,Swien vs. Swiien,Swien,Declarative final focus,Long,LD0641,155.75163914249913
L06,Swien vs. Swiien,Swien,Declarative final postfocus,Long,LD0642,171.1631139145944
L06,Swien vs. Swiien,Swien,Declarative non-final focus,Long,LD0643,87.80268382150447
L06,Swien vs. Swiien,Swien,Declarative non-final postfocus,Long,LD0644,69.49247500619671
L06,Swien vs. Swiien,Swien,Declarative non-final prefocus,Long,LD0645,86.3578778677463
L06,Swien vs. Swiien,Swien,Interrogative final focus,Long,LD0646,184.36096551474844
L06,Swien vs. Swiien,Swien,Interrogative final postfocus,Long,LD0647,139.84820283882783
L06,Swien vs. Swiien,Swien,Interrogative non-final focus,Long,LD0648,88.90856734900443
L06,Swien vs. Swiien,Swien,Interrogative non-final postfocus,Long,LD0649,95.14192865405269
L06,Swien vs. Swiien,Swien,Interrogative non-final prefocus,Long,LD0650,101.71099813407147
L06,Weken vs. Wegen,Weken,Declarative final focus,Long,LD0651,121.37737200143218
L06,Weken vs. Wegen,Weken,Declarative final postfocus,Long,LD0652,115.30750743617291
L06,Weken vs. Wegen,Weken,Declarative non-final focus,Long,LD0653,100.28002251507884
L06,Weken vs. Wegen,Weken,Declarative non-final postfocus,Long,LD0654,99.39011486626393
L06,Weken vs. Wegen,Weken,Declarative non-final prefocus,Long,LD0655,133.76197275468883
L06,Weken vs. Wegen,Weken,Interrogative final focus,Long,LD0656,106.3728169152276
L06,Weken vs. Wegen,Weken,Interrogative final postfocus,Long,LD0657,99.34698421878885
L06,Weken vs. Wegen,Weken,Interrogative non-final focus,Long,LD0658,117.12640779366478
L06,Weken vs. Wegen,Weken,Interrogative non-final postfocus,Long,LD0659,117.8380965290975
L06,Weken vs. Wegen,Weken,Interrogative non-final prefocus,Long,LD0660,93.60329825249936
L06,Siet vs. Sied,Sied,Declarative final focus,Overlong,LD0661,273.3408349169628
L06,Siet vs. Sied,Sied,Declarative final postfocus,Overlong,LD0662,255.22852891156478
L06,Siet vs. Sied,Sied,Declarative non-final focus,Overlong,LD0663,266.81789673359236
L06,Siet vs. Sied,Sied,Declarative non-final postfocus,Overlong,LD0664,188.04918305378848
L06,Siet vs. Sied,Sied,Declarative non-final prefocus,Overlong,LD0665,210.04066028739433
L06,Siet vs. Sied,Sied,Interrogative final focus,Overlong,LD0666,347.1587867333168
L06,Siet vs. Sied,Sied,Interrogative final postfocus,Overlong,LD0667,290.99060563496647
L06,Siet vs. Sied,Sied,Interrogative non-final focus,Overlong,LD0668,257.8948861680299
L06,Siet vs. Sied,Sied,Interrogative non-final postfocus,Overlong,LD0669,248.05420685986945
L06,Siet vs. Sied,Sied,Interrogative non-final prefocus,Overlong,LD0670,216.97269117161034
L06,Ries vs. Riez,Riez,Declarative final focus,Overlong,LD0671,190.68937358850425
L06,Ries vs. Riez,Riez,Declarative final postfocus,Overlong,LD0672,177.70957045773784
L06,Ries vs. Riez,Riez,Declarative non-final focus,Overlong,LD0673,176.27171362472117
L06,Ries vs. Riez,Riez,Declarative non-final postfocus,Overlong,LD0674,125.04589659244259
L06,Ries vs. Riez,Riez,Declarative non-final prefocus,Overlong,LD0675,139.83650024787232
L06,Ries vs. Riez,Riez,Interrogative final focus,Overlong,LD0676,262.598920291801
L06,Ries vs. Riez,Riez,Interrogative final postfocus,Overlong,LD0677,233.31960361067527
L06,Ries vs. Riez,Riez,Interrogative non-final focus,Overlong,LD0678,152.00619887631171
L06,Ries vs. Riez,Riez,Interrogative non-final postfocus,Overlong,LD0679,205.64462839791764
L06,Ries vs. Riez,Riez,Interrogative non-final prefocus,Overlong,LD0680,201.79907099479476
L06,Rieten vs. Rieden,Rieden,Declarative final focus,Overlong,LD0681,150.58156121760447
L06,Rieten vs. Rieden,Rieden,Declarative final postfocus,Overlong,LD0682,136.75007203792444
L06,Rieten vs. Rieden,Rieden,Declarative non-final focus,Overlong,LD0683,134.08523136481332
L06,Rieten vs. Rieden,Rieden,Declarative non-final postfocus,Overlong,LD0684,115.45160549037425
L06,Rieten vs. Rieden,Rieden,Declarative non-final prefocus,Overlong,LD0685,188.7958400465448
L06,Rieten vs. Rieden,Rieden,Interrogative final focus,Overlong,LD0686,178.07497650375947
L06,Rieten vs. Rieden,Rieden,Interrogative final postfocus,Overlong,LD0687,162.41251850436544
L06,Rieten vs. Rieden,Rieden,Interrogative non-final focus,Overlong,LD0688,147.42901450053702
L06,Rieten vs. Rieden,Rieden,Interrogative non-final postfocus,Overlong,LD0689,139.1979054779806
L06,Rieten vs. Rieden,Rieden,Interrogative non-final prefocus,Overlong,LD0690,174.57126151573988
L06,Laten vs. Laden,Laden,Declarative final focus,Overlong,LD0691,215.3749819259687
L06,Laten vs. Laden,Laden,Declarative final postfocus,Overlong,LD0692,187.17916219119246
L06,Laten vs. Laden,Laden,Declarative non-final focus,Overlong,LD0693,203.3583450384202
L06,Laten vs. Laden,Laden,Declarative non-final postfocus,Overlong,LD0694,157.5204547372633
L06,Laten vs. Laden,Laden,Declarative non-final prefocus,Overlong,LD0695,205.2224297006251
L06,Laten vs. Laden,Laden,Interrogative final focus,Overlong,LD0696,245.11567948029423
L06,Laten vs. Laden,Laden,Interrogative final postfocus,Overlong,LD0697,244.17897422126757
L06,Laten vs. Laden,Laden,Interrogative non-final focus,Overlong,LD0698,206.29664606227115
L06,Laten vs. Laden,Laden,Interrogative non-final postfocus,Overlong,LD0699,191.87054302996498
L06,Laten vs. Laden,Laden,Interrogative non-final prefocus,Overlong,LD0700,212.31659919028345
L06,Swien vs. Swiien,Swiien,Declarative final focus,Overlong,LD0701,232.22397399749372
L06,Swien vs. Swiien,Swiien,Declarative final postfocus,Overlong,LD0702,137.41530887658703
L06,Swien vs. Swiien,Swiien,Declarative non-final focus,Overlong,LD0703,179.68327919730643
L06,Swien vs. Swiien,Swiien,Declarative non-final postfocus,Overlong,LD0704,180.11849334875652
L06,Swien vs. Swiien,Swiien,Declarative non-final prefocus,Overlong,LD0705,195.72359280756845
L06,Swien vs. Swiien,Swiien,Interrogative final focus,Overlong,LD0706,262.7116228070174
L06,Swien vs. Swiien,Swiien,Interrogative final postfocus,Overlong,LD0707,240.37710347296826
L06,Swien vs. Swiien,Swiien,Interrogative non-final focus,Overlong,LD0708,149.25425652042202
L06,Swien vs. Swiien,Swiien,Interrogative non-final postfocus,Overlong,LD0709,173.19533560893996
L06,Swien vs. Swiien,Swiien,Interrogative non-final prefocus,Overlong,LD0710,197.61085629595976
L06,Weken vs. Wegen,Wegen,Declarative final focus,Overlong,LD0711,219.96196750461317
L06,Weken vs. Wegen,Wegen,Declarative final postfocus,Overlong,LD0712,199.5001569858712
L06,Weken vs. Wegen,Wegen,Declarative non-final focus,Overlong,LD0713,197.48998233908944
L06,Weken vs. Wegen,Wegen,Declarative non-final postfocus,Overlong,LD0714,192.16755422409926
L06,Weken vs. Wegen,Wegen,Declarative non-final prefocus,Overlong,LD0715,186.3058818061636
L06,Weken vs. Wegen,Wegen,Interrogative final focus,Overlong,LD0716,271.2520242914979
L06,Weken vs. Wegen,Wegen,Interrogative final postfocus,Overlong,LD0717,222.86509284888047
L06,Weken vs. Wegen,Wegen,Interrogative non-final focus,Overlong,LD0718,187.96479763970365
L06,Weken vs. Wegen,Wegen,Interrogative non-final postfocus,Overlong,LD0719,179.38238453276068
L06,Weken vs. Wegen,Wegen,Interrogative non-final prefocus,Overlong,LD0720,181.36313434716266
L07,Siet vs. Sied,Siet,Declarative final focus,Long,LD0721,170.69894886598357
L07,Siet vs. Sied,Siet,Declarative final postfocus,Long,LD0722,158.1448755818118
L07,Siet vs. Sied,Siet,Declarative non-final focus,Long,LD0723,93.15180912445965
L07,Siet vs. Sied,Siet,Declarative non-final postfocus,Long,LD0724,113.19689875444116
L07,Siet vs. Sied,Siet,Declarative non-final prefocus,Long,LD0725,108.64957069872472
L07,Siet vs. Sied,Siet,Interrogative final focus,Long,LD0726,227.52444435264007
L07,Siet vs. Sied,Siet,Interrogative final postfocus,Long,LD0727,220.79171968382494
L07,Siet vs. Sied,Siet,Interrogative non-final focus,Long,LD0728,122.64122918904408
L07,Siet vs. Sied,Siet,Interrogative non-final postfocus,Long,LD0729,127.1888741427747
L07,Siet vs. Sied,Siet,Interrogative non-final prefocus,Long,LD0730,116.612131289763
L07,Ries vs. Riez,Ries,Declarative final focus,Long,LD0731,132.01658903439917
L07,Ries vs. Riez,Ries,Declarative final postfocus,Long,LD0732,111.62675963604075
L07,Ries vs. Riez,Ries,Declarative non-final focus,Long,LD0733,103.92187108396
L07,Ries vs. Riez,Ries,Declarative non-final postfocus,Long,LD0734,100.85237428220273
L07,Ries vs. Riez,Ries,Declarative non-final prefocus,Long,LD0735,116.42065132353541
L07,Ries vs. Riez,Ries,Interrogative final focus,Long,LD0736,158.1590454501638
L07,Ries vs. Riez,Ries,Interrogative final postfocus,Long,LD0737,169.68034810584155
L07,Ries vs. Riez,Ries,Interrogative non-final focus,Long,LD0738,93.53173582809005
L07,Ries vs. Riez,Ries,Interrogative non-final postfocus,Long,LD0739,116.1465628356606
L07,Ries vs. Riez,Ries,Interrogative non-final prefocus,Long,LD0740,105.38485340239312
L07,Rieten vs. Rieden,Rieten,Declarative final focus,Long,LD0741,185.0642753862678
L07,Rieten vs. Rieden,Rieten,Declarative final postfocus,Long,LD0742,120.62046109435687
L07,Rieten vs. Rieden,Rieten,Declarative non-final focus,Long,LD0743,128.00416219119225
L07,Rieten vs. Rieden,Rieten,Declarative non-final postfocus,Long,LD0744,133.94138230190867
L07,Rieten vs. Rieden,Rieten,Declarative non-final prefocus,Long,LD0745,134.97415293040294
L07,Rieten vs. Rieden,Rieten,Interrogative final focus,Long,LD0746,145.89178750447562
L07,Rieten vs. Rieden,Rieten,Interrogative final postfocus,Long,LD0747,108.60638202649486
L07,Rieten vs. Rieden,Rieten,Interrogative non-final focus,Long,LD0748,128.12741288316954
L07,Rieten vs. Rieden,Rieten,Interrogative non-final postfocus,Long,LD0749,171.04048570085916
L07,Rieten vs. Rieden,Rieten,Interrogative non-final prefocus,Long,LD0750,116.76043956043958
L07,Laten vs. Laden,Laten,Declarative final focus,Long,LD0751,140.61406611480632
L07,Laten vs. Laden,Laten,Declarative final postfocus,Long,LD0752,202.82595637445277
L07,Laten vs. Laden,Laten,Declarative non-final focus,Long,LD0753,165.05624018838304
L07,Laten vs. Laden,Laten,Declarative non-final postfocus,Long,LD0754,148.53394733399438
L07,Laten vs. Laden,Laten,Declarative non-final prefocus,Long,LD0755,150.92720640887936
L07,Laten vs. Laden,Laten,Interrogative final focus,Long,LD0756,159.6680911585282
L07,Laten vs. Laden,Laten,Interrogative final postfocus,Long,LD0757,205.18684658073738
L07,Laten vs. Laden,Laten,Interrogative non-final focus,Long,LD0758,137.3399324203367
L07,Laten vs. Laden,Laten,Interrogative non-final postfocus,Long,LD0759,155.40588077336204
L07,Laten vs. Laden,Laten,Interrogative non-final prefocus,Long,LD0760,137.6774740766753
L07,Swien vs. Swiien,Swien,Declarative final focus,Long,LD0761,118.03769700694033
L07,Swien vs. Swiien,Swien,Declarative final postfocus,Long,LD0762,99.6865291232889
L07,Swien vs. Swiien,Swien,Declarative non-final focus,Long,LD0763,110.20879947120554
L07,Swien vs. Swiien,Swien,Declarative non-final postfocus,Long,LD0764,69.92168507205498
L07,Swien vs. Swiien,Swien,Declarative non-final prefocus,Long,LD0765,109.31229498884576
L07,Swien vs. Swiien,Swien,Interrogative final focus,Long,LD0766,172.36626249690178
L07,Swien vs. Swiien,Swien,Interrogative final postfocus,Long,LD0767,133.0131427469774
L07,Swien vs. Swiien,Swien,Interrogative non-final focus,Long,LD0768,114.46623375058529
L07,Swien vs. Swiien,Swien,Interrogative non-final postfocus,Long,LD0769,59.16825459941055
L07,Swien vs. Swiien,Swien,Interrogative non-final prefocus,Long,LD0770,94.77468912666276
L07,Weken vs. Wegen,Weken,Declarative final focus,Long,LD0771,76.00002100030312
L07,Weken vs. Wegen,Weken,Declarative final postfocus,Long,LD0772,98.31919341623285
L07,Weken vs. Wegen,Weken,Declarative non-final focus,Long,LD0773,132.12779760183423
L07,Weken vs. Wegen,Weken,Declarative non-final postfocus,Long,LD0774,127.5124270153407
L07,Weken vs. Wegen,Weken,Declarative non-final prefocus,Long,LD0775,117.00757474042267
L07,Weken vs. Wegen,Weken,Interrogative final focus,Long,LD0776,117.69782388663974
L07,Weken vs. Wegen,Weken,Interrogative final postfocus,Long,LD0777,136.19153928777982
L07,Weken vs. Wegen,Weken,Interrogative non-final focus,Long,LD0778,95.96135901222836
L07,Weken vs. Wegen,Weken,Interrogative non-final postfocus,Long,LD0779,148.2819907770798
L07,Weken vs. Wegen,Weken,Interrogative non-final prefocus,Long,LD0780,111.74355918987034
L07,Siet vs. Sied,Sied,Declarative final focus,Overlong,LD0781,291.509933573632
L07,Siet vs. Sied,Sied,Declarative final postfocus,Overlong,LD0782,220.74370963466362
L07,Siet vs. Sied,Sied,Declarative non-final focus,Overlong,LD0783,234.6304296111157
L07,Siet vs. Sied,Sied,Declarative non-final postfocus,Overlong,LD0784,173.40052707317756
L07,Siet vs. Sied,Sied,Declarative non-final prefocus,Overlong,LD0785,256.02702136522623
L07,Siet vs. Sied,Sied,Interrogative final focus,Overlong,LD0786,319.74031782753576
L07,Siet vs. Sied,Sied,Interrogative final postfocus,Overlong,LD0787,292.59103114930184
L07,Siet vs. Sied,Sied,Interrogative non-final focus,Overlong,LD0788,283.33256140006625
L07,Siet vs. Sied,Sied,Interrogative non-final postfocus,Overlong,LD0789,155.24430805723122
L07,Siet vs. Sied,Sied,Interrogative non-final prefocus,Overlong,LD0790,175.34159531727656
L07,Ries vs. Riez,Riez,Declarative final focus,Overlong,LD0791,162.1261558773308
L07,Ries vs. Riez,Riez,Declarative final postfocus,Overlong,LD0792,211.1490789990087
L07,Ries vs. Riez,Riez,Declarative non-final focus,Overlong,LD0793,187.31745422106093
L07,Ries vs. Riez,Riez,Declarative non-final postfocus,Overlong,LD0794,165.2620711075423
L07,Ries vs. Riez,Riez,Declarative non-final prefocus,Overlong,LD0795,165.04060466671478
L07,Ries vs. Riez,Riez,Interrogative final focus,Overlong,LD0796,243.77764552177172
L07,Ries vs. Riez,Riez,Interrogative final postfocus,Overlong,LD0797,290.9068087457656
L07,Ries vs. Riez,Riez,Interrogative non-final focus,Overlong,LD0798,207.62039697457914
L07,Ries vs. Riez,Riez,Interrogative non-final postfocus,Overlong,LD0799,209.51191595059095
L07,Ries vs. Riez,Riez,Interrogative non-final prefocus,Overlong,LD0800,192.75002556184418
L07,Rieten vs. Rieden,Rieden,Declarative final focus,Overlong,LD0801,189.45322234156814
L07,Rieten vs. Rieden,Rieden,Declarative final postfocus,Overlong,LD0802,182.32306782718587
L07,Rieten vs. Rieden,Rieden,Declarative non-final focus,Overlong,LD0803,150.19209355807095
L07,Rieten vs. Rieden,Rieden,Declarative non-final postfocus,Overlong,LD0804,175.64109789411697
L07,Rieten vs. Rieden,Rieden,Declarative non-final prefocus,Overlong,LD0805,221.8107731554162
L07,Rieten vs. Rieden,Rieden,Interrogative final focus,Overlong,LD0806,185.53129251700673
L07,Rieten vs. Rieden,Rieden,Interrogative final postfocus,Overlong,LD0807,201.24101359167133
L07,Rieten vs. Rieden,Rieden,Interrogative non-final focus,Overlong,LD0808,193.93703498099657
L07,Rieten vs. Rieden,Rieden,Interrogative non-final postfocus,Overlong,LD0809,184.0173009360626
L07,Rieten vs. Rieden,Rieden,Interrogative non-final prefocus,Overlong,LD0810,213.09855635827213
L07,Laten vs. Laden,Laden,Declarative final focus,Overlong,LD0811,237.53021620844694
L07,Laten vs. Laden,Laden,Declarative final postfocus,Overlong,LD0812,198.5776442307694
L07,Laten vs. Laden,Laden,Declarative non-final focus,Overlong,LD0813,212.44292266122034
L07,Laten vs. Laden,Laden,Declarative non-final postfocus,Overlong,LD0814,171.67434963610927
L07,Laten vs. Laden,Laden,Declarative non-final prefocus,Overlong,LD0815,226.03728724283246
L07,Laten vs. Laden,Laden,Interrogative final focus,Overlong,LD0816,271.9792599630948
L07,Laten vs. Laden,Laden,Interrogative final postfocus,Overlong,LD0817,235.12945344129577
L07,Laten vs. Laden,Laden,Interrogative non-final focus,Overlong,LD0818,255.94675562532697
L07,Laten vs. Laden,Laden,Interrogative non-final postfocus,Overlong,LD0819,218.4205981987939
L07,Laten vs. Laden,Laden,Interrogative non-final prefocus,Overlong,LD0820,206.78435210622692
L07,Swien vs. Swiien,Swiien,Declarative final focus,Overlong,LD0821,130.8467147435899
L07,Swien vs. Swiien,Swiien,Declarative final postfocus,Overlong,LD0822,134.07251017309773
L07,Swien vs. Swiien,Swiien,Declarative non-final focus,Overlong,LD0823,117.14698157223391
L07,Swien vs. Swiien,Swiien,Declarative non-final postfocus,Overlong,LD0824,97.96973413100041
L07,Swien vs. Swiien,Swiien,Declarative non-final prefocus,Overlong,LD0825,185.64053178963903
L07,Swien vs. Swiien,Swiien,Interrogative final focus,Overlong,LD0826,162.9722735754221
L07,Swien vs. Swiien,Swiien,Interrogative final postfocus,Overlong,LD0827,236.76738044028346
L07,Swien vs. Swiien,Swiien,Interrogative non-final focus,Overlong,LD0828,177.23349909801976
L07,Swien vs. Swiien,Swiien,Interrogative non-final postfocus,Overlong,LD0829,145.00092268455168
L07,Swien vs. Swiien,Swiien,Interrogative non-final prefocus,Overlong,LD0830,160.43338288630238
L07,Weken vs. Wegen,Wegen,Declarative final focus,Overlong,LD0831,157.59655147484096
L07,Weken vs. Wegen,Wegen,Declarative final postfocus,Overlong,LD0832,146.48277966550992
L07,Weken vs. Wegen,Wegen,Declarative non-final focus,Overlong,LD0833,155.13140182186237
L07,Weken vs. Wegen,Wegen,Declarative non-final postfocus,Overlong,LD0834,132.72973406214737
L07,Weken vs. Wegen,Wegen,Declarative non-final prefocus,Overlong,LD0835,164.51067196235746
L07,Weken vs. Wegen,Wegen,Interrogative final focus,Overlong,LD0836,181.79644569872488
L07,Weken vs. Wegen,Wegen,Interrogative final postfocus,Overlong,LD0837,127.92634109311751
L07,Weken vs. Wegen,Wegen,Interrogative non-final focus,Overlong,LD0838,147.7481421186895
L07,Weken vs. Wegen,Wegen,Interrogative non-final postfocus,Overlong,LD0839,151.5869597801165
L07,Weken vs. Wegen,Wegen,Interrogative non-final prefocus,Overlong,LD0840,176.74212913973952
L08,Siet vs. Sied,Siet,Declarative final focus,Long,LD0841,183.31431928034368
L08,Siet vs. Sied,Siet,Declarative final postfocus,Long,LD0842,148.6890575941917
L08,Siet vs. Sied,Siet,Declarative non-final focus,Long,LD0843,171.45260025062646
L08,Siet vs. Sied,Siet,Declarative non-final postfocus,Long,LD0844,158.7561265801869
L08,Siet vs. Sied,Siet,Declarative non-final prefocus,Long,LD0845,217.72516739278382
L08,Siet vs. Sied,Siet,Interrogative final focus,Long,LD0846,211.70308463466347
L08,Siet vs. Sied,Siet,Interrogative final postfocus,Long,LD0847,189.21509611941946
L08,Siet vs. Sied,Siet,Interrogative non-final focus,Long,LD0848,177.44659037704147
L08,Siet vs. Sied,Siet,Interrogative non-final postfocus,Long,LD0849,150.53764820705618
L08,Siet vs. Sied,Siet,Interrogative non-final prefocus,Long,LD0850,186.8637128535624
L08,Ries vs. Riez,Ries,Declarative final focus,Long,LD0851,179.9409172829052
L08,Ries vs. Riez,Ries,Declarative final postfocus,Long,LD0852,118.57219077914571
L08,Ries vs. Riez,Ries,Declarative non-final focus,Long,LD0853,171.1579699807555
L08,Ries vs. Riez,Ries,Declarative non-final postfocus,Long,LD0854,124.95908351321327
L08,Ries vs. Riez,Ries,Declarative non-final prefocus,Long,LD0855,113.87204997383571
L08,Ries vs. Riez,Ries,Interrogative final focus,Long,LD0856,208.9842128501198
L08,Ries vs. Riez,Ries,Interrogative final postfocus,Long,LD0857,155.74538040671726
L08,Ries vs. Riez,Ries,Interrogative non-final focus,Long,LD0858,134.62886990828716
L08,Ries vs. Riez,Ries,Interrogative non-final postfocus,Long,LD0859,124.62201154500275
L08,Ries vs. Riez,Ries,Interrogative non-final prefocus,Long,LD0860,164.28382391418106
L08,Rieten vs. Rieden,Rieten,Declarative final focus,Long,LD0861,162.34061660848553
L08,Rieten vs. Rieden,Rieten,Declarative final postfocus,Long,LD0862,91.85474555206707
L08,Rieten vs. Rieden,Rieten,Declarative non-final focus,Long,LD0863,111.62804986367037
L08,Rieten vs. Rieden,Rieten,Declarative non-final postfocus,Long,LD0864,84.6607022578767
L08,Rieten vs. Rieden,Rieten,Declarative non-final prefocus,Long,LD0865,115.80689343551187
L08,Rieten vs. Rieden,Rieten,Interrogative final focus,Long,LD0866,161.13684554793585
L08,Rieten vs. Rieden,Rieten,Interrogative final postfocus,Long,LD0867,117.654091960671
L08,Rieten vs. Rieden,Rieten,Interrogative non-final focus,Long,LD0868,134.0496482449256
L08,Rieten vs. Rieden,Rieten,Interrogative non-final postfocus,Long,LD0869,120.82194032471305
L08,Rieten vs. Rieden,Rieten,Interrogative non-final prefocus,Long,LD0870,124.2727220265637
L08,Laten vs. Laden,Laten,Declarative final focus,Long,LD0871,145.504198597455
L08,Laten vs. Laden,Laten,Declarative final postfocus,Long,LD0872,138.2446988866397
L08,Laten vs. Laden,Laten,Declarative non-final focus,Long,LD0873,143.94896500351152
L08,Laten vs. Laden,Laten,Declarative non-final postfocus,Long,LD0874,158.9759632597978
L08,Laten vs. Laden,Laten,Declarative non-final prefocus,Long,LD0875,134.9595077150292
L08,Laten vs. Laden,Laten,Interrogative final focus,Long,LD0876,193.445412983007
L08,Laten vs. Laden,Laten,Interrogative final postfocus,Long,LD0877,187.09455042138325
L08,Laten vs. Laden,Laten,Interrogative non-final focus,Long,LD0878,161.36646079484441
L08,Laten vs. Laden,Laten,Interrogative non-final postfocus,Long,LD0879,163.32346448194656
L08,Laten vs. Laden,Laten,Interrogative non-final prefocus,Long,LD0880,165.84857576633894
L08,Swien vs. Swiien,Swien,Declarative final focus,Long,LD0881,147.02023869770576
L08,Swien vs. Swiien,Swien,Declarative final postfocus,Long,LD0882,106.3511546723952
L08,Swien vs. Swiien,Swien,Declarative non-final focus,Long,LD0883,105.97338960381731
L08,Swien vs. Swiien,Swien,Declarative non-final postfocus,Long,LD0884,87.88783884505213
L08,Swien vs. Swiien,Swien,Declarative non-final prefocus,Long,LD0885,95.77719968588228
L08,Swien vs. Swiien,Swien,Interrogative final focus,Long,LD0886,177.0833347104026
L08,Swien vs. Swiien,Swien,Interrogative final postfocus,Long,LD0887,169.1664979757086
L08,Swien vs. Swiien,Swien,Interrogative non-final focus,Long,LD0888,87.88181778278114
L08,Swien vs. Swiien,Swien,Interrogative non-final postfocus,Long,LD0889,86.7334472857968
L08,Swien vs. Swiien,Swien,Interrogative non-final prefocus,Long,LD0890,92.69912031107985
L08,Weken vs. Wegen,Weken,Declarative final focus,Long,LD0891,208.65975455465602
L08,Weken vs. Wegen,Weken,Declarative final postfocus,Long,LD0892,126.76472878625145
L08,Weken vs. Wegen,Weken,Declarative non-final focus,Long,LD0893,119.6547483492385
L08,Weken vs. Wegen,Weken,Declarative non-final postfocus,Long,LD0894,148.37436654823867
L08,Weken vs. Wegen,Weken,Declarative non-final prefocus,Long,LD0895,136.97413025179728
L08,Weken vs. Wegen,Weken,Interrogative final focus,Long,LD0896,203.1244743038916
L08,Weken vs. Wegen,Weken,Interrogative final postfocus,Long,LD0897,130.90058740601518
L08,Weken vs. Wegen,Weken,Interrogative non-final focus,Long,LD0898,122.57284712467975
L08,Weken vs. Wegen,Weken,Interrogative non-final postfocus,Long,LD0899,141.4824911695447
L08,Weken vs. Wegen,Weken,Interrogative non-final prefocus,Long,LD0900,157.97651219394638
L08,Siet vs. Sied,Sied,Declarative final focus,Overlong,LD0901,254.18779056156882
L08,Siet vs. Sied,Sied,Declarative final postfocus,Overlong,LD0902,226.47623626373624
L08,Siet vs. Sied,Sied,Declarative non-final focus,Overlong,LD0903,270.60007453386214
L08,Siet vs. Sied,Sied,Declarative non-final postfocus,Overlong,LD0904,173.40220776443172
L08,Siet vs. Sied,Sied,Declarative non-final prefocus,Overlong,LD0905,199.17990890688264
L08,Siet vs. Sied,Sied,Interrogative final focus,Overlong,LD0906,352.2014037497589
L08,Siet vs. Sied,Sied,Interrogative final postfocus,Overlong,LD0907,271.915110750778
L08,Siet vs. Sied,Sied,Interrogative non-final focus,Overlong,LD0908,253.40713493899568
L08,Siet vs. Sied,Sied,Interrogative non-final postfocus,Overlong,LD0909,242.90824147852442
L08,Siet vs. Sied,Sied,Interrogative non-final prefocus,Overlong,LD0910,363.003098921755
L08,Ries vs. Riez,Riez,Declarative final focus,Overlong,LD0911,217.09143738467063
L08,Ries vs. Riez,Riez,Declarative final postfocus,Overlong,LD0912,159.00294486215526
L08,Ries vs. Riez,Riez,Declarative non-final focus,Overlong,LD0913,203.20657352515914
L08,Ries vs. Riez,Riez,Declarative non-final postfocus,Overlong,LD0914,175.7180022515079
L08,Ries vs. Riez,Riez,Declarative non-final prefocus,Overlong,LD0915,146.10646327356847
L08,Ries vs. Riez,Riez,Interrogative final focus,Overlong,LD0916,237.00293186606646
L08,Ries vs. Riez,Riez,Interrogative final postfocus,Overlong,LD0917,236.33099489795927
L08,Ries vs. Riez,Riez,Interrogative non-final focus,Overlong,LD0918,146.10413180960657
L08,Ries vs. Riez,Riez,Interrogative non-final postfocus,Overlong,LD0919,189.13888214698838
L08,Ries vs. Riez,Riez,Interrogative non-final prefocus,Overlong,LD0920,206.9311551113361
L08,Rieten vs. Rieden,Rieden,Declarative final focus,Overlong,LD0921,179.25702873254568
L08,Rieten vs. Rieden,Rieden,Declarative final postfocus,Overlong,LD0922,133.59544284819202
L08,Rieten vs. Rieden,Rieden,Declarative non-final focus,Overlong,LD0923,171.23669084283512
L08,Rieten vs. Rieden,Rieden,Declarative non-final postfocus,Overlong,LD0924,139.91384599892598
L08,Rieten vs. Rieden,Rieden,Declarative non-final prefocus,Overlong,LD0925,191.91674223333055
L08,Rieten vs. Rieden,Rieden,Interrogative final focus,Overlong,LD0926,223.19000385579346
L08,Rieten vs. Rieden,Rieden,Interrogative final postfocus,Overlong,LD0927,183.49875392464688
L08,Rieten vs. Rieden,Rieden,Interrogative non-final focus,Overlong,LD0928,177.4534150021345
L08,Rieten vs. Rieden,Rieden,Interrogative non-final postfocus,Overlong,LD0929,150.20403382253699
L08,Rieten vs. Rieden,Rieden,Interrogative non-final prefocus,Overlong,LD0930,176.91058002148242
L08,Laten vs. Laden,Laden,Declarative final focus,Overlong,LD0931,206.47865870032223
L08,Laten vs. Laden,Laden,Declarative final postfocus,Overlong,LD0932,208.46597141893207
L08,Laten vs. Laden,Laden,Declarative non-final focus,Overlong,LD0933,202.15861442755246
L08,Laten vs. Laden,Laden,Declarative non-final postfocus,Overlong,LD0934,154.3658893972568
L08,Laten vs. Laden,Laden,Declarative non-final prefocus,Overlong,LD0935,201.37750609353054
L08,Laten vs. Laden,Laden,Interrogative final focus,Overlong,LD0936,247.36563274601343
L08,Laten vs. Laden,Laden,Interrogative final postfocus,Overlong,LD0937,241.97234544121292
L08,Laten vs. Laden,Laden,Interrogative non-final focus,Overlong,LD0938,210.0718973773721
L08,Laten vs. Laden,Laden,Interrogative non-final postfocus,Overlong,LD0939,194.56083740429375
L08,Laten vs. Laden,Laden,Interrogative non-final prefocus,Overlong,LD0940,216.1286106750393
L08,Swien vs. Swiien,Swiien,Declarative final focus,Overlong,LD0941,250.72884873585068
L08,Swien vs. Swiien,Swiien,Declarative final postfocus,Overlong,LD0942,157.6768624858851
L08,Swien vs. Swiien,Swiien,Declarative non-final focus,Overlong,LD0943,191.6391395728332
L08,Swien vs. Swiien,Swiien,Declarative non-final postfocus,Overlong,LD0944,151.94854607328767
L08,Swien vs. Swiien,Swiien,Declarative non-final prefocus,Overlong,LD0945,212.1074351830814
L08,Swien vs. Swiien,Swiien,Interrogative final focus,Overlong,LD0946,295.868118785976
L08,Swien vs. Swiien,Swiien,Interrogative final postfocus,Overlong,LD0947,240.8178633396678
L08,Swien vs. Swiien,Swiien,Interrogative non-final focus,Overlong,LD0948,212.8647422126746
L08,Swien vs. Swiien,Swiien,Interrogative non-final postfocus,Overlong,LD0949,211.91442165682074
L08,Swien vs. Swiien,Swiien,Interrogative non-final prefocus,Overlong,LD0950,194.37383362251782
L08,Weken vs. Wegen,Wegen,Declarative final focus,Overlong,LD0951,229.90136054421774
L08,Weken vs. Wegen,Wegen,Declarative final postfocus,Overlong,LD0952,204.81172987413586
L08,Weken vs. Wegen,Wegen,Declarative non-final focus,Overlong,LD0953,204.19989035087727
L08,Weken vs. Wegen,Wegen,Declarative non-final postfocus,Overlong,LD0954,187.0443843339462
L08,Weken vs. Wegen,Wegen,Declarative non-final prefocus,Overlong,LD0955,193.01418269230774
L08,Weken vs. Wegen,Wegen,Interrogative final focus,Overlong,LD0956,270.5628390171859
L08,Weken vs. Wegen,Wegen,Interrogative final postfocus,Overlong,LD0957,241.58867248822614
L08,Weken vs. Wegen,Wegen,Interrogative non-final focus,Overlong,LD0958,192.17456140350876
L08,Weken vs. Wegen,Wegen,Interrogative non-final postfocus,Overlong,LD0959,184.52794813269446
L08,Weken vs. Wegen,Wegen,Interrogative non-final prefocus,Overlong,LD0960,187.7299762111323
L09,Siet vs. Sied,Siet,Declarative final focus,Long,LD0961,147.64943970503185
L09,Siet vs. Sied,Siet,Declarative final postfocus,Long,LD0962,132.56508290816305
L09,Siet vs. Sied,Siet,Declarative non-final focus,Long,LD0963,175.0918117753173
L09,Siet vs. Sied,Siet,Declarative non-final postfocus,Long,LD0964,108.58926953372449
L09,Siet vs. Sied,Siet,Declarative non-final prefocus,Long,LD0965,131.76268581825434
L09,Siet vs. Sied,Siet,Interrogative final focus,Long,LD0966,157.15013271502932
L09,Siet vs. Sied,Siet,Interrogative final postfocus,Long,LD0967,139.13597455176418
L09,Siet vs. Sied,Siet,Interrogative non-final focus,Long,LD0968,149.40892538695638
L09,Siet vs. Sied,Siet,Interrogative non-final postfocus,Long,LD0969,126.6903030240436
L09,Siet vs. Sied,Siet,Interrogative non-final prefocus,Long,LD0970,121.05361540871407
L09,Ries vs. Riez,Ries,Declarative final focus,Long,LD0971,147.3041793184886
L09,Ries vs. Riez,Ries,Declarative final postfocus,Long,LD0972,106.12099617174798
L09,Ries vs. Riez,Ries,Declarative non-final focus,Long,LD0973,83.29132369040715
L09,Ries vs. Riez,Ries,Declarative non-final postfocus,Long,LD0974,105.17884705754787
L09,Ries vs. Riez,Ries,Declarative non-final prefocus,Long,LD0975,104.61472332100841
L09,Ries vs. Riez,Ries,Interrogative final focus,Long,LD0976,113.51413630229435
L09,Ries vs. Riez,Ries,Interrogative final postfocus,Long,LD0977,160.1072665351566
L09,Ries vs. Riez,Ries,Interrogative non-final focus,Long,LD0978,120.67467329036874
L09,Ries vs. Riez,Ries,Interrogative non-final postfocus,Long,LD0979,125.1724520779971
L09,Ries vs. Riez,Ries,Interrogative non-final prefocus,Long,LD0980,107.99667024704618
L09,Rieten vs. Rieden,Rieten,Declarative final focus,Long,LD0981,187.74686234817815
L09,Rieten vs. Rieden,Rieten,Declarative final postfocus,Long,LD0982,96.30607614503295
L09,Rieten vs. Rieden,Rieten,Declarative non-final focus,Long,LD0983,163.8138641590239
L09,Rieten vs. Rieden,Rieten,Declarative non-final postfocus,Long,LD0984,156.18436338098007
L09,Rieten vs. Rieden,Rieten,Declarative non-final prefocus,Long,LD0985,107.40372010899523
L09,Rieten vs. Rieden,Rieten,Interrogative final focus,Long,LD0986,163.2499215070644
L09,Rieten vs. Rieden,Rieten,Interrogative final postfocus,Long,LD0987,157.79959255969578
L09,Rieten vs. Rieden,Rieten,Interrogative non-final focus,Long,LD0988,181.29871209617443
L09,Rieten vs. Rieden,Rieten,Interrogative non-final postfocus,Long,LD0989,122.21521639779387
L09,Rieten vs. Rieden,Rieten,Interrogative non-final prefocus,Long,LD0990,106.30480833780886
L09,Laten vs. Laden,Laten,Declarative final focus,Long,LD0991,133.12125024098708
L09,Laten vs. Laden,Laten,Declarative final postfocus,Long,LD0992,204.94609463218484
L09,Laten vs. Laden,Laten,Declarative non-final focus,Long,LD0993,142.27860688809946
L09,Laten vs. Laden,Laten,Declarative non-final postfocus,Long,LD0994,203.61014314632752
L09,Laten vs. Laden,Laten,Declarative non-final prefocus,Long,LD0995,190.6037205823625
L09,Laten vs. Laden,Laten,Interrogative final focus,Long,LD0996,147.20736697513016
L09,Laten vs. Laden,Laten,Interrogative final postfocus,Long,LD0997,229.65861666528963
L09,Laten vs. Laden,Laten,Interrogative non-final focus,Long,LD0998,143.44062663526947
L09,Laten vs. Laden,Laten,Interrogative non-final postfocus,Long,LD0999,159.90685117670566
L09,Laten vs. Laden,Laten,Interrogative non-final prefocus,Long,LD1000,199.8675775978407
L09,Swien vs. Swiien,Swien,Declarative final focus,Long,LD1001,112.9613756231238
L09,Swien vs. Swiien,Swien,Declarative final postfocus,Long,LD1002,99.70691245627793
L09,Swien vs. Swiien,Swien,Declarative non-final focus,Long,LD1003,98.87082231678102
L09,Swien vs. Swiien,Swien,Declarative non-final postfocus,Long,LD1004,141.83047914256798
L09,Swien vs. Swiien,Swien,Declarative non-final prefocus,Long,LD1005,110.20964830517221
L09,Swien vs. Swiien,Swien,Interrogative final focus,Long,LD1006,106.43658132281253
L09,Swien vs. Swiien,Swien,Interrogative final postfocus,Long,LD1007,191.97602479757091
L09,Swien vs. Swiien,Swien,Interrogative non-final focus,Long,LD1008,126.70279786003469
L09,Swien vs. Swiien,Swien,Interrogative non-final postfocus,Long,LD1009,148.28715168759808
L09,Swien vs. Swiien,Swien,Interrogative non-final prefocus,Long,LD1010,131.68826005604672
L09,Weken vs. Wegen,Weken,Declarative final focus,Long,LD1011,131.3713959951388
L09,Weken vs. Wegen,Weken,Declarative final postfocus,Long,LD1012,155.94346430120632
L09,Weken vs. Wegen,Weken,Declarative non-final focus,Long,LD1013,173.90290662697282
L09,Weken vs. Wegen,Weken,Declarative non-final postfocus,Long,LD1014,187.17499724586185
L09,Weken vs. Wegen,Weken,Declarative non-final prefocus,Long,LD1015,179.69171094804315
L09,Weken vs. Wegen,Weken,Interrogative final focus,Long,LD1016,175.64045278030238
L09,Weken vs. Wegen,Weken,Interrogative final postfocus,Long,LD1017,190.4978540100253
L09,Weken vs. Wegen,Weken,Interrogative non-final focus,Long,LD1018,222.80116999228838
L09,Weken vs. Wegen,Weken,Interrogative non-final postfocus,Long,LD1019,207.83416732077464
L09,Weken vs. Wegen,Weken,Interrogative non-final prefocus,Long,LD1020,211.34114183122642
L09,Siet vs. Sied,Sied,Declarative final focus,Overlong,LD1021,184.55551825993544
L09,Siet vs. Sied,Sied,Declarative final postfocus,Overlong,LD1022,215.1535381207139
L09,Siet vs. Sied,Sied,Declarative non-final focus,Overlong,LD1023,171.2971730924151
L09,Siet vs. Sied,Sied,Declarative non-final postfocus,Overlong,LD1024,178.9390668463744
L09,Siet vs. Sied,Sied,Declarative non-final prefocus,Overlong,LD1025,219.98549718217242
L09,Siet vs. Sied,Sied,Interrogative final focus,Overlong,LD1026,179.1878996942907
L09,Siet vs. Sied,Sied,Interrogative final postfocus,Overlong,LD1027,229.74546935677108
L09,Siet vs. Sied,Sied,Interrogative non-final focus,Overlong,LD1028,205.4327141686635
L09,Siet vs. Sied,Sied,Interrogative non-final postfocus,Overlong,LD1029,246.93646229240684
L09,Siet vs. Sied,Sied,Interrogative non-final prefocus,Overlong,LD1030,213.33361546035422
L09,Ries vs. Riez,Riez,Declarative final focus,Overlong,LD1031,222.16927535184118
L09,Ries vs. Riez,Riez,Declarative final postfocus,Overlong,LD1032,182.7602004668263
L09,Ries vs. Riez,Riez,Declarative non-final focus,Overlong,LD1033,170.12162859070745
L09,Ries vs. Riez,Riez,Declarative non-final postfocus,Overlong,LD1034,187.80298725006216
L09,Ries vs. Riez,Riez,Declarative non-final prefocus,Overlong,LD1035,156.03316907481624
L09,Ries vs. Riez,Riez,Interrogative final focus,Overlong,LD1036,239.20820251177378
L09,Ries vs. Riez,Riez,Interrogative final postfocus,Overlong,LD1037,251.13182983213522
L09,Ries vs. Riez,Riez,Interrogative non-final focus,Overlong,LD1038,232.93821685050543
L09,Ries vs. Riez,Riez,Interrogative non-final postfocus,Overlong,LD1039,168.55377566512442
L09,Ries vs. Riez,Riez,Interrogative non-final prefocus,Overlong,LD1040,173.9201945454295
L09,Rieten vs. Rieden,Rieden,Declarative final focus,Overlong,LD1041,188.15638512490017
L09,Rieten vs. Rieden,Rieden,Declarative final postfocus,Overlong,LD1042,156.1164679814233
L09,Rieten vs. Rieden,Rieden,Declarative non-final focus,Overlong,LD1043,179.99251507029945
L09,Rieten vs. Rieden,Rieden,Declarative non-final postfocus,Overlong,LD1044,185.82816936744328
L09,Rieten vs. Rieden,Rieden,Declarative non-final prefocus,Overlong,LD1045,199.84978603789693
L09,Rieten vs. Rieden,Rieden,Interrogative final focus,Overlong,LD1046,149.8413779985679
L09,Rieten vs. Rieden,Rieden,Interrogative final postfocus,Overlong,LD1047,168.9901442307693
L09,Rieten vs. Rieden,Rieden,Interrogative non-final focus,Overlong,LD1048,192.05427597152226
L09,Rieten vs. Rieden,Rieden,Interrogative non-final postfocus,Overlong,LD1049,165.36507993885817
L09,Rieten vs. Rieden,Rieden,Interrogative non-final prefocus,Overlong,LD1050,149.8504322275467
L09,Laten vs. Laden,Laden,Declarative final focus,Overlong,LD1051,188.15638512490017
L09,Laten vs. Laden,Laden,Declarative final postfocus,Overlong,LD1052,251.4116507787325
L09,Laten vs. Laden,Laden,Declarative non-final focus,Overlong,LD1053,233.79602582176597
L09,Laten vs. Laden,Laden,Declarative non-final postfocus,Overlong,LD1054,170.70931595816452
L09,Laten vs. Laden,Laden,Declarative non-final prefocus,Overlong,LD1055,207.5566099314219
L09,Laten vs. Laden,Laden,Interrogative final focus,Overlong,LD1056,213.8649628879893
L09,Laten vs. Laden,Laden,Interrogative final postfocus,Overlong,LD1057,204.32142073934844
L09,Laten vs. Laden,Laden,Interrogative non-final focus,Overlong,LD1058,172.9379012434933
L09,Laten vs. Laden,Laden,Interrogative non-final postfocus,Overlong,LD1059,209.89558890357762
L09,Laten vs. Laden,Laden,Interrogative non-final prefocus,Overlong,LD1060,215.773594356771
L09,Swien vs. Swiien,Swiien,Declarative final focus,Overlong,LD1061,263.97688340012127
L09,Swien vs. Swiien,Swiien,Declarative final postfocus,Overlong,LD1062,190.9232669586054
L09,Swien vs. Swiien,Swiien,Declarative non-final focus,Overlong,LD1063,230.7109444283788
L09,Swien vs. Swiien,Swiien,Declarative non-final postfocus,Overlong,LD1064,245.82095864661648
L09,Swien vs. Swiien,Swiien,Declarative non-final prefocus,Overlong,LD1065,245.58111212096168
L09,Swien vs. Swiien,Swiien,Interrogative final focus,Overlong,LD1066,240.20932860998644
L09,Swien vs. Swiien,Swiien,Interrogative final postfocus,Overlong,LD1067,260.71901336445524
L09,Swien vs. Swiien,Swiien,Interrogative non-final focus,Overlong,LD1068,240.30865350188657
L09,Swien vs. Swiien,Swiien,Interrogative non-final postfocus,Overlong,LD1069,226.11689655113042
L09,Swien vs. Swiien,Swiien,Interrogative non-final prefocus,Overlong,LD1070,204.22945240849387
L09,Weken vs. Wegen,Wegen,Declarative final focus,Overlong,LD1071,180.4129368751548
L09,Weken vs. Wegen,Wegen,Declarative final postfocus,Overlong,LD1072,198.38641891473196
L09,Weken vs. Wegen,Wegen,Declarative non-final focus,Overlong,LD1073,227.63508703076374
L09,Weken vs. Wegen,Wegen,Declarative non-final postfocus,Overlong,LD1074,183.20504039545992
L09,Weken vs. Wegen,Wegen,Declarative non-final prefocus,Overlong,LD1075,199.34729896513258
L09,Weken vs. Wegen,Wegen,Interrogative final focus,Overlong,LD1076,234.56723109284195
L09,Weken vs. Wegen,Wegen,Interrogative final postfocus,Overlong,LD1077,235.7245879120877
L09,Weken vs. Wegen,Wegen,Interrogative non-final focus,Overlong,LD1078,191.81212061747777
L09,Weken vs. Wegen,Wegen,Interrogative non-final postfocus,Overlong,LD1079,208.94512121650277
L09,Weken vs. Wegen,Wegen,Interrogative non-final prefocus,Overlong,LD1080,173.64854504048589
L10,Siet vs. Sied,Siet,Declarative final focus,Long,LD1081,139.2529099190285
L10,Siet vs. Sied,Siet,Declarative final postfocus,Long,LD1082,202.6614410339036
L10,Siet vs. Sied,Siet,Declarative non-final focus,Long,LD1083,206.17258048968569
L10,Siet vs. Sied,Siet,Declarative non-final postfocus,Long,LD1084,160.6405153508772
L10,Siet vs. Sied,Siet,Declarative non-final prefocus,Long,LD1085,116.09195742753964
L10,Siet vs. Sied,Siet,Interrogative final focus,Long,LD1086,164.38878506362053
L10,Siet vs. Sied,Siet,Interrogative final postfocus,Long,LD1087,177.33160166900763
L10,Siet vs. Sied,Siet,Interrogative non-final focus,Long,LD1088,173.76450707813484
L10,Siet vs. Sied,Siet,Interrogative non-final postfocus,Long,LD1089,157.74209820567899
L10,Siet vs. Sied,Siet,Interrogative non-final prefocus,Long,LD1090,158.11739599686027
L10,Ries vs. Riez,Ries,Declarative final focus,Long,LD1091,190.27951127819543
L10,Ries vs. Riez,Ries,Declarative final postfocus,Long,LD1092,163.1107127365117
L10,Ries vs. Riez,Ries,Declarative non-final focus,Long,LD1093,180.16634494891082
L10,Ries vs. Riez,Ries,Declarative non-final postfocus,Long,LD1094,120.54197790578769
L10,Ries vs. Riez,Ries,Declarative non-final prefocus,Long,LD1095,187.0522219009061
L10,Ries vs. Riez,Ries,Interrogative final focus,Long,LD1096,200.3115064446832
L10,Ries vs. Riez,Ries,Interrogative final postfocus,Long,LD1097,175.59862224241928
L10,Ries vs. Riez,Ries,Interrogative non-final focus,Long,LD1098,159.9470066822277
L10,Ries vs. Riez,Ries,Interrogative non-final postfocus,Long,LD1099,163.51930745476318
L10,Ries vs. Riez,Ries,Interrogative non-final prefocus,Long,LD1100,146.72812663526946
L10,Rieten vs. Rieden,Rieten,Declarative final focus,Long,LD1101,114.48594933418721
L10,Rieten vs. Rieden,Rieten,Declarative final postfocus,Long,LD1102,177.0032726906552
L10,Rieten vs. Rieden,Rieten,Declarative non-final focus,Long,LD1103,117.96174334359245
L10,Rieten vs. Rieden,Rieten,Declarative non-final postfocus,Long,LD1104,174.74252225687837
L10,Rieten vs. Rieden,Rieten,Declarative non-final prefocus,Long,LD1105,136.35690346229578
L10,Rieten vs. Rieden,Rieten,Interrogative final focus,Long,LD1106,139.19491758241753
L10,Rieten vs. Rieden,Rieten,Interrogative final postfocus,Long,LD1107,144.36757596257132
L10,Rieten vs. Rieden,Rieten,Interrogative non-final focus,Long,LD1108,123.88063995841259
L10,Rieten vs. Rieden,Rieten,Interrogative non-final postfocus,Long,LD1109,149.7217376803961
L10,Rieten vs. Rieden,Rieten,Interrogative non-final prefocus,Long,LD1110,109.45338251191173
L10,Laten vs. Laden,Laten,Declarative final focus,Long,LD1111,201.9264866321022
L10,Laten vs. Laden,Laten,Declarative final postfocus,Long,LD1112,208.51979881021254
L10,Laten vs. Laden,Laten,Declarative non-final focus,Long,LD1113,191.69323859098287
L10,Laten vs. Laden,Laten,Declarative non-final postfocus,Long,LD1114,169.24517922553673
L10,Laten vs. Laden,Laten,Declarative non-final prefocus,Long,LD1115,178.27029885840972
L10,Laten vs. Laden,Laten,Interrogative final focus,Long,LD1116,207.38700158707212
L10,Laten vs. Laden,Laten,Interrogative final postfocus,Long,LD1117,202.59561678922577
L10,Laten vs. Laden,Laten,Interrogative non-final focus,Long,LD1118,211.83201685532504
L10,Laten vs. Laden,Laten,Interrogative non-final postfocus,Long,LD1119,183.3659962922416
L10,Laten vs. Laden,Laten,Interrogative non-final prefocus,Long,LD1120,180.64750931242935
L10,Swien vs. Swiien,Swien,Declarative final focus,Long,LD1121,137.97105745132043
L10,Swien vs. Swiien,Swien,Declarative final postfocus,Long,LD1122,127.3115136742955
L10,Swien vs. Swiien,Swien,Declarative non-final focus,Long,LD1123,126.00729726100957
L10,Swien vs. Swiien,Swien,Declarative non-final postfocus,Long,LD1124,130.6083848012891
L10,Swien vs. Swiien,Swien,Declarative non-final prefocus,Long,LD1125,104.80383221102207
L10,Swien vs. Swiien,Swien,Interrogative final focus,Long,LD1126,121.41884037015616
L10,Swien vs. Swiien,Swien,Interrogative final postfocus,Long,LD1127,124.48007518797
L10,Swien vs. Swiien,Swien,Interrogative non-final focus,Long,LD1128,131.1925183838718
L10,Swien vs. Swiien,Swien,Interrogative non-final postfocus,Long,LD1129,140.2139936895812
L10,Swien vs. Swiien,Swien,Interrogative non-final prefocus,Long,LD1130,128.2460459183672
L10,Weken vs. Wegen,Weken,Declarative final focus,Long,LD1131,152.0103185504973
L10,Weken vs. Wegen,Weken,Declarative final postfocus,Long,LD1132,168.2829863119335
L10,Weken vs. Wegen,Weken,Declarative non-final focus,Long,LD1133,187.3186425886144
L10,Weken vs. Wegen,Weken,Declarative non-final postfocus,Long,LD1134,136.47586471329421
L10,Weken vs. Wegen,Weken,Declarative non-final prefocus,Long,LD1135,150.5055962364703
L10,Weken vs. Wegen,Weken,Interrogative final focus,Long,LD1136,130.53565670701482
L10,Weken vs. Wegen,Weken,Interrogative final postfocus,Long,LD1137,152.2892567097689
L10,Weken vs. Wegen,Weken,Interrogative non-final focus,Long,LD1138,159.42754293012752
L10,Weken vs. Wegen,Weken,Interrogative non-final postfocus,Long,LD1139,144.6277265967115
L10,Weken vs. Wegen,Weken,Interrogative non-final prefocus,Long,LD1140,164.29622820788236
L10,Siet vs. Sied,Sied,Declarative final focus,Overlong,LD1141,290.34931723195336
L10,Siet vs. Sied,Sied,Declarative final postfocus,Overlong,LD1142,292.6509927807155
L10,Siet vs. Sied,Sied,Declarative non-final focus,Overlong,LD1143,273.64288399570347
L10,Siet vs. Sied,Sied,Declarative non-final postfocus,Overlong,LD1144,329.84329957216653
L10,Siet vs. Sied,Sied,Declarative non-final prefocus,Overlong,LD1145,311.61560731326966
L10,Siet vs. Sied,Sied,Interrogative final focus,Overlong,LD1146,341.1225586287148
L10,Siet vs. Sied,Sied,Interrogative final postfocus,Overlong,LD1147,343.21861263736264
L10,Siet vs. Sied,Sied,Interrogative non-final focus,Overlong,LD1148,356.15832816932436
L10,Siet vs. Sied,Sied,Interrogative non-final postfocus,Overlong,LD1149,348.8354941268006
L10,Siet vs. Sied,Sied,Interrogative non-final prefocus,Overlong,LD1150,288.60932077790636
L10,Ries vs. Riez,Riez,Declarative final focus,Overlong,LD1151,323.03334090721324
L10,Ries vs. Riez,Riez,Declarative final postfocus,Overlong,LD1152,237.0177128948745
L10,Ries vs. Riez,Riez,Declarative non-final focus,Overlong,LD1153,255.94182107053354
L10,Ries vs. Riez,Riez,Declarative non-final postfocus,Overlong,LD1154,222.52776623048032
L10,Ries vs. Riez,Riez,Declarative non-final prefocus,Overlong,LD1155,310.3082671909856
L10,Ries vs. Riez,Riez,Interrogative final focus,Overlong,LD1156,304.168696380374
L10,Ries vs. Riez,Riez,Interrogative final postfocus,Overlong,LD1157,277.3700573549258
L10,Ries vs. Riez,Riez,Interrogative non-final focus,Overlong,LD1158,213.69607888195762
L10,Ries vs. Riez,Riez,Interrogative non-final postfocus,Overlong,LD1159,208.75223784478348
L10,Ries vs. Riez,Riez,Interrogative non-final prefocus,Overlong,LD1160,242.39861854154609
L10,Rieten vs. Rieden,Rieden,Declarative final focus,Overlong,LD1161,149.19241613649504
L10,Rieten vs. Rieden,Rieden,Declarative final postfocus,Overlong,LD1162,211.3066904899612
L10,Rieten vs. Rieden,Rieden,Declarative non-final focus,Overlong,LD1163,208.9223498306203
L10,Rieten vs. Rieden,Rieden,Declarative non-final postfocus,Overlong,LD1164,204.41608270332435
L10,Rieten vs. Rieden,Rieden,Declarative non-final prefocus,Overlong,LD1165,148.10054402834027
L10,Rieten vs. Rieden,Rieden,Interrogative final focus,Overlong,LD1166,191.7116186758103
L10,Rieten vs. Rieden,Rieden,Interrogative final postfocus,Overlong,LD1167,170.4043016194332
L10,Rieten vs. Rieden,Rieden,Interrogative non-final focus,Overlong,LD1168,184.0523294844254
L10,Rieten vs. Rieden,Rieden,Interrogative non-final postfocus,Overlong,LD1169,159.0500268528465
L10,Rieten vs. Rieden,Rieden,Interrogative non-final prefocus,Overlong,LD1170,191.44153102536566
L10,Laten vs. Laden,Laden,Declarative final focus,Overlong,LD1171,256.2002740367404
L10,Laten vs. Laden,Laden,Declarative final postfocus,Overlong,LD1172,235.7490796014763
L10,Laten vs. Laden,Laden,Declarative non-final focus,Overlong,LD1173,281.2550911963976
L10,Laten vs. Laden,Laden,Declarative non-final postfocus,Overlong,LD1174,222.45649813062875
L10,Laten vs. Laden,Laden,Declarative non-final prefocus,Overlong,LD1175,227.59647074416822
L10,Laten vs. Laden,Laden,Interrogative final focus,Overlong,LD1176,270.38512713789976
L10,Laten vs. Laden,Laden,Interrogative final postfocus,Overlong,LD1177,242.03497807017538
L10,Laten vs. Laden,Laden,Interrogative non-final focus,Overlong,LD1178,267.01011801481724
L10,Laten vs. Laden,Laden,Interrogative non-final postfocus,Overlong,LD1179,243.85546661984625
L10,Laten vs. Laden,Laden,Interrogative non-final prefocus,Overlong,LD1180,291.7845030674213
L10,Swien vs. Swiien,Swiien,Declarative final focus,Overlong,LD1181,232.52957686110886
L10,Swien vs. Swiien,Swiien,Declarative final postfocus,Overlong,LD1182,205.85717642320088
L10,Swien vs. Swiien,Swiien,Declarative non-final focus,Overlong,LD1183,270.42084607122183
L10,Swien vs. Swiien,Swiien,Declarative non-final postfocus,Overlong,LD1184,170.83157068495413
L10,Swien vs. Swiien,Swiien,Declarative non-final prefocus,Overlong,LD1185,228.52538936627263
L10,Swien vs. Swiien,Swiien,Interrogative final focus,Overlong,LD1186,299.96950342890204
L10,Swien vs. Swiien,Swiien,Interrogative final postfocus,Overlong,LD1187,378.2354810446444
L10,Swien vs. Swiien,Swiien,Interrogative non-final focus,Overlong,LD1188,302.229257897491
L10,Swien vs. Swiien,Swiien,Interrogative non-final postfocus,Overlong,LD1189,238.44823580241825
L10,Swien vs. Swiien,Swiien,Interrogative non-final prefocus,Overlong,LD1190,235.12406617505312
L10,Weken vs. Wegen,Wegen,Declarative final focus,Overlong,LD1191,174.53044957861687
L10,Weken vs. Wegen,Wegen,Declarative final postfocus,Overlong,LD1192,191.84632296744607
L10,Weken vs. Wegen,Wegen,Declarative non-final focus,Overlong,LD1193,191.65892306315246
L10,Weken vs. Wegen,Wegen,Declarative non-final postfocus,Overlong,LD1194,192.3075680272106
L10,Weken vs. Wegen,Wegen,Declarative non-final prefocus,Overlong,LD1195,200.31626557379045
L10,Weken vs. Wegen,Wegen,Interrogative final focus,Overlong,LD1196,213.30640750227215
L10,Weken vs. Wegen,Wegen,Interrogative final postfocus,Overlong,LD1197,198.19906428158296
L10,Weken vs. Wegen,Wegen,Interrogative non-final focus,Overlong,LD1198,217.4610762827398
L10,Weken vs. Wegen,Wegen,Interrogative non-final postfocus,Overlong,LD1199,202.179891865653
L10,Weken vs. Wegen,Wegen,Interrogative non-final prefocus,Overlong,LD1200,196.1811482690241
