speaker_id,pair_id,word,context_id,condition,token_id,time_ms,duration_ms,intensity_db
LF01,Laten vs. Laden,Laten,Declarative final focus,Long,LFP0001,0,211.281813878515,71.9884409059482
LF01,Laten vs. Laden,Laten,Declarative final focus,Long,LFP0001,21.1281813878514,211.281813878515,71.2803090116132
LF01,Laten vs. Laden,Laten,Declarative final focus,Long,LFP0001,42.2563627757029,211.281813878515,71.0814703560533
LF01,Laten vs. Laden,Laten,Declarative final focus,Long,LFP0001,63.3845441635543,211.281813878515,70.8919691177323
LF01,Laten vs. Laden,Laten,Declarative final focus,Long,LFP0001,84.5127255514058,211.281813878515,69.5421371391789
LF01,Laten vs. Laden,Laten,Declarative final focus,Long,LFP0001,105.640906939257,211.281813878515,70.3969779652074
LF01,Laten vs. Laden,Laten,Declarative final focus,Long,LFP0001,126.769088327109,211.281813878515,69.4328829218568
LF01,Laten vs. Laden,Laten,Declarative final focus,Long,LFP0001,147.89726971496,211.281813878515,67.8899774102355
LF01,Laten vs. Laden,Laten,Declarative final focus,Long,LFP0001,169.025451102812,211.281813878515,66.1170394193698
LF01,Laten vs. Laden,Laten,Declarative final focus,Long,LFP0001,190.153632490663,211.281813878515,65.0749787895225
LF02,Laten vs. Laden,Laten,Declarative final focus,Long,LFP0002,0,140.614066114806,62.2375122848596
LF02,Laten vs. Laden,Laten,Declarative final focus,Long,LFP0002,14.0614066114808,140.614066114806,63.2581037661201
LF02,Laten vs. Laden,Laten,Declarative final focus,Long,LFP0002,28.1228132229612,140.614066114806,63.5849440876703
LF02,Laten vs. Laden,Laten,Declarative final focus,Long,LFP0002,42.184219834442,140.614066114806,63.7184304682101
LF02,Laten vs. Laden,Laten,Declarative final focus,Long,LFP0002,56.2456264459223,140.614066114806,64.8719221478503
LF02,Laten vs. Laden,Laten,Declarative final focus,Long,LFP0002,70.3070330574032,140.614066114806,65.6321530896287
LF02,Laten vs. Laden,Laten,Declarative final focus,Long,LFP0002,84.368439668884,140.614066114806,63.9224230151076
LF02,Laten vs. Laden,Laten,Declarative final focus,Long,LFP0002,98.4298462803643,140.614066114806,63.0814141486044
LF02,Laten vs. Laden,Laten,Declarative final focus,Long,LFP0002,112.491252891845,140.614066114806,62.9104716985589
LF02,Laten vs. Laden,Laten,Declarative final focus,Long,LFP0002,126.552659503326,140.614066114806,63.9786346170141
LF03,Laten vs. Laden,Laten,Declarative final focus,Long,LFP0003,0,250.419806384667,67.6214475829976
LF03,Laten vs. Laden,Laten,Declarative final focus,Long,LFP0003,25.0419806384667,250.419806384667,70.1228649516863
LF03,Laten vs. Laden,Laten,Declarative final focus,Long,LFP0003,50.0839612769335,250.419806384667,67.6033366592194
LF03,Laten vs. Laden,Laten,Declarative final focus,Long,LFP0003,75.1259419154002,250.419806384667,64.4005752283949
LF03,Laten vs. Laden,Laten,Declarative final focus,Long,LFP0003,100.167922553867,250.419806384667,63.9992573113642
LF03,Laten vs. Laden,Laten,Declarative final focus,Long,LFP0003,125.209903192334,250.419806384667,66.93592097385
LF03,Laten vs. Laden,Laten,Declarative final focus,Long,LFP0003,150.2518838308,250.419806384667,69.6076729253091
LF03,Laten vs. Laden,Laten,Declarative final focus,Long,LFP0003,175.293864469267,250.419806384667,70.6486021515329
LF03,Laten vs. Laden,Laten,Declarative final focus,Long,LFP0003,200.335845107734,250.419806384667,64.6292673777715
LF03,Laten vs. Laden,Laten,Declarative final focus,Long,LFP0003,225.3778257462,250.419806384667,62.9064407600074
LF04,Laten vs. Laden,Laten,Declarative final focus,Long,LFP0004,0,205.550043437022,65.4787051739857
LF04,Laten vs. Laden,Laten,Declarative final focus,Long,LFP0004,20.5550043437022,205.550043437022,65.9542927067685
LF04,Laten vs. Laden,Laten,Declarative final focus,Long,LFP0004,41.1100086874043,205.550043437022,62.8475693269421
LF04,Laten vs. Laden,Laten,Declarative final focus,Long,LFP0004,61.6650130311067,205.550043437022,59.9004744294748
LF04,Laten vs. Laden,Laten,Declarative final focus,Long,LFP0004,82.2200173748089,205.550043437022,60.2514230734114
LF04,Laten vs. Laden,Laten,Declarative final focus,Long,LFP0004,102.775021718511,205.550043437022,61.9975367663962
LF04,Laten vs. Laden,Laten,Declarative final focus,Long,LFP0004,123.330026062213,205.550043437022,61.5281934035127
LF04,Laten vs. Laden,Laten,Declarative final focus,Long,LFP0004,143.885030405915,205.550043437022,58.213365957283
LF04,Laten vs. Laden,Laten,Declarative final focus,Long,LFP0004,164.440034749618,205.550043437022,57.213356788482
LF04,Laten vs. Laden,Laten,Declarative final focus,Long,LFP0004,184.99503909332,205.550043437022,51.9492906680454
LF05,Laten vs. Laden,Laten,Declarative final focus,Long,LFP0005,0,161.956689305342,63.1665274071582
LF05,Laten vs. Laden,Laten,Declarative final focus,Long,LFP0005,16.1956689305343,161.956689305342,63.7469286241113
LF05,Laten vs. Laden,Laten,Declarative final focus,Long,LFP0005,32.3913378610685,161.956689305342,61.8350204217115
LF05,Laten vs. Laden,Laten,Declarative final focus,Long,LFP0005,48.5870067916025,161.956689305342,59.1161683900146
LF05,Laten vs. Laden,Laten,Declarative final focus,Long,LFP0005,64.7826757221368,161.956689305342,59.3897029917151
LF05,Laten vs. Laden,Laten,Declarative final focus,Long,LFP0005,80.9783446526711,161.956689305342,56.8713387218689
LF05,Laten vs. Laden,Laten,Declarative final focus,Long,LFP0005,97.1740135832053,161.956689305342,57.7738323973837
LF05,Laten vs. Laden,Laten,Declarative final focus,Long,LFP0005,113.36968251374,161.956689305342,56.1478911129451
LF05,Laten vs. Laden,Laten,Declarative final focus,Long,LFP0005,129.565351444274,161.956689305342,55.378715905379
LF05,Laten vs. Laden,Laten,Declarative final focus,Long,LFP0005,145.761020374808,161.956689305342,52.9361226548249
LF06,Laten vs. Laden,Laten,Declarative final focus,Long,LFP0006,0,125.837123027349,78.4358569166437
LF06,Laten vs. Laden,Laten,Declarative final focus,Long,LFP0006,12.5837123027348,125.837123027349,80.646013491064
LF06,Laten vs. Laden,Laten,Declarative final focus,Long,LFP0006,25.1674246054696,125.837123027349,81.002165078337
LF06,Laten vs. Laden,Laten,Declarative final focus,Long,LFP0006,37.7511369082046,125.837123027349,80.7299797828185
LF06,Laten vs. Laden,Laten,Declarative final focus,Long,LFP0006,50.3348492109394,125.837123027349,80.260402839812
LF06,Laten vs. Laden,Laten,Declarative final focus,Long,LFP0006,62.9185615136743,125.837123027349,79.7639598961059
LF06,Laten vs. Laden,Laten,Declarative final focus,Long,LFP0006,75.5022738164091,125.837123027349,78.2472475688685
LF06,Laten vs. Laden,Laten,Declarative final focus,Long,LFP0006,88.0859861191439,125.837123027349,77.0854818390307
LF06,Laten vs. Laden,Laten,Declarative final focus,Long,LFP0006,100.669698421879,125.837123027349,76.1765209962725
LF06,Laten vs. Laden,Laten,Declarative final focus,Long,LFP0006,113.253410724614,125.837123027349,74.9478858105005
LF07,Laten vs. Laden,Laten,Declarative final focus,Long,LFP0007,0,191.841038760278,71.9425509272257
LF07,Laten vs. Laden,Laten,Declarative final focus,Long,LFP0007,19.1841038760279,191.841038760278,74.7907807893368
LF07,Laten vs. Laden,Laten,Declarative final focus,Long,LFP0007,38.3682077520555,191.841038760278,74.7679436344414
LF07,Laten vs. Laden,Laten,Declarative final focus,Long,LFP0007,57.5523116280834,191.841038760278,75.1997435883449
LF07,Laten vs. Laden,Laten,Declarative final focus,Long,LFP0007,76.736415504111,191.841038760278,76.8221533301134
LF07,Laten vs. Laden,Laten,Declarative final focus,Long,LFP0007,95.9205193801389,191.841038760278,75.6547597612022
LF07,Laten vs. Laden,Laten,Declarative final focus,Long,LFP0007,115.104623256167,191.841038760278,75.4801114384263
LF07,Laten vs. Laden,Laten,Declarative final focus,Long,LFP0007,134.288727132194,191.841038760278,76.1799404978523
LF07,Laten vs. Laden,Laten,Declarative final focus,Long,LFP0007,153.472831008222,191.841038760278,74.2803716289107
LF07,Laten vs. Laden,Laten,Declarative final focus,Long,LFP0007,172.65693488425,191.841038760278,74.0498949748414
LF08,Laten vs. Laden,Laten,Declarative final focus,Long,LFP0008,0,145.504198597455,78.4498352132915
LF08,Laten vs. Laden,Laten,Declarative final focus,Long,LFP0008,14.5504198597455,145.504198597455,80.7834342882926
LF08,Laten vs. Laden,Laten,Declarative final focus,Long,LFP0008,29.100839719491,145.504198597455,80.9582751081506
LF08,Laten vs. Laden,Laten,Declarative final focus,Long,LFP0008,43.6512595792364,145.504198597455,80.4996493219419
LF08,Laten vs. Laden,Laten,Declarative final focus,Long,LFP0008,58.2016794389819,145.504198597455,80.0286290099114
LF08,Laten vs. Laden,Laten,Declarative final focus,Long,LFP0008,72.7520992987276,145.504198597455,78.6354047200816
LF08,Laten vs. Laden,Laten,Declarative final focus,Long,LFP0008,87.3025191584731,145.504198597455,77.1305964006652
LF08,Laten vs. Laden,Laten,Declarative final focus,Long,LFP0008,101.852939018219,145.504198597455,76.0822348190035
LF08,Laten vs. Laden,Laten,Declarative final focus,Long,LFP0008,116.403358877964,145.504198597455,74.5093382305589
LF08,Laten vs. Laden,Laten,Declarative final focus,Long,LFP0008,130.95377873771,145.504198597455,70.980179122697
LF09,Laten vs. Laden,Laten,Declarative final focus,Long,LFP0009,0,133.121250240987,69.3254338392705
LF09,Laten vs. Laden,Laten,Declarative final focus,Long,LFP0009,13.3121250240986,133.121250240987,71.8149088209029
LF09,Laten vs. Laden,Laten,Declarative final focus,Long,LFP0009,26.6242500481975,133.121250240987,73.0728657867805
LF09,Laten vs. Laden,Laten,Declarative final focus,Long,LFP0009,39.9363750722961,133.121250240987,73.3714051138622
LF09,Laten vs. Laden,Laten,Declarative final focus,Long,LFP0009,53.2485000963949,133.121250240987,72.1321004104098
LF09,Laten vs. Laden,Laten,Declarative final focus,Long,LFP0009,66.5606251204935,133.121250240987,71.7068043171831
LF09,Laten vs. Laden,Laten,Declarative final focus,Long,LFP0009,79.8727501445922,133.121250240987,71.8211048345257
LF09,Laten vs. Laden,Laten,Declarative final focus,Long,LFP0009,93.184875168691,133.121250240987,71.9850965531704
LF09,Laten vs. Laden,Laten,Declarative final focus,Long,LFP0009,106.49700019279,133.121250240987,72.0471690615078
LF09,Laten vs. Laden,Laten,Declarative final focus,Long,LFP0009,119.809125216888,133.121250240987,69.9593119814141
LF10,Laten vs. Laden,Laten,Declarative final focus,Long,LFP0010,0,201.926486632102,75.378168667683
LF10,Laten vs. Laden,Laten,Declarative final focus,Long,LFP0010,20.1926486632102,201.926486632102,77.3042952648728
LF10,Laten vs. Laden,Laten,Declarative final focus,Long,LFP0010,40.3852973264205,201.926486632102,77.6345893362933
LF10,Laten vs. Laden,Laten,Declarative final focus,Long,LFP0010,60.5779459896307,201.926486632102,77.1417857008801
LF10,Laten vs. Laden,Laten,Declarative final focus,Long,LFP0010,80.770594652841,201.926486632102,76.1987004766787
LF10,Laten vs. Laden,Laten,Declarative final focus,Long,LFP0010,100.963243316051,201.926486632102,77.0030085274166
LF10,Laten vs. Laden,Laten,Declarative final focus,Long,LFP0010,121.155891979261,201.926486632102,76.7174675763341
LF10,Laten vs. Laden,Laten,Declarative final focus,Long,LFP0010,141.348540642471,201.926486632102,77.570728887846
LF10,Laten vs. Laden,Laten,Declarative final focus,Long,LFP0010,161.541189305682,201.926486632102,76.4110463668692
LF10,Laten vs. Laden,Laten,Declarative final focus,Long,LFP0010,181.733837968892,201.926486632102,74.6699953809129
LF01,Ries vs. Riez,Ries,Declarative final focus,Long,LFP0011,0,146.453292673917,63.4628867934135
LF01,Ries vs. Riez,Ries,Declarative final focus,Long,LFP0011,14.6453292673918,146.453292673917,66.3260238011178
LF01,Ries vs. Riez,Ries,Declarative final focus,Long,LFP0011,29.2906585347834,146.453292673917,66.5753452502522
LF01,Ries vs. Riez,Ries,Declarative final focus,Long,LFP0011,43.9359878021752,146.453292673917,64.56933176136
LF01,Ries vs. Riez,Ries,Declarative final focus,Long,LFP0011,58.5813170695668,146.453292673917,64.292910718104
LF01,Ries vs. Riez,Ries,Declarative final focus,Long,LFP0011,73.2266463369586,146.453292673917,62.2593844179921
LF01,Ries vs. Riez,Ries,Declarative final focus,Long,LFP0011,87.8719756043505,146.453292673917,61.8503040881517
LF01,Ries vs. Riez,Ries,Declarative final focus,Long,LFP0011,102.517304871742,146.453292673917,63.8427263882134
LF01,Ries vs. Riez,Ries,Declarative final focus,Long,LFP0011,117.162634139134,146.453292673917,64.1391818547679
LF01,Ries vs. Riez,Ries,Declarative final focus,Long,LFP0011,131.807963406525,146.453292673917,61.936032236567
LF02,Ries vs. Riez,Ries,Declarative final focus,Long,LFP0012,0,132.016589034399,64.5162060629945
LF02,Ries vs. Riez,Ries,Declarative final focus,Long,LFP0012,13.2016589034398,132.016589034399,66.6159663488182
LF02,Ries vs. Riez,Ries,Declarative final focus,Long,LFP0012,26.4033178068799,132.016589034399,67.725277191951
LF02,Ries vs. Riez,Ries,Declarative final focus,Long,LFP0012,39.6049767103197,132.016589034399,66.5905073895321
LF02,Ries vs. Riez,Ries,Declarative final focus,Long,LFP0012,52.8066356137598,132.016589034399,65.9100223440246
LF02,Ries vs. Riez,Ries,Declarative final focus,Long,LFP0012,66.0082945171996,132.016589034399,65.2466915454245
LF02,Ries vs. Riez,Ries,Declarative final focus,Long,LFP0012,79.2099534206394,132.016589034399,66.0721002379639
LF02,Ries vs. Riez,Ries,Declarative final focus,Long,LFP0012,92.4116123240795,132.016589034399,65.4180178115457
LF02,Ries vs. Riez,Ries,Declarative final focus,Long,LFP0012,105.613271227519,132.016589034399,64.6809519680474
LF02,Ries vs. Riez,Ries,Declarative final focus,Long,LFP0012,118.814930130959,132.016589034399,62.9303890611768
LF03,Ries vs. Riez,Ries,Declarative final focus,Long,LFP0013,0,153.701559224634,54.8709290759203
LF03,Ries vs. Riez,Ries,Declarative final focus,Long,LFP0013,15.3701559224633,153.701559224634,58.9102655264303
LF03,Ries vs. Riez,Ries,Declarative final focus,Long,LFP0013,30.7403118449268,153.701559224634,59.3205035472695
LF03,Ries vs. Riez,Ries,Declarative final focus,Long,LFP0013,46.11046776739,153.701559224634,57.4560403148542
LF03,Ries vs. Riez,Ries,Declarative final focus,Long,LFP0013,61.4806236898535,153.701559224634,56.3472687156094
LF03,Ries vs. Riez,Ries,Declarative final focus,Long,LFP0013,76.8507796123168,153.701559224634,54.6615200397753
LF03,Ries vs. Riez,Ries,Declarative final focus,Long,LFP0013,92.2209355347801,153.701559224634,57.8573050503344
LF03,Ries vs. Riez,Ries,Declarative final focus,Long,LFP0013,107.591091457244,153.701559224634,57.8528058416217
LF03,Ries vs. Riez,Ries,Declarative final focus,Long,LFP0013,122.961247379707,153.701559224634,56.2872672656039
LF03,Ries vs. Riez,Ries,Declarative final focus,Long,LFP0013,138.33140330217,153.701559224634,55.3944329035649
LF04,Ries vs. Riez,Ries,Declarative final focus,Long,LFP0014,0,166.476491510505,60.6696197458427
LF04,Ries vs. Riez,Ries,Declarative final focus,Long,LFP0014,16.6476491510505,166.476491510505,63.6266486001541
LF04,Ries vs. Riez,Ries,Declarative final focus,Long,LFP0014,33.2952983021011,166.476491510505,65.5835592140849
LF04,Ries vs. Riez,Ries,Declarative final focus,Long,LFP0014,49.9429474531515,166.476491510505,65.7711922787717
LF04,Ries vs. Riez,Ries,Declarative final focus,Long,LFP0014,66.5905966042021,166.476491510505,64.5509668420889
LF04,Ries vs. Riez,Ries,Declarative final focus,Long,LFP0014,83.2382457552526,166.476491510505,61.1069059740872
LF04,Ries vs. Riez,Ries,Declarative final focus,Long,LFP0014,99.8858949063031,166.476491510505,56.5043595448573
LF04,Ries vs. Riez,Ries,Declarative final focus,Long,LFP0014,116.533544057354,166.476491510505,59.2516146259608
LF04,Ries vs. Riez,Ries,Declarative final focus,Long,LFP0014,133.181193208404,166.476491510505,60.8191047148394
LF04,Ries vs. Riez,Ries,Declarative final focus,Long,LFP0014,149.828842359455,166.476491510505,54.5894037381399
LF05,Ries vs. Riez,Ries,Declarative final focus,Long,LFP0015,0,162.571160374008,63.2597820208132
LF05,Ries vs. Riez,Ries,Declarative final focus,Long,LFP0015,16.2571160374008,162.571160374008,67.4721495020268
LF05,Ries vs. Riez,Ries,Declarative final focus,Long,LFP0015,32.5142320748015,162.571160374008,70.2047857438666
LF05,Ries vs. Riez,Ries,Declarative final focus,Long,LFP0015,48.7713481122025,162.571160374008,67.8636370965158
LF05,Ries vs. Riez,Ries,Declarative final focus,Long,LFP0015,65.0284641496033,162.571160374008,65.8334495218926
LF05,Ries vs. Riez,Ries,Declarative final focus,Long,LFP0015,81.285580187004,162.571160374008,64.7098877632111
LF05,Ries vs. Riez,Ries,Declarative final focus,Long,LFP0015,97.5426962244048,162.571160374008,61.2974925800502
LF05,Ries vs. Riez,Ries,Declarative final focus,Long,LFP0015,113.799812261806,162.571160374008,60.359012858657
LF05,Ries vs. Riez,Ries,Declarative final focus,Long,LFP0015,130.056928299207,162.571160374008,58.0122159161773
LF05,Ries vs. Riez,Ries,Declarative final focus,Long,LFP0015,146.314044336607,162.571160374008,55.2842296819202
LF06,Ries vs. Riez,Ries,Declarative final focus,Long,LFP0016,0,182.923629299898,71.2592427642547
LF06,Ries vs. Riez,Ries,Declarative final focus,Long,LFP0016,18.2923629299898,182.923629299898,75.0883518603965
LF06,Ries vs. Riez,Ries,Declarative final focus,Long,LFP0016,36.5847258599796,182.923629299898,75.7567356642205
LF06,Ries vs. Riez,Ries,Declarative final focus,Long,LFP0016,54.8770887899694,182.923629299898,75.466437328552
LF06,Ries vs. Riez,Ries,Declarative final focus,Long,LFP0016,73.1694517199593,182.923629299898,74.441110716963
LF06,Ries vs. Riez,Ries,Declarative final focus,Long,LFP0016,91.4618146499491,182.923629299898,74.5345260602541
LF06,Ries vs. Riez,Ries,Declarative final focus,Long,LFP0016,109.754177579939,182.923629299898,74.4452901534563
LF06,Ries vs. Riez,Ries,Declarative final focus,Long,LFP0016,128.046540509929,182.923629299898,71.9780779916657
LF06,Ries vs. Riez,Ries,Declarative final focus,Long,LFP0016,146.338903439919,182.923629299898,69.8614924779892
LF06,Ries vs. Riez,Ries,Declarative final focus,Long,LFP0016,164.631266369908,182.923629299898,67.3847504921361
LF07,Ries vs. Riez,Ries,Declarative final focus,Long,LFP0017,0,212.328102282076,67.2548816478824
LF07,Ries vs. Riez,Ries,Declarative final focus,Long,LFP0017,21.2328102282076,212.328102282076,69.879483660132
LF07,Ries vs. Riez,Ries,Declarative final focus,Long,LFP0017,42.4656204564153,212.328102282076,70.028661377575
LF07,Ries vs. Riez,Ries,Declarative final focus,Long,LFP0017,63.6984306846229,212.328102282076,69.7006861632998
LF07,Ries vs. Riez,Ries,Declarative final focus,Long,LFP0017,84.9312409128307,212.328102282076,65.8127330729035
LF07,Ries vs. Riez,Ries,Declarative final focus,Long,LFP0017,106.164051141038,212.328102282076,66.9057919083724
LF07,Ries vs. Riez,Ries,Declarative final focus,Long,LFP0017,127.396861369246,212.328102282076,65.2832660541072
LF07,Ries vs. Riez,Ries,Declarative final focus,Long,LFP0017,148.629671597454,212.328102282076,66.960783273677
LF07,Ries vs. Riez,Ries,Declarative final focus,Long,LFP0017,169.862481825661,212.328102282076,62.8500734910863
LF07,Ries vs. Riez,Ries,Declarative final focus,Long,LFP0017,191.095292053869,212.328102282076,63.0609660664421
LF08,Ries vs. Riez,Ries,Declarative final focus,Long,LFP0018,0,179.940917282905,71.7764528376673
LF08,Ries vs. Riez,Ries,Declarative final focus,Long,LFP0018,17.9940917282906,179.940917282905,75.1693108558052
LF08,Ries vs. Riez,Ries,Declarative final focus,Long,LFP0018,35.9881834565809,179.940917282905,75.7812501517424
LF08,Ries vs. Riez,Ries,Declarative final focus,Long,LFP0018,53.9822751848715,179.940917282905,75.4296732717731
LF08,Ries vs. Riez,Ries,Declarative final focus,Long,LFP0018,71.9763669131621,179.940917282905,74.4253223444966
LF08,Ries vs. Riez,Ries,Declarative final focus,Long,LFP0018,89.9704586414527,179.940917282905,74.5404000235642
LF08,Ries vs. Riez,Ries,Declarative final focus,Long,LFP0018,107.964550369743,179.940917282905,74.4657517994829
LF08,Ries vs. Riez,Ries,Declarative final focus,Long,LFP0018,125.958642098034,179.940917282905,72.0983467578841
LF08,Ries vs. Riez,Ries,Declarative final focus,Long,LFP0018,143.952733826324,179.940917282905,69.9642831058302
LF08,Ries vs. Riez,Ries,Declarative final focus,Long,LFP0018,161.946825554615,179.940917282905,67.7088483914943
LF09,Ries vs. Riez,Ries,Declarative final focus,Long,LFP0019,0,147.304179318489,70.1408407530607
LF09,Ries vs. Riez,Ries,Declarative final focus,Long,LFP0019,14.7304179318488,147.304179318489,71.0570905954668
LF09,Ries vs. Riez,Ries,Declarative final focus,Long,LFP0019,29.4608358636976,147.304179318489,71.91652132073
LF09,Ries vs. Riez,Ries,Declarative final focus,Long,LFP0019,44.1912537955467,147.304179318489,72.6221498640754
LF09,Ries vs. Riez,Ries,Declarative final focus,Long,LFP0019,58.9216717273955,147.304179318489,72.8966723807044
LF09,Ries vs. Riez,Ries,Declarative final focus,Long,LFP0019,73.6520896592443,147.304179318489,72.0729358992801
LF09,Ries vs. Riez,Ries,Declarative final focus,Long,LFP0019,88.3825075910931,147.304179318489,69.3831986661126
LF09,Ries vs. Riez,Ries,Declarative final focus,Long,LFP0019,103.112925522942,147.304179318489,65.688195427497
LF09,Ries vs. Riez,Ries,Declarative final focus,Long,LFP0019,117.843343454791,147.304179318489,64.7300877559539
LF09,Ries vs. Riez,Ries,Declarative final focus,Long,LFP0019,132.57376138664,147.304179318489,63.9617962542817
LF10,Ries vs. Riez,Ries,Declarative final focus,Long,LFP0020,0,190.279511278195,69.3492512564917
LF10,Ries vs. Riez,Ries,Declarative final focus,Long,LFP0020,19.0279511278195,190.279511278195,71.4196360207938
LF10,Ries vs. Riez,Ries,Declarative final focus,Long,LFP0020,38.055902255639,190.279511278195,70.8170597902154
LF10,Ries vs. Riez,Ries,Declarative final focus,Long,LFP0020,57.0838533834586,190.279511278195,69.6327502522935
LF10,Ries vs. Riez,Ries,Declarative final focus,Long,LFP0020,76.1118045112781,190.279511278195,67.6399142797508
LF10,Ries vs. Riez,Ries,Declarative final focus,Long,LFP0020,95.1397556390976,190.279511278195,68.6100471269828
LF10,Ries vs. Riez,Ries,Declarative final focus,Long,LFP0020,114.167706766917,190.279511278195,67.0479577554461
LF10,Ries vs. Riez,Ries,Declarative final focus,Long,LFP0020,133.195657894737,190.279511278195,61.819926101019
LF10,Ries vs. Riez,Ries,Declarative final focus,Long,LFP0020,152.223609022556,190.279511278195,58.6964941733751
LF10,Ries vs. Riez,Ries,Declarative final focus,Long,LFP0020,171.251560150376,190.279511278195,61.3331879608198
LF01,Rieten vs. Rieden,Rieten,Declarative final focus,Long,LFP0021,0,175.602201617687,64.7042459654804
LF01,Rieten vs. Rieden,Rieten,Declarative final focus,Long,LFP0021,17.5602201617686,175.602201617687,68.0060241491594
LF01,Rieten vs. Rieden,Rieten,Declarative final focus,Long,LFP0021,35.1204403235375,175.602201617687,67.9140791923986
LF01,Rieten vs. Rieden,Rieten,Declarative final focus,Long,LFP0021,52.6806604853063,175.602201617687,61.5009733715151
LF01,Rieten vs. Rieden,Rieten,Declarative final focus,Long,LFP0021,70.2408806470749,175.602201617687,64.1164488668493
LF01,Rieten vs. Rieden,Rieten,Declarative final focus,Long,LFP0021,87.8011008088435,175.602201617687,56.7065303828366
LF01,Rieten vs. Rieden,Rieten,Declarative final focus,Long,LFP0021,105.361320970612,175.602201617687,58.6703735789503
LF01,Rieten vs. Rieden,Rieten,Declarative final focus,Long,LFP0021,122.921541132381,175.602201617687,57.7791725096952
LF01,Rieten vs. Rieden,Rieten,Declarative final focus,Long,LFP0021,140.48176129415,175.602201617687,53.8749596058957
LF01,Rieten vs. Rieden,Rieten,Declarative final focus,Long,LFP0021,158.041981455918,175.602201617687,53.5679718251659
LF02,Rieten vs. Rieden,Rieten,Declarative final focus,Long,LFP0022,0,185.064275386268,61.1529996401722
LF02,Rieten vs. Rieden,Rieten,Declarative final focus,Long,LFP0022,18.5064275386267,185.064275386268,64.6651791093882
LF02,Rieten vs. Rieden,Rieten,Declarative final focus,Long,LFP0022,37.0128550772536,185.064275386268,68.0440590160538
LF02,Rieten vs. Rieden,Rieten,Declarative final focus,Long,LFP0022,55.5192826158802,185.064275386268,69.3278804124768
LF02,Rieten vs. Rieden,Rieten,Declarative final focus,Long,LFP0022,74.0257101545071,185.064275386268,68.7736523313906
LF02,Rieten vs. Rieden,Rieten,Declarative final focus,Long,LFP0022,92.5321376931339,185.064275386268,68.1844069274173
LF02,Rieten vs. Rieden,Rieten,Declarative final focus,Long,LFP0022,111.038565231761,185.064275386268,66.515459136702
LF02,Rieten vs. Rieden,Rieten,Declarative final focus,Long,LFP0022,129.544992770387,185.064275386268,62.5491014063507
LF02,Rieten vs. Rieden,Rieten,Declarative final focus,Long,LFP0022,148.051420309014,185.064275386268,61.1740885285451
LF02,Rieten vs. Rieden,Rieten,Declarative final focus,Long,LFP0022,166.557847847641,185.064275386268,58.3758742147993
LF03,Rieten vs. Rieden,Rieten,Declarative final focus,Long,LFP0023,0,182.013864279756,59.7042024027192
LF03,Rieten vs. Rieden,Rieten,Declarative final focus,Long,LFP0023,18.2013864279758,182.013864279756,62.4138897669282
LF03,Rieten vs. Rieden,Rieten,Declarative final focus,Long,LFP0023,36.4027728559511,182.013864279756,64.1142829965921
LF03,Rieten vs. Rieden,Rieten,Declarative final focus,Long,LFP0023,54.6041592839268,182.013864279756,64.5180372316411
LF03,Rieten vs. Rieden,Rieten,Declarative final focus,Long,LFP0023,72.8055457119021,182.013864279756,64.501777569181
LF03,Rieten vs. Rieden,Rieten,Declarative final focus,Long,LFP0023,91.0069321398779,182.013864279756,64.3483807350555
LF03,Rieten vs. Rieden,Rieten,Declarative final focus,Long,LFP0023,109.208318567854,182.013864279756,64.7242758572657
LF03,Rieten vs. Rieden,Rieten,Declarative final focus,Long,LFP0023,127.409704995829,182.013864279756,62.2003807651907
LF03,Rieten vs. Rieden,Rieten,Declarative final focus,Long,LFP0023,145.611091423805,182.013864279756,61.7946706689569
LF03,Rieten vs. Rieden,Rieten,Declarative final focus,Long,LFP0023,163.81247785178,182.013864279756,61.1886981801475
LF04,Rieten vs. Rieden,Rieten,Declarative final focus,Long,LFP0024,0,144.898635440507,58.4151256016368
LF04,Rieten vs. Rieden,Rieten,Declarative final focus,Long,LFP0024,14.4898635440507,144.898635440507,60.364377781265
LF04,Rieten vs. Rieden,Rieten,Declarative final focus,Long,LFP0024,28.9797270881015,144.898635440507,60.9840619165687
LF04,Rieten vs. Rieden,Rieten,Declarative final focus,Long,LFP0024,43.4695906321522,144.898635440507,61.0754910210764
LF04,Rieten vs. Rieden,Rieten,Declarative final focus,Long,LFP0024,57.959454176203,144.898635440507,59.6478126033219
LF04,Rieten vs. Rieden,Rieten,Declarative final focus,Long,LFP0024,72.4493177202536,144.898635440507,60.921648828244
LF04,Rieten vs. Rieden,Rieten,Declarative final focus,Long,LFP0024,86.9391812643043,144.898635440507,61.2442704049055
LF04,Rieten vs. Rieden,Rieten,Declarative final focus,Long,LFP0024,101.429044808355,144.898635440507,57.4874665435878
LF04,Rieten vs. Rieden,Rieten,Declarative final focus,Long,LFP0024,115.918908352406,144.898635440507,57.0113843857794
LF04,Rieten vs. Rieden,Rieten,Declarative final focus,Long,LFP0024,130.408771896457,144.898635440507,54.632362898254
LF05,Rieten vs. Rieden,Rieten,Declarative final focus,Long,LFP0025,0,138.258143466928,62.6231797978651
LF05,Rieten vs. Rieden,Rieten,Declarative final focus,Long,LFP0025,13.8258143466929,138.258143466928,69.2869191908216
LF05,Rieten vs. Rieden,Rieten,Declarative final focus,Long,LFP0025,27.6516286933854,138.258143466928,70.6471979072231
LF05,Rieten vs. Rieden,Rieten,Declarative final focus,Long,LFP0025,41.4774430400784,138.258143466928,70.2763539626033
LF05,Rieten vs. Rieden,Rieten,Declarative final focus,Long,LFP0025,55.3032573867713,138.258143466928,70.418799595552
LF05,Rieten vs. Rieden,Rieten,Declarative final focus,Long,LFP0025,69.1290717334638,138.258143466928,69.5060891323577
LF05,Rieten vs. Rieden,Rieten,Declarative final focus,Long,LFP0025,82.9548860801568,138.258143466928,69.0190390522203
LF05,Rieten vs. Rieden,Rieten,Declarative final focus,Long,LFP0025,96.7807004268497,138.258143466928,66.5864106444748
LF05,Rieten vs. Rieden,Rieten,Declarative final focus,Long,LFP0025,110.606514773543,138.258143466928,63.4713553265468
LF05,Rieten vs. Rieden,Rieten,Declarative final focus,Long,LFP0025,124.432329120235,138.258143466928,63.1054526480151
LF06,Rieten vs. Rieden,Rieten,Declarative final focus,Long,LFP0026,0,115.476187722052,73.5563973459046
LF06,Rieten vs. Rieden,Rieten,Declarative final focus,Long,LFP0026,11.5476187722052,115.476187722052,74.7318360208496
LF06,Rieten vs. Rieden,Rieten,Declarative final focus,Long,LFP0026,23.0952375444105,115.476187722052,75.5570744386713
LF06,Rieten vs. Rieden,Rieten,Declarative final focus,Long,LFP0026,34.6428563166157,115.476187722052,75.9823237538733
LF06,Rieten vs. Rieden,Rieten,Declarative final focus,Long,LFP0026,46.1904750888209,115.476187722052,75.8563906542375
LF06,Rieten vs. Rieden,Rieten,Declarative final focus,Long,LFP0026,57.7380938610263,115.476187722052,75.4250106408211
LF06,Rieten vs. Rieden,Rieten,Declarative final focus,Long,LFP0026,69.2857126332316,115.476187722052,73.996259307153
LF06,Rieten vs. Rieden,Rieten,Declarative final focus,Long,LFP0026,80.8333314054368,115.476187722052,70.8523060245777
LF06,Rieten vs. Rieden,Rieten,Declarative final focus,Long,LFP0026,92.380950177642,115.476187722052,67.9670222506303
LF06,Rieten vs. Rieden,Rieten,Declarative final focus,Long,LFP0026,103.928568949847,115.476187722052,65.7346138491045
LF07,Rieten vs. Rieden,Rieten,Declarative final focus,Long,LFP0027,0,157.188043588385,72.5208923774164
LF07,Rieten vs. Rieden,Rieten,Declarative final focus,Long,LFP0027,15.7188043588384,157.188043588385,72.4104686027091
LF07,Rieten vs. Rieden,Rieten,Declarative final focus,Long,LFP0027,31.437608717677,157.188043588385,74.3701486143972
LF07,Rieten vs. Rieden,Rieten,Declarative final focus,Long,LFP0027,47.1564130765155,157.188043588385,74.2334756817928
LF07,Rieten vs. Rieden,Rieten,Declarative final focus,Long,LFP0027,62.8752174353538,157.188043588385,74.0401361873013
LF07,Rieten vs. Rieden,Rieten,Declarative final focus,Long,LFP0027,78.5940217941924,157.188043588385,74.0180940517708
LF07,Rieten vs. Rieden,Rieten,Declarative final focus,Long,LFP0027,94.3128261530309,157.188043588385,71.2189954827881
LF07,Rieten vs. Rieden,Rieten,Declarative final focus,Long,LFP0027,110.031630511869,157.188043588385,69.0397735492764
LF07,Rieten vs. Rieden,Rieten,Declarative final focus,Long,LFP0027,125.750434870708,157.188043588385,68.1721412136397
LF07,Rieten vs. Rieden,Rieten,Declarative final focus,Long,LFP0027,141.469239229546,157.188043588385,69.0712296474154
LF08,Rieten vs. Rieden,Rieten,Declarative final focus,Long,LFP0028,0,162.340616608486,74.7139309970151
LF08,Rieten vs. Rieden,Rieten,Declarative final focus,Long,LFP0028,16.2340616608485,162.340616608486,75.7959779814257
LF08,Rieten vs. Rieden,Rieten,Declarative final focus,Long,LFP0028,32.468123321697,162.340616608486,75.9108271566439
LF08,Rieten vs. Rieden,Rieten,Declarative final focus,Long,LFP0028,48.7021849825457,162.340616608486,75.2526544714347
LF08,Rieten vs. Rieden,Rieten,Declarative final focus,Long,LFP0028,64.9362466433943,162.340616608486,72.3060758018816
LF08,Rieten vs. Rieden,Rieten,Declarative final focus,Long,LFP0028,81.1703083042428,162.340616608486,67.8972020542616
LF08,Rieten vs. Rieden,Rieten,Declarative final focus,Long,LFP0028,97.4043699650913,162.340616608486,63.7301555460272
LF08,Rieten vs. Rieden,Rieten,Declarative final focus,Long,LFP0028,113.63843162594,162.340616608486,53.9093025759156
LF08,Rieten vs. Rieden,Rieten,Declarative final focus,Long,LFP0028,129.872493286789,162.340616608486,51.472037576974
LF08,Rieten vs. Rieden,Rieten,Declarative final focus,Long,LFP0028,146.106554947637,162.340616608486,54.1373329504426
LF09,Rieten vs. Rieden,Rieten,Declarative final focus,Long,LFP0029,0,187.746862348178,69.0912464031966
LF09,Rieten vs. Rieden,Rieten,Declarative final focus,Long,LFP0029,18.7746862348179,187.746862348178,70.3206029361728
LF09,Rieten vs. Rieden,Rieten,Declarative final focus,Long,LFP0029,37.5493724696356,187.746862348178,68.1336105208608
LF09,Rieten vs. Rieden,Rieten,Declarative final focus,Long,LFP0029,56.3240587044533,187.746862348178,67.3427537244885
LF09,Rieten vs. Rieden,Rieten,Declarative final focus,Long,LFP0029,75.0987449392713,187.746862348178,65.2152909656624
LF09,Rieten vs. Rieden,Rieten,Declarative final focus,Long,LFP0029,93.8734311740892,187.746862348178,65.251213465702
LF09,Rieten vs. Rieden,Rieten,Declarative final focus,Long,LFP0029,112.648117408907,187.746862348178,67.9490614006802
LF09,Rieten vs. Rieden,Rieten,Declarative final focus,Long,LFP0029,131.422803643725,187.746862348178,65.6157855715924
LF09,Rieten vs. Rieden,Rieten,Declarative final focus,Long,LFP0029,150.197489878543,187.746862348178,61.0634284375047
LF09,Rieten vs. Rieden,Rieten,Declarative final focus,Long,LFP0029,168.97217611336,187.746862348178,56.9723019095016
LF10,Rieten vs. Rieden,Rieten,Declarative final focus,Long,LFP0030,0,114.485949334187,70.7050465114892
LF10,Rieten vs. Rieden,Rieten,Declarative final focus,Long,LFP0030,11.4485949334187,114.485949334187,72.5840168070811
LF10,Rieten vs. Rieden,Rieten,Declarative final focus,Long,LFP0030,22.8971898668375,114.485949334187,72.9943516044112
LF10,Rieten vs. Rieden,Rieten,Declarative final focus,Long,LFP0030,34.3457848002562,114.485949334187,71.3537921366256
LF10,Rieten vs. Rieden,Rieten,Declarative final focus,Long,LFP0030,45.7943797336748,114.485949334187,68.8326077719263
LF10,Rieten vs. Rieden,Rieten,Declarative final focus,Long,LFP0030,57.2429746670935,114.485949334187,67.5633253888971
LF10,Rieten vs. Rieden,Rieten,Declarative final focus,Long,LFP0030,68.6915696005124,114.485949334187,67.3321901507454
LF10,Rieten vs. Rieden,Rieten,Declarative final focus,Long,LFP0030,80.140164533931,114.485949334187,66.0883447842812
LF10,Rieten vs. Rieden,Rieten,Declarative final focus,Long,LFP0030,91.5887594673497,114.485949334187,63.3903870294662
LF10,Rieten vs. Rieden,Rieten,Declarative final focus,Long,LFP0030,103.037354400769,114.485949334187,60.8114893865692
LF01,Siet vs. Sied,Siet,Declarative final focus,Long,LFP0031,0,119.292538986141,59.9346688023374
LF01,Siet vs. Sied,Siet,Declarative final focus,Long,LFP0031,11.9292538986142,119.292538986141,59.5863459605612
LF01,Siet vs. Sied,Siet,Declarative final focus,Long,LFP0031,23.8585077972282,119.292538986141,60.4629053494604
LF01,Siet vs. Sied,Siet,Declarative final focus,Long,LFP0031,35.7877616958424,119.292538986141,60.5785970560576
LF01,Siet vs. Sied,Siet,Declarative final focus,Long,LFP0031,47.7170155944564,119.292538986141,58.5545520500992
LF01,Siet vs. Sied,Siet,Declarative final focus,Long,LFP0031,59.6462694930706,119.292538986141,57.3993513112945
LF01,Siet vs. Sied,Siet,Declarative final focus,Long,LFP0031,71.5755233916848,119.292538986141,56.2731106457099
LF01,Siet vs. Sied,Siet,Declarative final focus,Long,LFP0031,83.5047772902988,119.292538986141,55.9504608286335
LF01,Siet vs. Sied,Siet,Declarative final focus,Long,LFP0031,95.434031188913,119.292538986141,56.2992747165995
LF01,Siet vs. Sied,Siet,Declarative final focus,Long,LFP0031,107.363285087527,119.292538986141,56.2660725714233
LF02,Siet vs. Sied,Siet,Declarative final focus,Long,LFP0032,0,170.698948865984,57.1640666386242
LF02,Siet vs. Sied,Siet,Declarative final focus,Long,LFP0032,17.0698948865984,170.698948865984,58.0558697737763
LF02,Siet vs. Sied,Siet,Declarative final focus,Long,LFP0032,34.1397897731968,170.698948865984,58.9015714069089
LF02,Siet vs. Sied,Siet,Declarative final focus,Long,LFP0032,51.2096846597951,170.698948865984,60.6587381816589
LF02,Siet vs. Sied,Siet,Declarative final focus,Long,LFP0032,68.2795795463935,170.698948865984,60.499440498867
LF02,Siet vs. Sied,Siet,Declarative final focus,Long,LFP0032,85.3494744329919,170.698948865984,60.6544625728053
LF02,Siet vs. Sied,Siet,Declarative final focus,Long,LFP0032,102.41936931959,170.698948865984,58.513392568176
LF02,Siet vs. Sied,Siet,Declarative final focus,Long,LFP0032,119.489264206188,170.698948865984,55.0762693440757
LF02,Siet vs. Sied,Siet,Declarative final focus,Long,LFP0032,136.559159092787,170.698948865984,54.5047806653437
LF02,Siet vs. Sied,Siet,Declarative final focus,Long,LFP0032,153.629053979385,170.698948865984,51.2307902336739
LF03,Siet vs. Sied,Siet,Declarative final focus,Long,LFP0033,0,164.293789322991,64.5933278134816
LF03,Siet vs. Sied,Siet,Declarative final focus,Long,LFP0033,16.4293789322989,164.293789322991,66.6584080532635
LF03,Siet vs. Sied,Siet,Declarative final focus,Long,LFP0033,32.8587578645982,164.293789322991,63.7173791093699
LF03,Siet vs. Sied,Siet,Declarative final focus,Long,LFP0033,49.2881367968971,164.293789322991,60.6983148198118
LF03,Siet vs. Sied,Siet,Declarative final focus,Long,LFP0033,65.7175157291965,164.293789322991,62.3799346846764
LF03,Siet vs. Sied,Siet,Declarative final focus,Long,LFP0033,82.1468946614954,164.293789322991,61.9874068260326
LF03,Siet vs. Sied,Siet,Declarative final focus,Long,LFP0033,98.5762735937943,164.293789322991,56.989313064647
LF03,Siet vs. Sied,Siet,Declarative final focus,Long,LFP0033,115.005652526094,164.293789322991,56.2262570784046
LF03,Siet vs. Sied,Siet,Declarative final focus,Long,LFP0033,131.435031458393,164.293789322991,54.5692264475269
LF03,Siet vs. Sied,Siet,Declarative final focus,Long,LFP0033,147.864410390692,164.293789322991,53.1342935560427
LF04,Siet vs. Sied,Siet,Declarative final focus,Long,LFP0034,0,189.432782636864,62.1040793506813
LF04,Siet vs. Sied,Siet,Declarative final focus,Long,LFP0034,18.9432782636865,189.432782636864,67.7849961593684
LF04,Siet vs. Sied,Siet,Declarative final focus,Long,LFP0034,37.8865565273729,189.432782636864,66.7167192250481
LF04,Siet vs. Sied,Siet,Declarative final focus,Long,LFP0034,56.8298347910592,189.432782636864,60.8087872466763
LF04,Siet vs. Sied,Siet,Declarative final focus,Long,LFP0034,75.7731130547457,189.432782636864,58.0201660800913
LF04,Siet vs. Sied,Siet,Declarative final focus,Long,LFP0034,94.7163913184321,189.432782636864,55.5910268426423
LF04,Siet vs. Sied,Siet,Declarative final focus,Long,LFP0034,113.659669582119,189.432782636864,55.4830100532909
LF04,Siet vs. Sied,Siet,Declarative final focus,Long,LFP0034,132.602947845805,189.432782636864,50.9498278345757
LF04,Siet vs. Sied,Siet,Declarative final focus,Long,LFP0034,151.546226109491,189.432782636864,47.9615218318811
LF04,Siet vs. Sied,Siet,Declarative final focus,Long,LFP0034,170.489504373178,189.432782636864,48.8944473291626
LF05,Siet vs. Sied,Siet,Declarative final focus,Long,LFP0035,0,187.693855229779,59.558839538416
LF05,Siet vs. Sied,Siet,Declarative final focus,Long,LFP0035,18.769385522978,187.693855229779,66.8668879208908
LF05,Siet vs. Sied,Siet,Declarative final focus,Long,LFP0035,37.5387710459558,187.693855229779,70.3031241361319
LF05,Siet vs. Sied,Siet,Declarative final focus,Long,LFP0035,56.3081565689338,187.693855229779,70.0683771257299
LF05,Siet vs. Sied,Siet,Declarative final focus,Long,LFP0035,75.0775420919116,187.693855229779,68.5078199887654
LF05,Siet vs. Sied,Siet,Declarative final focus,Long,LFP0035,93.8469276148897,187.693855229779,65.9498906972056
LF05,Siet vs. Sied,Siet,Declarative final focus,Long,LFP0035,112.616313137868,187.693855229779,62.8758245876705
LF05,Siet vs. Sied,Siet,Declarative final focus,Long,LFP0035,131.385698660845,187.693855229779,62.7426477384031
LF05,Siet vs. Sied,Siet,Declarative final focus,Long,LFP0035,150.155084183824,187.693855229779,57.4519013900715
LF05,Siet vs. Sied,Siet,Declarative final focus,Long,LFP0035,168.924469706801,187.693855229779,54.4309419427053
LF06,Siet vs. Sied,Siet,Declarative final focus,Long,LFP0036,0,196.004572845126,64.6378489496368
LF06,Siet vs. Sied,Siet,Declarative final focus,Long,LFP0036,19.6004572845125,196.004572845126,69.3988666038305
LF06,Siet vs. Sied,Siet,Declarative final focus,Long,LFP0036,39.2009145690253,196.004572845126,73.6367008355816
LF06,Siet vs. Sied,Siet,Declarative final focus,Long,LFP0036,58.8013718535378,196.004572845126,74.7970716156549
LF06,Siet vs. Sied,Siet,Declarative final focus,Long,LFP0036,78.4018291380504,196.004572845126,74.453359431847
LF06,Siet vs. Sied,Siet,Declarative final focus,Long,LFP0036,98.0022864225631,196.004572845126,74.4151713148925
LF06,Siet vs. Sied,Siet,Declarative final focus,Long,LFP0036,117.602743707076,196.004572845126,71.3400760139911
LF06,Siet vs. Sied,Siet,Declarative final focus,Long,LFP0036,137.203200991588,196.004572845126,67.5172924270146
LF06,Siet vs. Sied,Siet,Declarative final focus,Long,LFP0036,156.803658276101,196.004572845126,62.1621520297375
LF06,Siet vs. Sied,Siet,Declarative final focus,Long,LFP0036,176.404115560614,196.004572845126,58.8270342053417
LF07,Siet vs. Sied,Siet,Declarative final focus,Long,LFP0037,0,172.515619158146,67.4702069500464
LF07,Siet vs. Sied,Siet,Declarative final focus,Long,LFP0037,17.2515619158147,172.515619158146,69.0030698340003
LF07,Siet vs. Sied,Siet,Declarative final focus,Long,LFP0037,34.5031238316293,172.515619158146,69.1754437094755
LF07,Siet vs. Sied,Siet,Declarative final focus,Long,LFP0037,51.7546857474438,172.515619158146,68.6813355600042
LF07,Siet vs. Sied,Siet,Declarative final focus,Long,LFP0037,69.0062476632585,172.515619158146,68.0649339393574
LF07,Siet vs. Sied,Siet,Declarative final focus,Long,LFP0037,86.2578095790731,172.515619158146,67.7184070645547
LF07,Siet vs. Sied,Siet,Declarative final focus,Long,LFP0037,103.509371494888,172.515619158146,67.7156225955828
LF07,Siet vs. Sied,Siet,Declarative final focus,Long,LFP0037,120.760933410702,172.515619158146,68.1813029192282
LF07,Siet vs. Sied,Siet,Declarative final focus,Long,LFP0037,138.012495326517,172.515619158146,67.2836976987877
LF07,Siet vs. Sied,Siet,Declarative final focus,Long,LFP0037,155.264057242332,172.515619158146,65.8419973065713
LF08,Siet vs. Sied,Siet,Declarative final focus,Long,LFP0038,0,183.314319280344,68.7904615280802
LF08,Siet vs. Sied,Siet,Declarative final focus,Long,LFP0038,18.3314319280343,183.314319280344,73.338392038811
LF08,Siet vs. Sied,Siet,Declarative final focus,Long,LFP0038,36.6628638560687,183.314319280344,74.6106148978071
LF08,Siet vs. Sied,Siet,Declarative final focus,Long,LFP0038,54.9942957841032,183.314319280344,74.6075072798563
LF08,Siet vs. Sied,Siet,Declarative final focus,Long,LFP0038,73.3257277121375,183.314319280344,74.4755977737047
LF08,Siet vs. Sied,Siet,Declarative final focus,Long,LFP0038,91.6571596401718,183.314319280344,73.1595615618016
LF08,Siet vs. Sied,Siet,Declarative final focus,Long,LFP0038,109.988591568206,183.314319280344,69.2362856651769
LF08,Siet vs. Sied,Siet,Declarative final focus,Long,LFP0038,128.320023496241,183.314319280344,64.0944637038423
LF08,Siet vs. Sied,Siet,Declarative final focus,Long,LFP0038,146.651455424275,183.314319280344,62.039242010048
LF08,Siet vs. Sied,Siet,Declarative final focus,Long,LFP0038,164.982887352309,183.314319280344,57.1442525224886
LF09,Siet vs. Sied,Siet,Declarative final focus,Long,LFP0039,0,147.649439705032,58.2684460300708
LF09,Siet vs. Sied,Siet,Declarative final focus,Long,LFP0039,14.7649439705031,147.649439705032,61.8318672262196
LF09,Siet vs. Sied,Siet,Declarative final focus,Long,LFP0039,29.5298879410064,147.649439705032,63.7888299128461
LF09,Siet vs. Sied,Siet,Declarative final focus,Long,LFP0039,44.2948319115095,147.649439705032,62.8469420230256
LF09,Siet vs. Sied,Siet,Declarative final focus,Long,LFP0039,59.0597758820128,147.649439705032,62.6080921389964
LF09,Siet vs. Sied,Siet,Declarative final focus,Long,LFP0039,73.8247198525159,147.649439705032,61.3790314574454
LF09,Siet vs. Sied,Siet,Declarative final focus,Long,LFP0039,88.589663823019,147.649439705032,59.5162826140213
LF09,Siet vs. Sied,Siet,Declarative final focus,Long,LFP0039,103.354607793522,147.649439705032,59.3298467618797
LF09,Siet vs. Sied,Siet,Declarative final focus,Long,LFP0039,118.119551764025,147.649439705032,61.5773749147674
LF09,Siet vs. Sied,Siet,Declarative final focus,Long,LFP0039,132.884495734529,147.649439705032,61.1052571461136
LF10,Siet vs. Sied,Siet,Declarative final focus,Long,LFP0040,0,139.252909919028,59.6403340181229
LF10,Siet vs. Sied,Siet,Declarative final focus,Long,LFP0040,13.9252909919028,139.252909919028,60.1468817984632
LF10,Siet vs. Sied,Siet,Declarative final focus,Long,LFP0040,27.8505819838057,139.252909919028,61.60121664782
LF10,Siet vs. Sied,Siet,Declarative final focus,Long,LFP0040,41.7758729757085,139.252909919028,64.3295941083255
LF10,Siet vs. Sied,Siet,Declarative final focus,Long,LFP0040,55.7011639676115,139.252909919028,63.7028305938304
LF10,Siet vs. Sied,Siet,Declarative final focus,Long,LFP0040,69.6264549595142,139.252909919028,57.223640929497
LF10,Siet vs. Sied,Siet,Declarative final focus,Long,LFP0040,83.551745951417,139.252909919028,57.4017882292654
LF10,Siet vs. Sied,Siet,Declarative final focus,Long,LFP0040,97.47703694332,139.252909919028,58.6276149916165
LF10,Siet vs. Sied,Siet,Declarative final focus,Long,LFP0040,111.402327935223,139.252909919028,55.7020643411799
LF10,Siet vs. Sied,Siet,Declarative final focus,Long,LFP0040,125.327618927126,139.252909919028,53.7676285823331
LF01,Swien vs. Swiien,Swien,Declarative final focus,Long,LFP0041,0,172.319710626243,59.8284152640619
LF01,Swien vs. Swiien,Swien,Declarative final focus,Long,LFP0041,17.2319710626243,172.319710626243,63.186324372116
LF01,Swien vs. Swiien,Swien,Declarative final focus,Long,LFP0041,34.4639421252486,172.319710626243,64.8236458628486
LF01,Swien vs. Swiien,Swien,Declarative final focus,Long,LFP0041,51.6959131878729,172.319710626243,63.4480161546835
LF01,Swien vs. Swiien,Swien,Declarative final focus,Long,LFP0041,68.9278842504972,172.319710626243,63.0732612940342
LF01,Swien vs. Swiien,Swien,Declarative final focus,Long,LFP0041,86.1598553131218,172.319710626243,60.3288734547116
LF01,Swien vs. Swiien,Swien,Declarative final focus,Long,LFP0041,103.391826375746,172.319710626243,61.2292906108785
LF01,Swien vs. Swiien,Swien,Declarative final focus,Long,LFP0041,120.62379743837,172.319710626243,62.1104827366193
LF01,Swien vs. Swiien,Swien,Declarative final focus,Long,LFP0041,137.855768500995,172.319710626243,59.2192729120144
LF01,Swien vs. Swiien,Swien,Declarative final focus,Long,LFP0041,155.087739563619,172.319710626243,60.7577527905854
LF02,Swien vs. Swiien,Swien,Declarative final focus,Long,LFP0042,0,118.03769700694,66.9541019631847
LF02,Swien vs. Swiien,Swien,Declarative final focus,Long,LFP0042,11.8037697006941,118.03769700694,67.2401461293692
LF02,Swien vs. Swiien,Swien,Declarative final focus,Long,LFP0042,23.6075394013882,118.03769700694,65.5835709945759
LF02,Swien vs. Swiien,Swien,Declarative final focus,Long,LFP0042,35.411309102082,118.03769700694,65.8513372916441
LF02,Swien vs. Swiien,Swien,Declarative final focus,Long,LFP0042,47.2150788027761,118.03769700694,66.2527381526596
LF02,Swien vs. Swiien,Swien,Declarative final focus,Long,LFP0042,59.0188485034702,118.03769700694,66.1269970148505
LF02,Swien vs. Swiien,Swien,Declarative final focus,Long,LFP0042,70.8226182041642,118.03769700694,65.0683980360416
LF02,Swien vs. Swiien,Swien,Declarative final focus,Long,LFP0042,82.6263879048583,118.03769700694,63.0847642204236
LF02,Swien vs. Swiien,Swien,Declarative final focus,Long,LFP0042,94.4301576055522,118.03769700694,63.638969250509
LF02,Swien vs. Swiien,Swien,Declarative final focus,Long,LFP0042,106.233927306246,118.03769700694,61.7876349365271
LF03,Swien vs. Swiien,Swien,Declarative final focus,Long,LFP0043,0,223.980877989863,66.340008330734
LF03,Swien vs. Swiien,Swien,Declarative final focus,Long,LFP0043,22.3980877989862,223.980877989863,66.5254621958826
LF03,Swien vs. Swiien,Swien,Declarative final focus,Long,LFP0043,44.7961755979724,223.980877989863,64.8719888864126
LF03,Swien vs. Swiien,Swien,Declarative final focus,Long,LFP0043,67.1942633969589,223.980877989863,62.0233193367657
LF03,Swien vs. Swiien,Swien,Declarative final focus,Long,LFP0043,89.5923511959451,223.980877989863,65.0417658767442
LF03,Swien vs. Swiien,Swien,Declarative final focus,Long,LFP0043,111.990438994931,223.980877989863,63.6310624448058
LF03,Swien vs. Swiien,Swien,Declarative final focus,Long,LFP0043,134.388526793918,223.980877989863,64.2232076611197
LF03,Swien vs. Swiien,Swien,Declarative final focus,Long,LFP0043,156.786614592904,223.980877989863,61.4190313477121
LF03,Swien vs. Swiien,Swien,Declarative final focus,Long,LFP0043,179.18470239189,223.980877989863,60.970815348588
LF03,Swien vs. Swiien,Swien,Declarative final focus,Long,LFP0043,201.582790190876,223.980877989863,59.3414000317081
LF04,Swien vs. Swiien,Swien,Declarative final focus,Long,LFP0044,0,102.29713722911,69.5494839963445
LF04,Swien vs. Swiien,Swien,Declarative final focus,Long,LFP0044,10.229713722911,102.29713722911,70.1129778369533
LF04,Swien vs. Swiien,Swien,Declarative final focus,Long,LFP0044,20.4594274458221,102.29713722911,69.7202456477351
LF04,Swien vs. Swiien,Swien,Declarative final focus,Long,LFP0044,30.6891411687331,102.29713722911,68.807843623494
LF04,Swien vs. Swiien,Swien,Declarative final focus,Long,LFP0044,40.9188548916442,102.29713722911,66.9394410822911
LF04,Swien vs. Swiien,Swien,Declarative final focus,Long,LFP0044,51.1485686145552,102.29713722911,64.733536937096
LF04,Swien vs. Swiien,Swien,Declarative final focus,Long,LFP0044,61.378282337466,102.29713722911,64.9845031477445
LF04,Swien vs. Swiien,Swien,Declarative final focus,Long,LFP0044,71.607996060377,102.29713722911,64.7836911787702
LF04,Swien vs. Swiien,Swien,Declarative final focus,Long,LFP0044,81.8377097832881,102.29713722911,62.5818115944212
LF04,Swien vs. Swiien,Swien,Declarative final focus,Long,LFP0044,92.0674235061991,102.29713722911,61.5114972805601
LF05,Swien vs. Swiien,Swien,Declarative final focus,Long,LFP0045,0,175.221307794375,67.2312816940404
LF05,Swien vs. Swiien,Swien,Declarative final focus,Long,LFP0045,17.5221307794375,175.221307794375,70.5789057422905
LF05,Swien vs. Swiien,Swien,Declarative final focus,Long,LFP0045,35.0442615588751,175.221307794375,73.5743658956592
LF05,Swien vs. Swiien,Swien,Declarative final focus,Long,LFP0045,52.5663923383126,175.221307794375,70.5627875716808
LF05,Swien vs. Swiien,Swien,Declarative final focus,Long,LFP0045,70.0885231177502,175.221307794375,68.2428310637682
LF05,Swien vs. Swiien,Swien,Declarative final focus,Long,LFP0045,87.6106538971877,175.221307794375,66.7503857338202
LF05,Swien vs. Swiien,Swien,Declarative final focus,Long,LFP0045,105.132784676625,175.221307794375,65.0711514084073
LF05,Swien vs. Swiien,Swien,Declarative final focus,Long,LFP0045,122.654915456063,175.221307794375,66.1170053245758
LF05,Swien vs. Swiien,Swien,Declarative final focus,Long,LFP0045,140.1770462355,175.221307794375,66.0625352893619
LF05,Swien vs. Swiien,Swien,Declarative final focus,Long,LFP0045,157.699177014938,175.221307794375,65.3303227148153
LF06,Swien vs. Swiien,Swien,Declarative final focus,Long,LFP0046,0,155.751639142499,70.0102754638848
LF06,Swien vs. Swiien,Swien,Declarative final focus,Long,LFP0046,15.5751639142498,155.751639142499,72.0668112692892
LF06,Swien vs. Swiien,Swien,Declarative final focus,Long,LFP0046,31.1503278284999,155.751639142499,71.9854287689338
LF06,Swien vs. Swiien,Swien,Declarative final focus,Long,LFP0046,46.7254917427498,155.751639142499,70.9900199711383
LF06,Swien vs. Swiien,Swien,Declarative final focus,Long,LFP0046,62.3006556569996,155.751639142499,70.6024299001173
LF06,Swien vs. Swiien,Swien,Declarative final focus,Long,LFP0046,77.8758195712497,155.751639142499,69.8945846295887
LF06,Swien vs. Swiien,Swien,Declarative final focus,Long,LFP0046,93.4509834854995,155.751639142499,66.5766672492055
LF06,Swien vs. Swiien,Swien,Declarative final focus,Long,LFP0046,109.026147399749,155.751639142499,63.6965414275774
LF06,Swien vs. Swiien,Swien,Declarative final focus,Long,LFP0046,124.601311313999,155.751639142499,63.0023815049074
LF06,Swien vs. Swiien,Swien,Declarative final focus,Long,LFP0046,140.176475228249,155.751639142499,59.7365473876726
LF07,Swien vs. Swiien,Swien,Declarative final focus,Long,LFP0047,0,113.307402906943,66.9680216772853
LF07,Swien vs. Swiien,Swien,Declarative final focus,Long,LFP0047,11.3307402906944,113.307402906943,68.2466116617781
LF07,Swien vs. Swiien,Swien,Declarative final focus,Long,LFP0047,22.6614805813887,113.307402906943,68.7123333411616
LF07,Swien vs. Swiien,Swien,Declarative final focus,Long,LFP0047,33.9922208720831,113.307402906943,68.4641062203851
LF07,Swien vs. Swiien,Swien,Declarative final focus,Long,LFP0047,45.3229611627775,113.307402906943,68.1288072033944
LF07,Swien vs. Swiien,Swien,Declarative final focus,Long,LFP0047,56.6537014534716,113.307402906943,67.9526587676496
LF07,Swien vs. Swiien,Swien,Declarative final focus,Long,LFP0047,67.984441744166,113.307402906943,67.7948064815363
LF07,Swien vs. Swiien,Swien,Declarative final focus,Long,LFP0047,79.3151820348603,113.307402906943,68.172842244174
LF07,Swien vs. Swiien,Swien,Declarative final focus,Long,LFP0047,90.6459223255547,113.307402906943,68.5982848810767
LF07,Swien vs. Swiien,Swien,Declarative final focus,Long,LFP0047,101.976662616249,113.307402906943,68.9347797262038
LF08,Swien vs. Swiien,Swien,Declarative final focus,Long,LFP0048,0,147.020238697706,71.3925496898218
LF08,Swien vs. Swiien,Swien,Declarative final focus,Long,LFP0048,14.7020238697706,147.020238697706,72.1963240824203
LF08,Swien vs. Swiien,Swien,Declarative final focus,Long,LFP0048,29.4040477395412,147.020238697706,71.6613465060014
LF08,Swien vs. Swiien,Swien,Declarative final focus,Long,LFP0048,44.1060716093118,147.020238697706,70.7060500130642
LF08,Swien vs. Swiien,Swien,Declarative final focus,Long,LFP0048,58.8080954790824,147.020238697706,70.6408957986696
LF08,Swien vs. Swiien,Swien,Declarative final focus,Long,LFP0048,73.510119348853,147.020238697706,69.2567096776296
LF08,Swien vs. Swiien,Swien,Declarative final focus,Long,LFP0048,88.2121432186234,147.020238697706,66.0717557853424
LF08,Swien vs. Swiien,Swien,Declarative final focus,Long,LFP0048,102.914167088394,147.020238697706,63.4562170043511
LF08,Swien vs. Swiien,Swien,Declarative final focus,Long,LFP0048,117.616190958165,147.020238697706,63.011789388376
LF08,Swien vs. Swiien,Swien,Declarative final focus,Long,LFP0048,132.318214827935,147.020238697706,59.7448492706194
LF09,Swien vs. Swiien,Swien,Declarative final focus,Long,LFP0049,0,112.961375623124,68.5654941740685
LF09,Swien vs. Swiien,Swien,Declarative final focus,Long,LFP0049,11.2961375623124,112.961375623124,69.9802564403178
LF09,Swien vs. Swiien,Swien,Declarative final focus,Long,LFP0049,22.5922751246248,112.961375623124,69.1900809933821
LF09,Swien vs. Swiien,Swien,Declarative final focus,Long,LFP0049,33.8884126869372,112.961375623124,66.916333005105
LF09,Swien vs. Swiien,Swien,Declarative final focus,Long,LFP0049,45.1845502492496,112.961375623124,66.2476511781594
LF09,Swien vs. Swiien,Swien,Declarative final focus,Long,LFP0049,56.4806878115618,112.961375623124,65.1846290515992
LF09,Swien vs. Swiien,Swien,Declarative final focus,Long,LFP0049,67.7768253738742,112.961375623124,66.0532861134746
LF09,Swien vs. Swiien,Swien,Declarative final focus,Long,LFP0049,79.0729629361866,112.961375623124,65.7521909168584
LF09,Swien vs. Swiien,Swien,Declarative final focus,Long,LFP0049,90.369100498499,112.961375623124,64.4544904091709
LF09,Swien vs. Swiien,Swien,Declarative final focus,Long,LFP0049,101.665238060811,112.961375623124,63.7188439197137
LF10,Swien vs. Swiien,Swien,Declarative final focus,Long,LFP0050,0,137.97105745132,72.6033141251416
LF10,Swien vs. Swiien,Swien,Declarative final focus,Long,LFP0050,13.797105745132,137.97105745132,73.7362751444524
LF10,Swien vs. Swiien,Swien,Declarative final focus,Long,LFP0050,27.5942114902641,137.97105745132,71.0533091612246
LF10,Swien vs. Swiien,Swien,Declarative final focus,Long,LFP0050,41.3913172353961,137.97105745132,68.5498476512069
LF10,Swien vs. Swiien,Swien,Declarative final focus,Long,LFP0050,55.1884229805282,137.97105745132,69.7810561415826
LF10,Swien vs. Swiien,Swien,Declarative final focus,Long,LFP0050,68.9855287256602,137.97105745132,71.2498984399059
LF10,Swien vs. Swiien,Swien,Declarative final focus,Long,LFP0050,82.7826344707923,137.97105745132,71.8141243840085
LF10,Swien vs. Swiien,Swien,Declarative final focus,Long,LFP0050,96.5797402159243,137.97105745132,68.8307993805765
LF10,Swien vs. Swiien,Swien,Declarative final focus,Long,LFP0050,110.376845961056,137.97105745132,65.2182945557537
LF10,Swien vs. Swiien,Swien,Declarative final focus,Long,LFP0050,124.173951706188,137.97105745132,63.4664585119087
LF01,Weken vs. Wegen,Weken,Declarative final focus,Long,LFP0051,0,250.841576091593,63.3511111445908
LF01,Weken vs. Wegen,Weken,Declarative final focus,Long,LFP0051,25.0841576091594,250.841576091593,73.1094437243955
LF01,Weken vs. Wegen,Weken,Declarative final focus,Long,LFP0051,50.1683152183185,250.841576091593,75.533550056587
LF01,Weken vs. Wegen,Weken,Declarative final focus,Long,LFP0051,75.2524728274779,250.841576091593,76.3938052837762
LF01,Weken vs. Wegen,Weken,Declarative final focus,Long,LFP0051,100.336630436637,250.841576091593,72.425569486919
LF01,Weken vs. Wegen,Weken,Declarative final focus,Long,LFP0051,125.420788045796,250.841576091593,72.8706754259616
LF01,Weken vs. Wegen,Weken,Declarative final focus,Long,LFP0051,150.504945654956,250.841576091593,70.1978780658316
LF01,Weken vs. Wegen,Weken,Declarative final focus,Long,LFP0051,175.589103264115,250.841576091593,68.5245712554128
LF01,Weken vs. Wegen,Weken,Declarative final focus,Long,LFP0051,200.673260873274,250.841576091593,65.3337698807128
LF01,Weken vs. Wegen,Weken,Declarative final focus,Long,LFP0051,225.757418482434,250.841576091593,60.0588926377818
LF02,Weken vs. Wegen,Weken,Declarative final focus,Long,LFP0052,0,76.0000210003031,63.1816347498339
LF02,Weken vs. Wegen,Weken,Declarative final focus,Long,LFP0052,7.6000021000302,76.0000210003031,64.9159199390167
LF02,Weken vs. Wegen,Weken,Declarative final focus,Long,LFP0052,15.2000042000606,76.0000210003031,65.8823373088668
LF02,Weken vs. Wegen,Weken,Declarative final focus,Long,LFP0052,22.800006300091,76.0000210003031,66.5831590998264
LF02,Weken vs. Wegen,Weken,Declarative final focus,Long,LFP0052,30.4000084001212,76.0000210003031,67.2414981260024
LF02,Weken vs. Wegen,Weken,Declarative final focus,Long,LFP0052,38.0000105001514,76.0000210003031,67.9396168049116
LF02,Weken vs. Wegen,Weken,Declarative final focus,Long,LFP0052,45.6000126001819,76.0000210003031,68.7579611150371
LF02,Weken vs. Wegen,Weken,Declarative final focus,Long,LFP0052,53.2000147002123,76.0000210003031,69.4366637811882
LF02,Weken vs. Wegen,Weken,Declarative final focus,Long,LFP0052,60.8000168002425,76.0000210003031,69.2878402839661
LF02,Weken vs. Wegen,Weken,Declarative final focus,Long,LFP0052,68.4000189002727,76.0000210003031,67.5627977224966
LF03,Weken vs. Wegen,Weken,Declarative final focus,Long,LFP0053,0,172.026421857971,62.7831925903275
LF03,Weken vs. Wegen,Weken,Declarative final focus,Long,LFP0053,17.2026421857971,172.026421857971,70.9957396254253
LF03,Weken vs. Wegen,Weken,Declarative final focus,Long,LFP0053,34.4052843715941,172.026421857971,71.2696891530524
LF03,Weken vs. Wegen,Weken,Declarative final focus,Long,LFP0053,51.6079265573912,172.026421857971,70.6972841961758
LF03,Weken vs. Wegen,Weken,Declarative final focus,Long,LFP0053,68.8105687431884,172.026421857971,68.1189640097109
LF03,Weken vs. Wegen,Weken,Declarative final focus,Long,LFP0053,86.0132109289853,172.026421857971,64.4083037207335
LF03,Weken vs. Wegen,Weken,Declarative final focus,Long,LFP0053,103.215853114782,172.026421857971,61.9554604302343
LF03,Weken vs. Wegen,Weken,Declarative final focus,Long,LFP0053,120.41849530058,172.026421857971,60.6131447356716
LF03,Weken vs. Wegen,Weken,Declarative final focus,Long,LFP0053,137.621137486377,172.026421857971,59.8354029330342
LF03,Weken vs. Wegen,Weken,Declarative final focus,Long,LFP0053,154.823779672174,172.026421857971,58.6239514610554
LF04,Weken vs. Wegen,Weken,Declarative final focus,Long,LFP0054,0,225.05060888553,63.1572031496283
LF04,Weken vs. Wegen,Weken,Declarative final focus,Long,LFP0054,22.505060888553,225.05060888553,70.2509115003377
LF04,Weken vs. Wegen,Weken,Declarative final focus,Long,LFP0054,45.010121777106,225.05060888553,70.4419714960449
LF04,Weken vs. Wegen,Weken,Declarative final focus,Long,LFP0054,67.5151826656588,225.05060888553,68.3499926688596
LF04,Weken vs. Wegen,Weken,Declarative final focus,Long,LFP0054,90.0202435542119,225.05060888553,72.4843081732936
LF04,Weken vs. Wegen,Weken,Declarative final focus,Long,LFP0054,112.525304442765,225.05060888553,71.0604855588415
LF04,Weken vs. Wegen,Weken,Declarative final focus,Long,LFP0054,135.030365331318,225.05060888553,64.486141389848
LF04,Weken vs. Wegen,Weken,Declarative final focus,Long,LFP0054,157.535426219871,225.05060888553,62.1950668414242
LF04,Weken vs. Wegen,Weken,Declarative final focus,Long,LFP0054,180.040487108424,225.05060888553,57.9321884182213
LF04,Weken vs. Wegen,Weken,Declarative final focus,Long,LFP0054,202.545547996977,225.05060888553,54.4765271662524
LF05,Weken vs. Wegen,Weken,Declarative final focus,Long,LFP0055,0,144.895895060122,67.2390487309633
LF05,Weken vs. Wegen,Weken,Declarative final focus,Long,LFP0055,14.4895895060122,144.895895060122,67.0876550702317
LF05,Weken vs. Wegen,Weken,Declarative final focus,Long,LFP0055,28.9791790120244,144.895895060122,65.9664399578153
LF05,Weken vs. Wegen,Weken,Declarative final focus,Long,LFP0055,43.4687685180366,144.895895060122,66.4261278296324
LF05,Weken vs. Wegen,Weken,Declarative final focus,Long,LFP0055,57.9583580240488,144.895895060122,66.4379079290074
LF05,Weken vs. Wegen,Weken,Declarative final focus,Long,LFP0055,72.447947530061,144.895895060122,65.5232939212465
LF05,Weken vs. Wegen,Weken,Declarative final focus,Long,LFP0055,86.937537036073,144.895895060122,66.0845379183627
LF05,Weken vs. Wegen,Weken,Declarative final focus,Long,LFP0055,101.427126542085,144.895895060122,64.920620930878
LF05,Weken vs. Wegen,Weken,Declarative final focus,Long,LFP0055,115.916716048097,144.895895060122,63.3800634201461
LF05,Weken vs. Wegen,Weken,Declarative final focus,Long,LFP0055,130.40630555411,144.895895060122,59.0842798293924
LF06,Weken vs. Wegen,Weken,Declarative final focus,Long,LFP0056,0,121.377372001432,75.4635115128501
LF06,Weken vs. Wegen,Weken,Declarative final focus,Long,LFP0056,12.1377372001432,121.377372001432,78.4504580190976
LF06,Weken vs. Wegen,Weken,Declarative final focus,Long,LFP0056,24.2754744002864,121.377372001432,78.6009118633336
LF06,Weken vs. Wegen,Weken,Declarative final focus,Long,LFP0056,36.4132116004296,121.377372001432,78.1420895164402
LF06,Weken vs. Wegen,Weken,Declarative final focus,Long,LFP0056,48.5509488005729,121.377372001432,77.6878208425266
LF06,Weken vs. Wegen,Weken,Declarative final focus,Long,LFP0056,60.6886860007161,121.377372001432,77.9882056671412
LF06,Weken vs. Wegen,Weken,Declarative final focus,Long,LFP0056,72.8264232008593,121.377372001432,79.2169779957654
LF06,Weken vs. Wegen,Weken,Declarative final focus,Long,LFP0056,84.9641604010025,121.377372001432,79.3831769538942
LF06,Weken vs. Wegen,Weken,Declarative final focus,Long,LFP0056,97.1018976011457,121.377372001432,76.5512783823898
LF06,Weken vs. Wegen,Weken,Declarative final focus,Long,LFP0056,109.239634801289,121.377372001432,73.2655509352652
LF07,Weken vs. Wegen,Weken,Declarative final focus,Long,LFP0057,0,146.134214782867,67.966098516323
LF07,Weken vs. Wegen,Weken,Declarative final focus,Long,LFP0057,14.6134214782867,146.134214782867,73.9257468343172
LF07,Weken vs. Wegen,Weken,Declarative final focus,Long,LFP0057,29.2268429565734,146.134214782867,76.3929340879718
LF07,Weken vs. Wegen,Weken,Declarative final focus,Long,LFP0057,43.8402644348601,146.134214782867,77.7551850308704
LF07,Weken vs. Wegen,Weken,Declarative final focus,Long,LFP0057,58.4536859131468,146.134214782867,77.431758163898
LF07,Weken vs. Wegen,Weken,Declarative final focus,Long,LFP0057,73.0671073914335,146.134214782867,74.2166411407267
LF07,Weken vs. Wegen,Weken,Declarative final focus,Long,LFP0057,87.68052886972,146.134214782867,72.2124760538127
LF07,Weken vs. Wegen,Weken,Declarative final focus,Long,LFP0057,102.293950348007,146.134214782867,71.4937715377986
LF07,Weken vs. Wegen,Weken,Declarative final focus,Long,LFP0057,116.907371826293,146.134214782867,68.2558074230745
LF07,Weken vs. Wegen,Weken,Declarative final focus,Long,LFP0057,131.52079330458,146.134214782867,65.8827577768077
LF08,Weken vs. Wegen,Weken,Declarative final focus,Long,LFP0058,0,208.659754554656,72.9923538821925
LF08,Weken vs. Wegen,Weken,Declarative final focus,Long,LFP0058,20.8659754554656,208.659754554656,78.6944570053733
LF08,Weken vs. Wegen,Weken,Declarative final focus,Long,LFP0058,41.7319509109313,208.659754554656,78.1355832887343
LF08,Weken vs. Wegen,Weken,Declarative final focus,Long,LFP0058,62.5979263663967,208.659754554656,77.72527147345
LF08,Weken vs. Wegen,Weken,Declarative final focus,Long,LFP0058,83.4639018218624,208.659754554656,79.6228306514225
LF08,Weken vs. Wegen,Weken,Declarative final focus,Long,LFP0058,104.329877277328,208.659754554656,76.0329020115202
LF08,Weken vs. Wegen,Weken,Declarative final focus,Long,LFP0058,125.195852732794,208.659754554656,69.325467479003
LF08,Weken vs. Wegen,Weken,Declarative final focus,Long,LFP0058,146.061828188259,208.659754554656,60.9086899261673
LF08,Weken vs. Wegen,Weken,Declarative final focus,Long,LFP0058,166.927803643725,208.659754554656,60.4073072870609
LF08,Weken vs. Wegen,Weken,Declarative final focus,Long,LFP0058,187.79377909919,208.659754554656,55.9313169947797
LF09,Weken vs. Wegen,Weken,Declarative final focus,Long,LFP0059,0,131.371395995139,65.9128215994615
LF09,Weken vs. Wegen,Weken,Declarative final focus,Long,LFP0059,13.1371395995139,131.371395995139,70.676946632554
LF09,Weken vs. Wegen,Weken,Declarative final focus,Long,LFP0059,26.2742791990278,131.371395995139,72.030506879294
LF09,Weken vs. Wegen,Weken,Declarative final focus,Long,LFP0059,39.4114187985417,131.371395995139,71.2906338525525
LF09,Weken vs. Wegen,Weken,Declarative final focus,Long,LFP0059,52.5485583980556,131.371395995139,70.1537376082666
LF09,Weken vs. Wegen,Weken,Declarative final focus,Long,LFP0059,65.6856979975693,131.371395995139,69.9995565482865
LF09,Weken vs. Wegen,Weken,Declarative final focus,Long,LFP0059,78.8228375970832,131.371395995139,70.5431382667243
LF09,Weken vs. Wegen,Weken,Declarative final focus,Long,LFP0059,91.9599771965971,131.371395995139,68.4640955105938
LF09,Weken vs. Wegen,Weken,Declarative final focus,Long,LFP0059,105.097116796111,131.371395995139,67.4371585287718
LF09,Weken vs. Wegen,Weken,Declarative final focus,Long,LFP0059,118.234256395625,131.371395995139,67.7925944728155
LF10,Weken vs. Wegen,Weken,Declarative final focus,Long,LFP0060,0,152.010318550497,79.0903768709269
LF10,Weken vs. Wegen,Weken,Declarative final focus,Long,LFP0060,15.2010318550497,152.010318550497,82.3583491223733
LF10,Weken vs. Wegen,Weken,Declarative final focus,Long,LFP0060,30.4020637100995,152.010318550497,82.4174511303217
LF10,Weken vs. Wegen,Weken,Declarative final focus,Long,LFP0060,45.6030955651492,152.010318550497,79.5753177516361
LF10,Weken vs. Wegen,Weken,Declarative final focus,Long,LFP0060,60.8041274201989,152.010318550497,78.7945651458536
LF10,Weken vs. Wegen,Weken,Declarative final focus,Long,LFP0060,76.0051592752486,152.010318550497,77.2092882501196
LF10,Weken vs. Wegen,Weken,Declarative final focus,Long,LFP0060,91.2061911302984,152.010318550497,74.7155492991075
LF10,Weken vs. Wegen,Weken,Declarative final focus,Long,LFP0060,106.407222985348,152.010318550497,69.1806364228879
LF10,Weken vs. Wegen,Weken,Declarative final focus,Long,LFP0060,121.608254840398,152.010318550497,68.0788209747596
LF10,Weken vs. Wegen,Weken,Declarative final focus,Long,LFP0060,136.809286695448,152.010318550497,67.1867090572581
LF02,Laten vs. Laden,Laten,Declarative non-final focus,Long,LFP0062,0,165.056240188383,65.9528934027363
LF02,Laten vs. Laden,Laten,Declarative non-final focus,Long,LFP0062,16.5056240188384,165.056240188383,67.7277180311514
LF02,Laten vs. Laden,Laten,Declarative non-final focus,Long,LFP0062,33.0112480376765,165.056240188383,68.8504795630495
LF02,Laten vs. Laden,Laten,Declarative non-final focus,Long,LFP0062,49.5168720565149,165.056240188383,68.8001999503541
LF02,Laten vs. Laden,Laten,Declarative non-final focus,Long,LFP0062,66.0224960753533,165.056240188383,69.2270456945967
LF02,Laten vs. Laden,Laten,Declarative non-final focus,Long,LFP0062,82.5281200941914,165.056240188383,66.9587634367026
LF02,Laten vs. Laden,Laten,Declarative non-final focus,Long,LFP0062,99.0337441130298,165.056240188383,65.3465461100801
LF02,Laten vs. Laden,Laten,Declarative non-final focus,Long,LFP0062,115.539368131868,165.056240188383,67.2083469645873
LF02,Laten vs. Laden,Laten,Declarative non-final focus,Long,LFP0062,132.044992150707,165.056240188383,62.5260763572971
LF02,Laten vs. Laden,Laten,Declarative non-final focus,Long,LFP0062,148.550616169545,165.056240188383,58.5721281059881
LF03,Laten vs. Laden,Laten,Declarative non-final focus,Long,LFP0063,0,224.815537889845,66.0093299683472
LF03,Laten vs. Laden,Laten,Declarative non-final focus,Long,LFP0063,22.4815537889844,224.815537889845,69.5600241262845
LF03,Laten vs. Laden,Laten,Declarative non-final focus,Long,LFP0063,44.9631075779688,224.815537889845,75.4456685124891
LF03,Laten vs. Laden,Laten,Declarative non-final focus,Long,LFP0063,67.4446613669537,224.815537889845,76.0450255538802
LF03,Laten vs. Laden,Laten,Declarative non-final focus,Long,LFP0063,89.9262151559381,224.815537889845,73.9270331171471
LF03,Laten vs. Laden,Laten,Declarative non-final focus,Long,LFP0063,112.407768944923,224.815537889845,73.4327801270624
LF03,Laten vs. Laden,Laten,Declarative non-final focus,Long,LFP0063,134.889322733907,224.815537889845,72.5906972153079
LF03,Laten vs. Laden,Laten,Declarative non-final focus,Long,LFP0063,157.370876522891,224.815537889845,69.3430119376084
LF03,Laten vs. Laden,Laten,Declarative non-final focus,Long,LFP0063,179.852430311876,224.815537889845,67.049819502899
LF03,Laten vs. Laden,Laten,Declarative non-final focus,Long,LFP0063,202.333984100861,224.815537889845,63.759830595944
LF04,Laten vs. Laden,Laten,Declarative non-final focus,Long,LFP0064,0,198.256363767313,67.5865284429269
LF04,Laten vs. Laden,Laten,Declarative non-final focus,Long,LFP0064,19.8256363767313,198.256363767313,68.5163456155245
LF04,Laten vs. Laden,Laten,Declarative non-final focus,Long,LFP0064,39.6512727534626,198.256363767313,67.8399740888469
LF04,Laten vs. Laden,Laten,Declarative non-final focus,Long,LFP0064,59.4769091301938,198.256363767313,69.3940786123446
LF04,Laten vs. Laden,Laten,Declarative non-final focus,Long,LFP0064,79.3025455069251,198.256363767313,68.7687108785454
LF04,Laten vs. Laden,Laten,Declarative non-final focus,Long,LFP0064,99.1281818836564,198.256363767313,66.1989862477036
LF04,Laten vs. Laden,Laten,Declarative non-final focus,Long,LFP0064,118.953818260388,198.256363767313,66.2231195254224
LF04,Laten vs. Laden,Laten,Declarative non-final focus,Long,LFP0064,138.779454637119,198.256363767313,59.7883922576298
LF04,Laten vs. Laden,Laten,Declarative non-final focus,Long,LFP0064,158.60509101385,198.256363767313,59.9856393606318
LF04,Laten vs. Laden,Laten,Declarative non-final focus,Long,LFP0064,178.430727390581,198.256363767313,54.409852707368
LF05,Laten vs. Laden,Laten,Declarative non-final focus,Long,LFP0065,0,135.02668016293,68.4496952807455
LF05,Laten vs. Laden,Laten,Declarative non-final focus,Long,LFP0065,13.5026680162931,135.02668016293,70.4073448759915
LF05,Laten vs. Laden,Laten,Declarative non-final focus,Long,LFP0065,27.0053360325861,135.02668016293,69.046109654224
LF05,Laten vs. Laden,Laten,Declarative non-final focus,Long,LFP0065,40.508004048879,135.02668016293,68.5616096409062
LF05,Laten vs. Laden,Laten,Declarative non-final focus,Long,LFP0065,54.0106720651721,135.02668016293,69.0558063184263
LF05,Laten vs. Laden,Laten,Declarative non-final focus,Long,LFP0065,67.5133400814651,135.02668016293,68.7005209207123
LF05,Laten vs. Laden,Laten,Declarative non-final focus,Long,LFP0065,81.0160080977582,135.02668016293,68.7174562941618
LF05,Laten vs. Laden,Laten,Declarative non-final focus,Long,LFP0065,94.5186761140513,135.02668016293,68.3556769303716
LF05,Laten vs. Laden,Laten,Declarative non-final focus,Long,LFP0065,108.021344130344,135.02668016293,65.4631707501118
LF05,Laten vs. Laden,Laten,Declarative non-final focus,Long,LFP0065,121.524012146637,135.02668016293,62.7870770060034
LF06,Laten vs. Laden,Laten,Declarative non-final focus,Long,LFP0066,0,152.081711145997,76.5638069407981
LF06,Laten vs. Laden,Laten,Declarative non-final focus,Long,LFP0066,15.2081711145997,152.081711145997,79.7877570520457
LF06,Laten vs. Laden,Laten,Declarative non-final focus,Long,LFP0066,30.4163422291994,152.081711145997,79.7354071854497
LF06,Laten vs. Laden,Laten,Declarative non-final focus,Long,LFP0066,45.6245133437991,152.081711145997,78.3741847344219
LF06,Laten vs. Laden,Laten,Declarative non-final focus,Long,LFP0066,60.8326844583988,152.081711145997,79.0408606235476
LF06,Laten vs. Laden,Laten,Declarative non-final focus,Long,LFP0066,76.0408555729986,152.081711145997,78.2636885904713
LF06,Laten vs. Laden,Laten,Declarative non-final focus,Long,LFP0066,91.249026687598,152.081711145997,76.9582046808237
LF06,Laten vs. Laden,Laten,Declarative non-final focus,Long,LFP0066,106.457197802198,152.081711145997,74.9330236860492
LF06,Laten vs. Laden,Laten,Declarative non-final focus,Long,LFP0066,121.665368916797,152.081711145997,72.3063599148268
LF06,Laten vs. Laden,Laten,Declarative non-final focus,Long,LFP0066,136.873540031397,152.081711145997,70.333940247694
LF07,Laten vs. Laden,Laten,Declarative non-final focus,Long,LFP0067,0,144.576722242317,70.0502028952344
LF07,Laten vs. Laden,Laten,Declarative non-final focus,Long,LFP0067,14.4576722242316,144.576722242317,74.7292278488984
LF07,Laten vs. Laden,Laten,Declarative non-final focus,Long,LFP0067,28.9153444484633,144.576722242317,74.9547970940174
LF07,Laten vs. Laden,Laten,Declarative non-final focus,Long,LFP0067,43.3730166726951,144.576722242317,73.9983457792001
LF07,Laten vs. Laden,Laten,Declarative non-final focus,Long,LFP0067,57.8306888969267,144.576722242317,75.5284354926007
LF07,Laten vs. Laden,Laten,Declarative non-final focus,Long,LFP0067,72.2883611211582,144.576722242317,78.2311501899908
LF07,Laten vs. Laden,Laten,Declarative non-final focus,Long,LFP0067,86.74603334539,144.576722242317,76.65911603486
LF07,Laten vs. Laden,Laten,Declarative non-final focus,Long,LFP0067,101.203705569622,144.576722242317,75.4134619944214
LF07,Laten vs. Laden,Laten,Declarative non-final focus,Long,LFP0067,115.661377793853,144.576722242317,75.6153337588579
LF07,Laten vs. Laden,Laten,Declarative non-final focus,Long,LFP0067,130.119050018085,144.576722242317,75.787606836606
LF08,Laten vs. Laden,Laten,Declarative non-final focus,Long,LFP0068,0,143.948965003512,77.0801824548444
LF08,Laten vs. Laden,Laten,Declarative non-final focus,Long,LFP0068,14.3948965003511,143.948965003512,79.8268463975453
LF08,Laten vs. Laden,Laten,Declarative non-final focus,Long,LFP0068,28.7897930007024,143.948965003512,79.7248161691368
LF08,Laten vs. Laden,Laten,Declarative non-final focus,Long,LFP0068,43.1846895010535,143.948965003512,78.4416317314883
LF08,Laten vs. Laden,Laten,Declarative non-final focus,Long,LFP0068,57.5795860014046,143.948965003512,78.9648713270643
LF08,Laten vs. Laden,Laten,Declarative non-final focus,Long,LFP0068,71.9744825017556,143.948965003512,78.5000490655633
LF08,Laten vs. Laden,Laten,Declarative non-final focus,Long,LFP0068,86.369379002107,143.948965003512,77.2402465881294
LF08,Laten vs. Laden,Laten,Declarative non-final focus,Long,LFP0068,100.764275502458,143.948965003512,75.696049011413
LF08,Laten vs. Laden,Laten,Declarative non-final focus,Long,LFP0068,115.159172002809,143.948965003512,72.963224462569
LF08,Laten vs. Laden,Laten,Declarative non-final focus,Long,LFP0068,129.55406850316,143.948965003512,71.2823345524178
LF09,Laten vs. Laden,Laten,Declarative non-final focus,Long,LFP0069,0,142.278606888099,72.9462258183634
LF09,Laten vs. Laden,Laten,Declarative non-final focus,Long,LFP0069,14.22786068881,142.278606888099,77.1858820324798
LF09,Laten vs. Laden,Laten,Declarative non-final focus,Long,LFP0069,28.45572137762,142.278606888099,79.0377883207592
LF09,Laten vs. Laden,Laten,Declarative non-final focus,Long,LFP0069,42.6835820664298,142.278606888099,80.8656708974167
LF09,Laten vs. Laden,Laten,Declarative non-final focus,Long,LFP0069,56.9114427552397,142.278606888099,82.7653696469471
LF09,Laten vs. Laden,Laten,Declarative non-final focus,Long,LFP0069,71.1393034440497,142.278606888099,84.6503145221054
LF09,Laten vs. Laden,Laten,Declarative non-final focus,Long,LFP0069,85.3671641328597,142.278606888099,85.1279134265063
LF09,Laten vs. Laden,Laten,Declarative non-final focus,Long,LFP0069,99.5950248216697,142.278606888099,86.5474969256974
LF09,Laten vs. Laden,Laten,Declarative non-final focus,Long,LFP0069,113.822885510479,142.278606888099,85.4075229629058
LF09,Laten vs. Laden,Laten,Declarative non-final focus,Long,LFP0069,128.050746199289,142.278606888099,80.7357138974363
LF10,Laten vs. Laden,Laten,Declarative non-final focus,Long,LFP0070,0,191.693238590983,69.7522728257683
LF10,Laten vs. Laden,Laten,Declarative non-final focus,Long,LFP0070,19.1693238590982,191.693238590983,73.0235000206781
LF10,Laten vs. Laden,Laten,Declarative non-final focus,Long,LFP0070,38.3386477181966,191.693238590983,74.9066231472554
LF10,Laten vs. Laden,Laten,Declarative non-final focus,Long,LFP0070,57.5079715772948,191.693238590983,75.4277162501274
LF10,Laten vs. Laden,Laten,Declarative non-final focus,Long,LFP0070,76.6772954363932,191.693238590983,76.279000765876
LF10,Laten vs. Laden,Laten,Declarative non-final focus,Long,LFP0070,95.8466192954914,191.693238590983,79.2206556028538
LF10,Laten vs. Laden,Laten,Declarative non-final focus,Long,LFP0070,115.01594315459,191.693238590983,79.1133394043625
LF10,Laten vs. Laden,Laten,Declarative non-final focus,Long,LFP0070,134.185267013688,191.693238590983,79.3483657847302
LF10,Laten vs. Laden,Laten,Declarative non-final focus,Long,LFP0070,153.354590872786,191.693238590983,75.3549290645277
LF10,Laten vs. Laden,Laten,Declarative non-final focus,Long,LFP0070,172.523914731885,191.693238590983,68.7007431054302
LF01,Ries vs. Riez,Ries,Declarative non-final focus,Long,LFP0071,0,181.073017551146,62.9458362097228
LF01,Ries vs. Riez,Ries,Declarative non-final focus,Long,LFP0071,18.1073017551147,181.073017551146,65.8204087852542
LF01,Ries vs. Riez,Ries,Declarative non-final focus,Long,LFP0071,36.2146035102292,181.073017551146,67.6983304408948
LF01,Ries vs. Riez,Ries,Declarative non-final focus,Long,LFP0071,54.321905265344,181.073017551146,65.7027823108271
LF01,Ries vs. Riez,Ries,Declarative non-final focus,Long,LFP0071,72.4292070204585,181.073017551146,66.2427618541184
LF01,Ries vs. Riez,Ries,Declarative non-final focus,Long,LFP0071,90.5365087755731,181.073017551146,65.1322347137191
LF01,Ries vs. Riez,Ries,Declarative non-final focus,Long,LFP0071,108.643810530688,181.073017551146,63.7333053574008
LF01,Ries vs. Riez,Ries,Declarative non-final focus,Long,LFP0071,126.751112285802,181.073017551146,62.8772869331221
LF01,Ries vs. Riez,Ries,Declarative non-final focus,Long,LFP0071,144.858414040917,181.073017551146,61.9268003980802
LF01,Ries vs. Riez,Ries,Declarative non-final focus,Long,LFP0071,162.965715796032,181.073017551146,61.4028561068048
LF02,Ries vs. Riez,Ries,Declarative non-final focus,Long,LFP0072,0,103.92187108396,67.8570632106198
LF02,Ries vs. Riez,Ries,Declarative non-final focus,Long,LFP0072,10.3921871083961,103.92187108396,69.1765752881947
LF02,Ries vs. Riez,Ries,Declarative non-final focus,Long,LFP0072,20.7843742167919,103.92187108396,69.9903484449301
LF02,Ries vs. Riez,Ries,Declarative non-final focus,Long,LFP0072,31.176561325188,103.92187108396,69.9910115564839
LF02,Ries vs. Riez,Ries,Declarative non-final focus,Long,LFP0072,41.568748433584,103.92187108396,69.0187882260033
LF02,Ries vs. Riez,Ries,Declarative non-final focus,Long,LFP0072,51.9609355419799,103.92187108396,66.4609401757612
LF02,Ries vs. Riez,Ries,Declarative non-final focus,Long,LFP0072,62.353122650376,103.92187108396,65.1421957072539
LF02,Ries vs. Riez,Ries,Declarative non-final focus,Long,LFP0072,72.745309758772,103.92187108396,65.5415067795684
LF02,Ries vs. Riez,Ries,Declarative non-final focus,Long,LFP0072,83.1374968671681,103.92187108396,63.1373898204958
LF02,Ries vs. Riez,Ries,Declarative non-final focus,Long,LFP0072,93.5296839755639,103.92187108396,61.3441657713256
LF03,Ries vs. Riez,Ries,Declarative non-final focus,Long,LFP0073,0,223.441695720705,57.7703840921961
LF03,Ries vs. Riez,Ries,Declarative non-final focus,Long,LFP0073,22.3441695720705,223.441695720705,63.6005687095354
LF03,Ries vs. Riez,Ries,Declarative non-final focus,Long,LFP0073,44.6883391441411,223.441695720705,62.7171660811277
LF03,Ries vs. Riez,Ries,Declarative non-final focus,Long,LFP0073,67.0325087162116,223.441695720705,60.1940347986538
LF03,Ries vs. Riez,Ries,Declarative non-final focus,Long,LFP0073,89.3766782882821,223.441695720705,65.9262757961292
LF03,Ries vs. Riez,Ries,Declarative non-final focus,Long,LFP0073,111.720847860353,223.441695720705,67.7450789520066
LF03,Ries vs. Riez,Ries,Declarative non-final focus,Long,LFP0073,134.065017432423,223.441695720705,63.0089086939195
LF03,Ries vs. Riez,Ries,Declarative non-final focus,Long,LFP0073,156.409187004494,223.441695720705,65.8171145082628
LF03,Ries vs. Riez,Ries,Declarative non-final focus,Long,LFP0073,178.753356576564,223.441695720705,63.6935797791605
LF03,Ries vs. Riez,Ries,Declarative non-final focus,Long,LFP0073,201.097526148635,223.441695720705,62.5198708303413
LF04,Ries vs. Riez,Ries,Declarative non-final focus,Long,LFP0074,0,123.771718288159,65.4553635704327
LF04,Ries vs. Riez,Ries,Declarative non-final focus,Long,LFP0074,12.3771718288159,123.771718288159,64.9741827398357
LF04,Ries vs. Riez,Ries,Declarative non-final focus,Long,LFP0074,24.7543436576318,123.771718288159,65.4279567172765
LF04,Ries vs. Riez,Ries,Declarative non-final focus,Long,LFP0074,37.1315154864478,123.771718288159,67.053324718114
LF04,Ries vs. Riez,Ries,Declarative non-final focus,Long,LFP0074,49.5086873152637,123.771718288159,64.3627642202621
LF04,Ries vs. Riez,Ries,Declarative non-final focus,Long,LFP0074,61.8858591440795,123.771718288159,62.4049318005616
LF04,Ries vs. Riez,Ries,Declarative non-final focus,Long,LFP0074,74.2630309728954,123.771718288159,61.8113041387791
LF04,Ries vs. Riez,Ries,Declarative non-final focus,Long,LFP0074,86.6402028017114,123.771718288159,59.2662884434183
LF04,Ries vs. Riez,Ries,Declarative non-final focus,Long,LFP0074,99.0173746305273,123.771718288159,60.7569211498054
LF04,Ries vs. Riez,Ries,Declarative non-final focus,Long,LFP0074,111.394546459343,123.771718288159,59.8392775245038
LF05,Ries vs. Riez,Ries,Declarative non-final focus,Long,LFP0075,0,153.861923529798,61.2552506355343
LF05,Ries vs. Riez,Ries,Declarative non-final focus,Long,LFP0075,15.3861923529799,153.861923529798,64.5442474178063
LF05,Ries vs. Riez,Ries,Declarative non-final focus,Long,LFP0075,30.7723847059598,153.861923529798,67.8206874983562
LF05,Ries vs. Riez,Ries,Declarative non-final focus,Long,LFP0075,46.1585770589394,153.861923529798,68.6213584110928
LF05,Ries vs. Riez,Ries,Declarative non-final focus,Long,LFP0075,61.5447694119193,153.861923529798,65.9809573089875
LF05,Ries vs. Riez,Ries,Declarative non-final focus,Long,LFP0075,76.9309617648992,153.861923529798,65.090634298761
LF05,Ries vs. Riez,Ries,Declarative non-final focus,Long,LFP0075,92.3171541178791,153.861923529798,64.0573765021239
LF05,Ries vs. Riez,Ries,Declarative non-final focus,Long,LFP0075,107.703346470859,153.861923529798,63.1500395284228
LF05,Ries vs. Riez,Ries,Declarative non-final focus,Long,LFP0075,123.089538823839,153.861923529798,61.9990359027577
LF05,Ries vs. Riez,Ries,Declarative non-final focus,Long,LFP0075,138.475731176819,153.861923529798,62.0624436205961
LF06,Ries vs. Riez,Ries,Declarative non-final focus,Long,LFP0076,0,168.189499020875,72.3020807793477
LF06,Ries vs. Riez,Ries,Declarative non-final focus,Long,LFP0076,16.8189499020874,168.189499020875,76.2336853058689
LF06,Ries vs. Riez,Ries,Declarative non-final focus,Long,LFP0076,33.6378998041751,168.189499020875,78.6237173502233
LF06,Ries vs. Riez,Ries,Declarative non-final focus,Long,LFP0076,50.4568497062627,168.189499020875,81.2046095203171
LF06,Ries vs. Riez,Ries,Declarative non-final focus,Long,LFP0076,67.2757996083502,168.189499020875,81.4562094873635
LF06,Ries vs. Riez,Ries,Declarative non-final focus,Long,LFP0076,84.0947495104376,168.189499020875,79.782427356316
LF06,Ries vs. Riez,Ries,Declarative non-final focus,Long,LFP0076,100.913699412525,168.189499020875,79.0030386761847
LF06,Ries vs. Riez,Ries,Declarative non-final focus,Long,LFP0076,117.732649314613,168.189499020875,78.9600610895309
LF06,Ries vs. Riez,Ries,Declarative non-final focus,Long,LFP0076,134.5515992167,168.189499020875,76.8640309104912
LF06,Ries vs. Riez,Ries,Declarative non-final focus,Long,LFP0076,151.370549118788,168.189499020875,75.3901913917247
LF07,Ries vs. Riez,Ries,Declarative non-final focus,Long,LFP0077,0,200.179144626095,65.6915641536312
LF07,Ries vs. Riez,Ries,Declarative non-final focus,Long,LFP0077,20.0179144626094,200.179144626095,67.4545401729065
LF07,Ries vs. Riez,Ries,Declarative non-final focus,Long,LFP0077,40.035828925219,200.179144626095,66.9308517715972
LF07,Ries vs. Riez,Ries,Declarative non-final focus,Long,LFP0077,60.0537433878285,200.179144626095,65.7512118710403
LF07,Ries vs. Riez,Ries,Declarative non-final focus,Long,LFP0077,80.0716578504379,200.179144626095,67.2474242801794
LF07,Ries vs. Riez,Ries,Declarative non-final focus,Long,LFP0077,100.089572313047,200.179144626095,69.4067160844903
LF07,Ries vs. Riez,Ries,Declarative non-final focus,Long,LFP0077,120.107486775657,200.179144626095,68.369972698281
LF07,Ries vs. Riez,Ries,Declarative non-final focus,Long,LFP0077,140.125401238266,200.179144626095,65.88503196635
LF07,Ries vs. Riez,Ries,Declarative non-final focus,Long,LFP0077,160.143315700876,200.179144626095,66.7125449731625
LF07,Ries vs. Riez,Ries,Declarative non-final focus,Long,LFP0077,180.161230163485,200.179144626095,66.9481342932503
LF08,Ries vs. Riez,Ries,Declarative non-final focus,Long,LFP0078,0,171.157969980755,73.4458218658139
LF08,Ries vs. Riez,Ries,Declarative non-final focus,Long,LFP0078,17.1157969980755,171.157969980755,76.7067067519382
LF08,Ries vs. Riez,Ries,Declarative non-final focus,Long,LFP0078,34.2315939961511,171.157969980755,79.3258154364065
LF08,Ries vs. Riez,Ries,Declarative non-final focus,Long,LFP0078,51.3473909942266,171.157969980755,81.5453917024518
LF08,Ries vs. Riez,Ries,Declarative non-final focus,Long,LFP0078,68.4631879923021,171.157969980755,81.0539742397462
LF08,Ries vs. Riez,Ries,Declarative non-final focus,Long,LFP0078,85.5789849903776,171.157969980755,79.4069968510177
LF08,Ries vs. Riez,Ries,Declarative non-final focus,Long,LFP0078,102.694781988453,171.157969980755,78.9876220360492
LF08,Ries vs. Riez,Ries,Declarative non-final focus,Long,LFP0078,119.810578986529,171.157969980755,78.6300214431445
LF08,Ries vs. Riez,Ries,Declarative non-final focus,Long,LFP0078,136.926375984604,171.157969980755,76.0671587149315
LF08,Ries vs. Riez,Ries,Declarative non-final focus,Long,LFP0078,154.04217298268,171.157969980755,74.4824543362777
LF09,Ries vs. Riez,Ries,Declarative non-final focus,Long,LFP0079,0,83.2913236904072,71.4626610351464
LF09,Ries vs. Riez,Ries,Declarative non-final focus,Long,LFP0079,8.32913236904065,83.2913236904072,72.3382953177874
LF09,Ries vs. Riez,Ries,Declarative non-final focus,Long,LFP0079,16.6582647380815,83.2913236904072,72.6884566503724
LF09,Ries vs. Riez,Ries,Declarative non-final focus,Long,LFP0079,24.9873971071222,83.2913236904072,72.5055479856132
LF09,Ries vs. Riez,Ries,Declarative non-final focus,Long,LFP0079,33.3165294761628,83.2913236904072,72.2181618966777
LF09,Ries vs. Riez,Ries,Declarative non-final focus,Long,LFP0079,41.6456618452035,83.2913236904072,72.3450316170001
LF09,Ries vs. Riez,Ries,Declarative non-final focus,Long,LFP0079,49.9747942142443,83.2913236904072,72.8428912663508
LF09,Ries vs. Riez,Ries,Declarative non-final focus,Long,LFP0079,58.303926583285,83.2913236904072,73.3500124931977
LF09,Ries vs. Riez,Ries,Declarative non-final focus,Long,LFP0079,66.6330589523256,83.2913236904072,73.4076288535301
LF09,Ries vs. Riez,Ries,Declarative non-final focus,Long,LFP0079,74.9621913213665,83.2913236904072,72.5525224062767
LF10,Ries vs. Riez,Ries,Declarative non-final focus,Long,LFP0080,0,180.166344948911,72.250348439491
LF10,Ries vs. Riez,Ries,Declarative non-final focus,Long,LFP0080,18.0166344948911,180.166344948911,75.8792936208732
LF10,Ries vs. Riez,Ries,Declarative non-final focus,Long,LFP0080,36.0332689897822,180.166344948911,76.8010384792795
LF10,Ries vs. Riez,Ries,Declarative non-final focus,Long,LFP0080,54.0499034846733,180.166344948911,75.5302439347224
LF10,Ries vs. Riez,Ries,Declarative non-final focus,Long,LFP0080,72.0665379795644,180.166344948911,75.7991874096456
LF10,Ries vs. Riez,Ries,Declarative non-final focus,Long,LFP0080,90.0831724744555,180.166344948911,75.1225469609878
LF10,Ries vs. Riez,Ries,Declarative non-final focus,Long,LFP0080,108.099806969346,180.166344948911,72.5228552566176
LF10,Ries vs. Riez,Ries,Declarative non-final focus,Long,LFP0080,126.116441464238,180.166344948911,74.4138216656607
LF10,Ries vs. Riez,Ries,Declarative non-final focus,Long,LFP0080,144.133075959129,180.166344948911,75.3008014716728
LF10,Ries vs. Riez,Ries,Declarative non-final focus,Long,LFP0080,162.14971045402,180.166344948911,74.2005917866951
LF01,Rieten vs. Rieden,Rieten,Declarative non-final focus,Long,LFP0081,0,161.868890477317,70.2277598779579
LF01,Rieten vs. Rieden,Rieten,Declarative non-final focus,Long,LFP0081,16.1868890477317,161.868890477317,73.2073586693974
LF01,Rieten vs. Rieden,Rieten,Declarative non-final focus,Long,LFP0081,32.3737780954634,161.868890477317,72.2822444129989
LF01,Rieten vs. Rieden,Rieten,Declarative non-final focus,Long,LFP0081,48.5606671431951,161.868890477317,69.2260677460851
LF01,Rieten vs. Rieden,Rieten,Declarative non-final focus,Long,LFP0081,64.7475561909268,161.868890477317,67.8723971258435
LF01,Rieten vs. Rieden,Rieten,Declarative non-final focus,Long,LFP0081,80.9344452386582,161.868890477317,64.9001248379527
LF01,Rieten vs. Rieden,Rieten,Declarative non-final focus,Long,LFP0081,97.1213342863899,161.868890477317,61.7751088321451
LF01,Rieten vs. Rieden,Rieten,Declarative non-final focus,Long,LFP0081,113.308223334122,161.868890477317,62.1663166830237
LF01,Rieten vs. Rieden,Rieten,Declarative non-final focus,Long,LFP0081,129.495112381853,161.868890477317,61.617280275879
LF01,Rieten vs. Rieden,Rieten,Declarative non-final focus,Long,LFP0081,145.682001429585,161.868890477317,56.9388052124749
LF02,Rieten vs. Rieden,Rieten,Declarative non-final focus,Long,LFP0082,0,128.004162191192,60.3985741158535
LF02,Rieten vs. Rieden,Rieten,Declarative non-final focus,Long,LFP0082,12.8004162191193,128.004162191192,61.4556690906346
LF02,Rieten vs. Rieden,Rieten,Declarative non-final focus,Long,LFP0082,25.6008324382384,128.004162191192,62.6901766562364
LF02,Rieten vs. Rieden,Rieten,Declarative non-final focus,Long,LFP0082,38.4012486573577,128.004162191192,64.3002757648148
LF02,Rieten vs. Rieden,Rieten,Declarative non-final focus,Long,LFP0082,51.2016648764768,128.004162191192,65.9042891096173
LF02,Rieten vs. Rieden,Rieten,Declarative non-final focus,Long,LFP0082,64.0020810955961,128.004162191192,65.9353533993997
LF02,Rieten vs. Rieden,Rieten,Declarative non-final focus,Long,LFP0082,76.8024973147155,128.004162191192,66.0114507561129
LF02,Rieten vs. Rieden,Rieten,Declarative non-final focus,Long,LFP0082,89.6029135338345,128.004162191192,66.4902837539307
LF02,Rieten vs. Rieden,Rieten,Declarative non-final focus,Long,LFP0082,102.403329752954,128.004162191192,65.4663203225656
LF02,Rieten vs. Rieden,Rieten,Declarative non-final focus,Long,LFP0082,115.203745972073,128.004162191192,63.6468628069804
LF03,Rieten vs. Rieden,Rieten,Declarative non-final focus,Long,LFP0083,0,169.418061788405,56.8200350784558
LF03,Rieten vs. Rieden,Rieten,Declarative non-final focus,Long,LFP0083,16.9418061788407,169.418061788405,60.1269885285659
LF03,Rieten vs. Rieden,Rieten,Declarative non-final focus,Long,LFP0083,33.8836123576809,169.418061788405,63.4428643125511
LF03,Rieten vs. Rieden,Rieten,Declarative non-final focus,Long,LFP0083,50.8254185365216,169.418061788405,64.1174865067636
LF03,Rieten vs. Rieden,Rieten,Declarative non-final focus,Long,LFP0083,67.7672247153618,169.418061788405,67.1914743554418
LF03,Rieten vs. Rieden,Rieten,Declarative non-final focus,Long,LFP0083,84.7090308942025,169.418061788405,66.2400211001122
LF03,Rieten vs. Rieden,Rieten,Declarative non-final focus,Long,LFP0083,101.650837073043,169.418061788405,64.0838720675846
LF03,Rieten vs. Rieden,Rieten,Declarative non-final focus,Long,LFP0083,118.592643251883,169.418061788405,67.0302206987856
LF03,Rieten vs. Rieden,Rieten,Declarative non-final focus,Long,LFP0083,135.534449430724,169.418061788405,63.4494968874848
LF03,Rieten vs. Rieden,Rieten,Declarative non-final focus,Long,LFP0083,152.476255609564,169.418061788405,57.7126794018863
LF04,Rieten vs. Rieden,Rieten,Declarative non-final focus,Long,LFP0084,0,95.9970972828116,63.1310952142488
LF04,Rieten vs. Rieden,Rieten,Declarative non-final focus,Long,LFP0084,9.59970972828117,95.9970972828116,64.2204393153288
LF04,Rieten vs. Rieden,Rieten,Declarative non-final focus,Long,LFP0084,19.1994194565623,95.9970972828116,64.7872043039028
LF04,Rieten vs. Rieden,Rieten,Declarative non-final focus,Long,LFP0084,28.7991291848435,95.9970972828116,65.3761947951974
LF04,Rieten vs. Rieden,Rieten,Declarative non-final focus,Long,LFP0084,38.3988389131247,95.9970972828116,65.5542125536098
LF04,Rieten vs. Rieden,Rieten,Declarative non-final focus,Long,LFP0084,47.9985486414057,95.9970972828116,65.3832162813556
LF04,Rieten vs. Rieden,Rieten,Declarative non-final focus,Long,LFP0084,57.5982583696869,95.9970972828116,65.2883479507207
LF04,Rieten vs. Rieden,Rieten,Declarative non-final focus,Long,LFP0084,67.1979680979681,95.9970972828116,64.4737047127851
LF04,Rieten vs. Rieden,Rieten,Declarative non-final focus,Long,LFP0084,76.7976778262492,95.9970972828116,62.8153860410992
LF04,Rieten vs. Rieden,Rieten,Declarative non-final focus,Long,LFP0084,86.3973875545304,95.9970972828116,61.3348968476166
LF05,Rieten vs. Rieden,Rieten,Declarative non-final focus,Long,LFP0085,0,116.482337551934,64.7536525829545
LF05,Rieten vs. Rieden,Rieten,Declarative non-final focus,Long,LFP0085,11.6482337551933,116.482337551934,66.6852027863748
LF05,Rieten vs. Rieden,Rieten,Declarative non-final focus,Long,LFP0085,23.2964675103868,116.482337551934,67.8785237691237
LF05,Rieten vs. Rieden,Rieten,Declarative non-final focus,Long,LFP0085,34.9447012655801,116.482337551934,67.7815553991689
LF05,Rieten vs. Rieden,Rieten,Declarative non-final focus,Long,LFP0085,46.5929350207734,116.482337551934,66.8046624989454
LF05,Rieten vs. Rieden,Rieten,Declarative non-final focus,Long,LFP0085,58.241168775967,116.482337551934,65.3607308101013
LF05,Rieten vs. Rieden,Rieten,Declarative non-final focus,Long,LFP0085,69.8894025311603,116.482337551934,64.7289493001728
LF05,Rieten vs. Rieden,Rieten,Declarative non-final focus,Long,LFP0085,81.5376362863536,116.482337551934,65.5882694792429
LF05,Rieten vs. Rieden,Rieten,Declarative non-final focus,Long,LFP0085,93.1858700415469,116.482337551934,67.1293609860028
LF05,Rieten vs. Rieden,Rieten,Declarative non-final focus,Long,LFP0085,104.83410379674,116.482337551934,64.9733155267734
LF06,Rieten vs. Rieden,Rieten,Declarative non-final focus,Long,LFP0086,0,81.6337886267866,74.3091272887889
LF06,Rieten vs. Rieden,Rieten,Declarative non-final focus,Long,LFP0086,8.16337886267871,81.6337886267866,75.7725174958776
LF06,Rieten vs. Rieden,Rieten,Declarative non-final focus,Long,LFP0086,16.3267577253574,81.6337886267866,76.6949419824561
LF06,Rieten vs. Rieden,Rieten,Declarative non-final focus,Long,LFP0086,24.4901365880359,81.6337886267866,76.9580611593321
LF06,Rieten vs. Rieden,Rieten,Declarative non-final focus,Long,LFP0086,32.6535154507146,81.6337886267866,77.20756334771
LF06,Rieten vs. Rieden,Rieten,Declarative non-final focus,Long,LFP0086,40.8168943133933,81.6337886267866,77.2248990243439
LF06,Rieten vs. Rieden,Rieten,Declarative non-final focus,Long,LFP0086,48.980273176072,81.6337886267866,76.5118146994603
LF06,Rieten vs. Rieden,Rieten,Declarative non-final focus,Long,LFP0086,57.1436520387507,81.6337886267866,74.7876132652906
LF06,Rieten vs. Rieden,Rieten,Declarative non-final focus,Long,LFP0086,65.3070309014292,81.6337886267866,71.9934750420557
LF06,Rieten vs. Rieden,Rieten,Declarative non-final focus,Long,LFP0086,73.4704097641079,81.6337886267866,68.6231084436172
LF07,Rieten vs. Rieden,Rieten,Declarative non-final focus,Long,LFP0087,0,156.192715093294,66.7055929020631
LF07,Rieten vs. Rieden,Rieten,Declarative non-final focus,Long,LFP0087,15.6192715093295,156.192715093294,70.6154719938904
LF07,Rieten vs. Rieden,Rieten,Declarative non-final focus,Long,LFP0087,31.2385430186588,156.192715093294,71.0866665372644
LF07,Rieten vs. Rieden,Rieten,Declarative non-final focus,Long,LFP0087,46.8578145279881,156.192715093294,71.890770280801
LF07,Rieten vs. Rieden,Rieten,Declarative non-final focus,Long,LFP0087,62.4770860373176,156.192715093294,70.9221371213373
LF07,Rieten vs. Rieden,Rieten,Declarative non-final focus,Long,LFP0087,78.0963575466471,156.192715093294,69.7575313336978
LF07,Rieten vs. Rieden,Rieten,Declarative non-final focus,Long,LFP0087,93.7156290559764,156.192715093294,69.143247896013
LF07,Rieten vs. Rieden,Rieten,Declarative non-final focus,Long,LFP0087,109.334900565306,156.192715093294,68.0703965532676
LF07,Rieten vs. Rieden,Rieten,Declarative non-final focus,Long,LFP0087,124.954172074635,156.192715093294,67.7122399135122
LF07,Rieten vs. Rieden,Rieten,Declarative non-final focus,Long,LFP0087,140.573443583965,156.192715093294,68.2572185384907
LF08,Rieten vs. Rieden,Rieten,Declarative non-final focus,Long,LFP0088,0,111.62804986367,69.6516436743499
LF08,Rieten vs. Rieden,Rieten,Declarative non-final focus,Long,LFP0088,11.162804986367,111.62804986367,72.4483047841103
LF08,Rieten vs. Rieden,Rieten,Declarative non-final focus,Long,LFP0088,22.325609972734,111.62804986367,74.3261109626677
LF08,Rieten vs. Rieden,Rieten,Declarative non-final focus,Long,LFP0088,33.488414959101,111.62804986367,76.2356453932104
LF08,Rieten vs. Rieden,Rieten,Declarative non-final focus,Long,LFP0088,44.6512199454681,111.62804986367,76.9439018945724
LF08,Rieten vs. Rieden,Rieten,Declarative non-final focus,Long,LFP0088,55.8140249318353,111.62804986367,77.2309004989506
LF08,Rieten vs. Rieden,Rieten,Declarative non-final focus,Long,LFP0088,66.9768299182023,111.62804986367,76.9901126549627
LF08,Rieten vs. Rieden,Rieten,Declarative non-final focus,Long,LFP0088,78.1396349045693,111.62804986367,75.1177587690621
LF08,Rieten vs. Rieden,Rieten,Declarative non-final focus,Long,LFP0088,89.3024398909363,111.62804986367,71.3025031205427
LF08,Rieten vs. Rieden,Rieten,Declarative non-final focus,Long,LFP0088,100.465244877303,111.62804986367,66.6933720910717
LF09,Rieten vs. Rieden,Rieten,Declarative non-final focus,Long,LFP0089,0,163.813864159024,67.0277941067017
LF09,Rieten vs. Rieden,Rieten,Declarative non-final focus,Long,LFP0089,16.3813864159024,163.813864159024,69.7233069433049
LF09,Rieten vs. Rieden,Rieten,Declarative non-final focus,Long,LFP0089,32.7627728318047,163.813864159024,70.8482911387464
LF09,Rieten vs. Rieden,Rieten,Declarative non-final focus,Long,LFP0089,49.1441592477071,163.813864159024,70.4265364356921
LF09,Rieten vs. Rieden,Rieten,Declarative non-final focus,Long,LFP0089,65.5255456636095,163.813864159024,68.6864406843757
LF09,Rieten vs. Rieden,Rieten,Declarative non-final focus,Long,LFP0089,81.9069320795118,163.813864159024,66.2636866955356
LF09,Rieten vs. Rieden,Rieten,Declarative non-final focus,Long,LFP0089,98.2883184954144,163.813864159024,65.1406397228554
LF09,Rieten vs. Rieden,Rieten,Declarative non-final focus,Long,LFP0089,114.669704911317,163.813864159024,65.7760024769072
LF09,Rieten vs. Rieden,Rieten,Declarative non-final focus,Long,LFP0089,131.051091327219,163.813864159024,67.6650049003941
LF09,Rieten vs. Rieden,Rieten,Declarative non-final focus,Long,LFP0089,147.432477743122,163.813864159024,64.4663558587335
LF10,Rieten vs. Rieden,Rieten,Declarative non-final focus,Long,LFP0090,0,117.961743343592,70.5009866930013
LF10,Rieten vs. Rieden,Rieten,Declarative non-final focus,Long,LFP0090,11.7961743343593,117.961743343592,71.4943806828337
LF10,Rieten vs. Rieden,Rieten,Declarative non-final focus,Long,LFP0090,23.5923486687184,117.961743343592,70.7743353457254
LF10,Rieten vs. Rieden,Rieten,Declarative non-final focus,Long,LFP0090,35.3885230030777,117.961743343592,71.5517761616802
LF10,Rieten vs. Rieden,Rieten,Declarative non-final focus,Long,LFP0090,47.184697337437,117.961743343592,71.7247558823422
LF10,Rieten vs. Rieden,Rieten,Declarative non-final focus,Long,LFP0090,58.9808716717961,117.961743343592,70.2533694260968
LF10,Rieten vs. Rieden,Rieten,Declarative non-final focus,Long,LFP0090,70.7770460061554,117.961743343592,67.7726094300463
LF10,Rieten vs. Rieden,Rieten,Declarative non-final focus,Long,LFP0090,82.5732203405147,117.961743343592,65.0859381718205
LF10,Rieten vs. Rieden,Rieten,Declarative non-final focus,Long,LFP0090,94.369394674874,117.961743343592,63.3202157701459
LF10,Rieten vs. Rieden,Rieten,Declarative non-final focus,Long,LFP0090,106.165569009233,117.961743343592,61.7429219102258
LF01,Siet vs. Sied,Siet,Declarative non-final focus,Long,LFP0091,0,135.006936332331,59.0158509417627
LF01,Siet vs. Sied,Siet,Declarative non-final focus,Long,LFP0091,13.5006936332331,135.006936332331,63.7142702604826
LF01,Siet vs. Sied,Siet,Declarative non-final focus,Long,LFP0091,27.0013872664661,135.006936332331,66.7458317926636
LF01,Siet vs. Sied,Siet,Declarative non-final focus,Long,LFP0091,40.5020808996992,135.006936332331,67.377861236091
LF01,Siet vs. Sied,Siet,Declarative non-final focus,Long,LFP0091,54.0027745329323,135.006936332331,65.8253367128602
LF01,Siet vs. Sied,Siet,Declarative non-final focus,Long,LFP0091,67.5034681661655,135.006936332331,63.9507288981113
LF01,Siet vs. Sied,Siet,Declarative non-final focus,Long,LFP0091,81.0041617993984,135.006936332331,63.1804003966151
LF01,Siet vs. Sied,Siet,Declarative non-final focus,Long,LFP0091,94.5048554326315,135.006936332331,59.385320152577
LF01,Siet vs. Sied,Siet,Declarative non-final focus,Long,LFP0091,108.005549065865,135.006936332331,55.2648717437499
LF01,Siet vs. Sied,Siet,Declarative non-final focus,Long,LFP0091,121.506242699098,135.006936332331,56.6064537640458
LF02,Siet vs. Sied,Siet,Declarative non-final focus,Long,LFP0092,0,93.1518091244596,60.8369669318299
LF02,Siet vs. Sied,Siet,Declarative non-final focus,Long,LFP0092,9.31518091244588,93.1518091244596,62.7185367527778
LF02,Siet vs. Sied,Siet,Declarative non-final focus,Long,LFP0092,18.630361824892,93.1518091244596,62.6261678146403
LF02,Siet vs. Sied,Siet,Declarative non-final focus,Long,LFP0092,27.9455427373378,93.1518091244596,60.5707634602544
LF02,Siet vs. Sied,Siet,Declarative non-final focus,Long,LFP0092,37.2607236497839,93.1518091244596,58.8680407876825
LF02,Siet vs. Sied,Siet,Declarative non-final focus,Long,LFP0092,46.5759045622298,93.1518091244596,58.6879361124344
LF02,Siet vs. Sied,Siet,Declarative non-final focus,Long,LFP0092,55.8910854746757,93.1518091244596,58.2323584257532
LF02,Siet vs. Sied,Siet,Declarative non-final focus,Long,LFP0092,65.2062663871218,93.1518091244596,55.7411180725012
LF02,Siet vs. Sied,Siet,Declarative non-final focus,Long,LFP0092,74.5214472995677,93.1518091244596,53.0909248143925
LF02,Siet vs. Sied,Siet,Declarative non-final focus,Long,LFP0092,83.8366282120138,93.1518091244596,51.7313382051157
LF03,Siet vs. Sied,Siet,Declarative non-final focus,Long,LFP0093,0,244.960616329623,59.0834277661073
LF03,Siet vs. Sied,Siet,Declarative non-final focus,Long,LFP0093,24.4960616329624,244.960616329623,63.057130790013
LF03,Siet vs. Sied,Siet,Declarative non-final focus,Long,LFP0093,48.9921232659247,244.960616329623,59.6651345980835
LF03,Siet vs. Sied,Siet,Declarative non-final focus,Long,LFP0093,73.4881848988866,244.960616329623,55.0359512772203
LF03,Siet vs. Sied,Siet,Declarative non-final focus,Long,LFP0093,97.984246531849,244.960616329623,60.8569625202935
LF03,Siet vs. Sied,Siet,Declarative non-final focus,Long,LFP0093,122.480308164811,244.960616329623,65.3853369398723
LF03,Siet vs. Sied,Siet,Declarative non-final focus,Long,LFP0093,146.976369797774,244.960616329623,60.1834824355209
LF03,Siet vs. Sied,Siet,Declarative non-final focus,Long,LFP0093,171.472431430736,244.960616329623,55.6489973692794
LF03,Siet vs. Sied,Siet,Declarative non-final focus,Long,LFP0093,195.968493063698,244.960616329623,52.4988123029094
LF03,Siet vs. Sied,Siet,Declarative non-final focus,Long,LFP0093,220.46455469666,244.960616329623,45.8208457964026
LF04,Siet vs. Sied,Siet,Declarative non-final focus,Long,LFP0094,0,170.323809842337,60.3414404426217
LF04,Siet vs. Sied,Siet,Declarative non-final focus,Long,LFP0094,17.0323809842337,170.323809842337,60.0059745372797
LF04,Siet vs. Sied,Siet,Declarative non-final focus,Long,LFP0094,34.0647619684674,170.323809842337,61.7559572642934
LF04,Siet vs. Sied,Siet,Declarative non-final focus,Long,LFP0094,51.0971429527011,170.323809842337,62.3163529484603
LF04,Siet vs. Sied,Siet,Declarative non-final focus,Long,LFP0094,68.1295239369347,170.323809842337,63.8799006445794
LF04,Siet vs. Sied,Siet,Declarative non-final focus,Long,LFP0094,85.1619049211684,170.323809842337,63.3791962581484
LF04,Siet vs. Sied,Siet,Declarative non-final focus,Long,LFP0094,102.194285905402,170.323809842337,60.1414741805081
LF04,Siet vs. Sied,Siet,Declarative non-final focus,Long,LFP0094,119.226666889636,170.323809842337,55.8459110206073
LF04,Siet vs. Sied,Siet,Declarative non-final focus,Long,LFP0094,136.25904787387,170.323809842337,51.9259151336658
LF04,Siet vs. Sied,Siet,Declarative non-final focus,Long,LFP0094,153.291428858103,170.323809842337,49.7115318605827
LF05,Siet vs. Sied,Siet,Declarative non-final focus,Long,LFP0095,0,208.428222870877,59.0130935496266
LF05,Siet vs. Sied,Siet,Declarative non-final focus,Long,LFP0095,20.8428222870876,208.428222870877,64.6548990074629
LF05,Siet vs. Sied,Siet,Declarative non-final focus,Long,LFP0095,41.6856445741753,208.428222870877,66.2176069727224
LF05,Siet vs. Sied,Siet,Declarative non-final focus,Long,LFP0095,62.5284668612631,208.428222870877,67.1882601554773
LF05,Siet vs. Sied,Siet,Declarative non-final focus,Long,LFP0095,83.3712891483507,208.428222870877,66.4808408890754
LF05,Siet vs. Sied,Siet,Declarative non-final focus,Long,LFP0095,104.214111435438,208.428222870877,64.8076166410753
LF05,Siet vs. Sied,Siet,Declarative non-final focus,Long,LFP0095,125.056933722526,208.428222870877,62.6766042334404
LF05,Siet vs. Sied,Siet,Declarative non-final focus,Long,LFP0095,145.899756009614,208.428222870877,55.5262651400852
LF05,Siet vs. Sied,Siet,Declarative non-final focus,Long,LFP0095,166.742578296701,208.428222870877,51.3362059421343
LF05,Siet vs. Sied,Siet,Declarative non-final focus,Long,LFP0095,187.585400583789,208.428222870877,41.7276078531987
LF06,Siet vs. Sied,Siet,Declarative non-final focus,Long,LFP0096,0,180.702482545835,67.4047633287087
LF06,Siet vs. Sied,Siet,Declarative non-final focus,Long,LFP0096,18.0702482545834,180.702482545835,72.0504948702156
LF06,Siet vs. Sied,Siet,Declarative non-final focus,Long,LFP0096,36.140496509167,180.702482545835,76.5473917567998
LF06,Siet vs. Sied,Siet,Declarative non-final focus,Long,LFP0096,54.2107447637503,180.702482545835,75.6768440986294
LF06,Siet vs. Sied,Siet,Declarative non-final focus,Long,LFP0096,72.2809930183339,180.702482545835,73.7582423605941
LF06,Siet vs. Sied,Siet,Declarative non-final focus,Long,LFP0096,90.3512412729173,180.702482545835,73.3675073578657
LF06,Siet vs. Sied,Siet,Declarative non-final focus,Long,LFP0096,108.421489527501,180.702482545835,73.715328159343
LF06,Siet vs. Sied,Siet,Declarative non-final focus,Long,LFP0096,126.491737782084,180.702482545835,66.8008713538978
LF06,Siet vs. Sied,Siet,Declarative non-final focus,Long,LFP0096,144.561986036668,180.702482545835,61.1728675739256
LF06,Siet vs. Sied,Siet,Declarative non-final focus,Long,LFP0096,162.632234291251,180.702482545835,54.8705466573356
LF07,Siet vs. Sied,Siet,Declarative non-final focus,Long,LFP0097,0,172.223973251177,63.7903063119756
LF07,Siet vs. Sied,Siet,Declarative non-final focus,Long,LFP0097,17.2223973251178,172.223973251177,66.4989185859567
LF07,Siet vs. Sied,Siet,Declarative non-final focus,Long,LFP0097,34.4447946502353,172.223973251177,68.0702320410121
LF07,Siet vs. Sied,Siet,Declarative non-final focus,Long,LFP0097,51.6671919753531,172.223973251177,67.3155090331739
LF07,Siet vs. Sied,Siet,Declarative non-final focus,Long,LFP0097,68.8895893004708,172.223973251177,66.0158037033705
LF07,Siet vs. Sied,Siet,Declarative non-final focus,Long,LFP0097,86.1119866255886,172.223973251177,63.5932956815153
LF07,Siet vs. Sied,Siet,Declarative non-final focus,Long,LFP0097,103.334383950706,172.223973251177,62.8463690283699
LF07,Siet vs. Sied,Siet,Declarative non-final focus,Long,LFP0097,120.556781275824,172.223973251177,62.3034762465507
LF07,Siet vs. Sied,Siet,Declarative non-final focus,Long,LFP0097,137.779178600942,172.223973251177,60.8182068862508
LF07,Siet vs. Sied,Siet,Declarative non-final focus,Long,LFP0097,155.001575926059,172.223973251177,58.8629724263266
LF08,Siet vs. Sied,Siet,Declarative non-final focus,Long,LFP0098,0,171.452600250626,69.7625645065199
LF08,Siet vs. Sied,Siet,Declarative non-final focus,Long,LFP0098,17.1452600250626,171.452600250626,75.3677816521626
LF08,Siet vs. Sied,Siet,Declarative non-final focus,Long,LFP0098,34.2905200501253,171.452600250626,76.4690647571543
LF08,Siet vs. Sied,Siet,Declarative non-final focus,Long,LFP0098,51.4357800751879,171.452600250626,74.8328332602982
LF08,Siet vs. Sied,Siet,Declarative non-final focus,Long,LFP0098,68.5810401002507,171.452600250626,73.0375413531169
LF08,Siet vs. Sied,Siet,Declarative non-final focus,Long,LFP0098,85.7263001253132,171.452600250626,74.0879344538299
LF08,Siet vs. Sied,Siet,Declarative non-final focus,Long,LFP0098,102.871560150376,171.452600250626,71.9264885601131
LF08,Siet vs. Sied,Siet,Declarative non-final focus,Long,LFP0098,120.016820175439,171.452600250626,65.1300544151999
LF08,Siet vs. Sied,Siet,Declarative non-final focus,Long,LFP0098,137.162080200501,171.452600250626,60.5692522219946
LF08,Siet vs. Sied,Siet,Declarative non-final focus,Long,LFP0098,154.307340225564,171.452600250626,53.6964612361443
LF09,Siet vs. Sied,Siet,Declarative non-final focus,Long,LFP0099,0,175.091811775317,64.6886966636794
LF09,Siet vs. Sied,Siet,Declarative non-final focus,Long,LFP0099,17.5091811775316,175.091811775317,69.103389792303
LF09,Siet vs. Sied,Siet,Declarative non-final focus,Long,LFP0099,35.0183623550635,175.091811775317,71.5142302318087
LF09,Siet vs. Sied,Siet,Declarative non-final focus,Long,LFP0099,52.5275435325951,175.091811775317,72.8139292427226
LF09,Siet vs. Sied,Siet,Declarative non-final focus,Long,LFP0099,70.036724710127,175.091811775317,72.2706181067455
LF09,Siet vs. Sied,Siet,Declarative non-final focus,Long,LFP0099,87.5459058876586,175.091811775317,69.8803677308778
LF09,Siet vs. Sied,Siet,Declarative non-final focus,Long,LFP0099,105.05508706519,175.091811775317,64.4559608778568
LF09,Siet vs. Sied,Siet,Declarative non-final focus,Long,LFP0099,122.564268242722,175.091811775317,59.1257719605507
LF09,Siet vs. Sied,Siet,Declarative non-final focus,Long,LFP0099,140.073449420254,175.091811775317,57.6863581446639
LF09,Siet vs. Sied,Siet,Declarative non-final focus,Long,LFP0099,157.582630597786,175.091811775317,55.7839353301358
LF10,Siet vs. Sied,Siet,Declarative non-final focus,Long,LFP0100,0,206.172580489686,61.9468069865279
LF10,Siet vs. Sied,Siet,Declarative non-final focus,Long,LFP0100,20.6172580489685,206.172580489686,67.1241871467094
LF10,Siet vs. Sied,Siet,Declarative non-final focus,Long,LFP0100,41.234516097937,206.172580489686,69.0102896089127
LF10,Siet vs. Sied,Siet,Declarative non-final focus,Long,LFP0100,61.8517741469058,206.172580489686,72.6462845484482
LF10,Siet vs. Sied,Siet,Declarative non-final focus,Long,LFP0100,82.4690321958743,206.172580489686,75.2204028895727
LF10,Siet vs. Sied,Siet,Declarative non-final focus,Long,LFP0100,103.086290244843,206.172580489686,72.5619245935301
LF10,Siet vs. Sied,Siet,Declarative non-final focus,Long,LFP0100,123.703548293811,206.172580489686,68.6220715734156
LF10,Siet vs. Sied,Siet,Declarative non-final focus,Long,LFP0100,144.32080634278,206.172580489686,68.0003659819529
LF10,Siet vs. Sied,Siet,Declarative non-final focus,Long,LFP0100,164.938064391749,206.172580489686,66.2608424463211
LF10,Siet vs. Sied,Siet,Declarative non-final focus,Long,LFP0100,185.555322440717,206.172580489686,62.8521995200013
LF01,Swien vs. Swiien,Swien,Declarative non-final focus,Long,LFP0101,0,72.2643603420217,65.7976015232281
LF01,Swien vs. Swiien,Swien,Declarative non-final focus,Long,LFP0101,7.22643603420225,72.2643603420217,69.6605286366808
LF01,Swien vs. Swiien,Swien,Declarative non-final focus,Long,LFP0101,14.4528720684043,72.2643603420217,72.0005464499591
LF01,Swien vs. Swiien,Swien,Declarative non-final focus,Long,LFP0101,21.6793081026065,72.2643603420217,73.1943774774444
LF01,Swien vs. Swiien,Swien,Declarative non-final focus,Long,LFP0101,28.9057441368086,72.2643603420217,73.8421180138375
LF01,Swien vs. Swiien,Swien,Declarative non-final focus,Long,LFP0101,36.1321801710108,72.2643603420217,74.4268611324685
LF01,Swien vs. Swiien,Swien,Declarative non-final focus,Long,LFP0101,43.3586162052131,72.2643603420217,74.9768602813443
LF01,Swien vs. Swiien,Swien,Declarative non-final focus,Long,LFP0101,50.5850522394151,72.2643603420217,75.2118896724827
LF01,Swien vs. Swiien,Swien,Declarative non-final focus,Long,LFP0101,57.8114882736174,72.2643603420217,74.7267739738091
LF01,Swien vs. Swiien,Swien,Declarative non-final focus,Long,LFP0101,65.0379243078194,72.2643603420217,73.1134684211208
LF02,Swien vs. Swiien,Swien,Declarative non-final focus,Long,LFP0102,0,110.208799471206,68.8441898324698
LF02,Swien vs. Swiien,Swien,Declarative non-final focus,Long,LFP0102,11.0208799471205,110.208799471206,68.2783898049744
LF02,Swien vs. Swiien,Swien,Declarative non-final focus,Long,LFP0102,22.0417598942411,110.208799471206,66.1606877048287
LF02,Swien vs. Swiien,Swien,Declarative non-final focus,Long,LFP0102,33.0626398413616,110.208799471206,65.8436248378641
LF02,Swien vs. Swiien,Swien,Declarative non-final focus,Long,LFP0102,44.0835197884821,110.208799471206,65.7848010440908
LF02,Swien vs. Swiien,Swien,Declarative non-final focus,Long,LFP0102,55.1043997356029,110.208799471206,65.3515212056686
LF02,Swien vs. Swiien,Swien,Declarative non-final focus,Long,LFP0102,66.1252796827234,110.208799471206,67.4637173068713
LF02,Swien vs. Swiien,Swien,Declarative non-final focus,Long,LFP0102,77.146159629844,110.208799471206,69.0202416251017
LF02,Swien vs. Swiien,Swien,Declarative non-final focus,Long,LFP0102,88.1670395769645,110.208799471206,69.6851712321867
LF02,Swien vs. Swiien,Swien,Declarative non-final focus,Long,LFP0102,99.187919524085,110.208799471206,67.6375162571721
LF03,Swien vs. Swiien,Swien,Declarative non-final focus,Long,LFP0103,0,86.9249522068463,58.0231637683253
LF03,Swien vs. Swiien,Swien,Declarative non-final focus,Long,LFP0103,8.6924952206846,86.9249522068463,58.6865902614743
LF03,Swien vs. Swiien,Swien,Declarative non-final focus,Long,LFP0103,17.3849904413692,86.9249522068463,60.6634396139153
LF03,Swien vs. Swiien,Swien,Declarative non-final focus,Long,LFP0103,26.0774856620538,86.9249522068463,60.8599765681972
LF03,Swien vs. Swiien,Swien,Declarative non-final focus,Long,LFP0103,34.7699808827384,86.9249522068463,60.3647382164017
LF03,Swien vs. Swiien,Swien,Declarative non-final focus,Long,LFP0103,43.4624761034232,86.9249522068463,60.5753489238061
LF03,Swien vs. Swiien,Swien,Declarative non-final focus,Long,LFP0103,52.1549713241078,86.9249522068463,59.3077583761354
LF03,Swien vs. Swiien,Swien,Declarative non-final focus,Long,LFP0103,60.8474665447925,86.9249522068463,57.0510866543315
LF03,Swien vs. Swiien,Swien,Declarative non-final focus,Long,LFP0103,69.5399617654771,86.9249522068463,56.2574863539781
LF03,Swien vs. Swiien,Swien,Declarative non-final focus,Long,LFP0103,78.2324569861617,86.9249522068463,58.4621770303858
LF04,Swien vs. Swiien,Swien,Declarative non-final focus,Long,LFP0104,0,85.561847827154,67.1962461533714
LF04,Swien vs. Swiien,Swien,Declarative non-final focus,Long,LFP0104,8.55618478271536,85.561847827154,65.4307535235766
LF04,Swien vs. Swiien,Swien,Declarative non-final focus,Long,LFP0104,17.1123695654308,85.561847827154,64.5634771726994
LF04,Swien vs. Swiien,Swien,Declarative non-final focus,Long,LFP0104,25.6685543481462,85.561847827154,64.617815154125
LF04,Swien vs. Swiien,Swien,Declarative non-final focus,Long,LFP0104,34.2247391308617,85.561847827154,65.4178577665893
LF04,Swien vs. Swiien,Swien,Declarative non-final focus,Long,LFP0104,42.780923913577,85.561847827154,65.4765945366727
LF04,Swien vs. Swiien,Swien,Declarative non-final focus,Long,LFP0104,51.3371086962924,85.561847827154,65.3740481053141
LF04,Swien vs. Swiien,Swien,Declarative non-final focus,Long,LFP0104,59.8932934790077,85.561847827154,65.9496041131169
LF04,Swien vs. Swiien,Swien,Declarative non-final focus,Long,LFP0104,68.4494782617233,85.561847827154,67.7041126643329
LF04,Swien vs. Swiien,Swien,Declarative non-final focus,Long,LFP0104,77.0056630444387,85.561847827154,69.4498415018064
LF05,Swien vs. Swiien,Swien,Declarative non-final focus,Long,LFP0105,0,113.276255926822,67.8889631011518
LF05,Swien vs. Swiien,Swien,Declarative non-final focus,Long,LFP0105,11.3276255926822,113.276255926822,67.4834814323054
LF05,Swien vs. Swiien,Swien,Declarative non-final focus,Long,LFP0105,22.6552511853643,113.276255926822,66.901645282409
LF05,Swien vs. Swiien,Swien,Declarative non-final focus,Long,LFP0105,33.9828767780465,113.276255926822,66.0985580572501
LF05,Swien vs. Swiien,Swien,Declarative non-final focus,Long,LFP0105,45.3105023707286,113.276255926822,65.6367957386911
LF05,Swien vs. Swiien,Swien,Declarative non-final focus,Long,LFP0105,56.6381279634108,113.276255926822,67.1750446380029
LF05,Swien vs. Swiien,Swien,Declarative non-final focus,Long,LFP0105,67.9657535560929,113.276255926822,68.4319130666382
LF05,Swien vs. Swiien,Swien,Declarative non-final focus,Long,LFP0105,79.2933791487751,113.276255926822,69.4499001490613
LF05,Swien vs. Swiien,Swien,Declarative non-final focus,Long,LFP0105,90.6210047414572,113.276255926822,70.518072870291
LF05,Swien vs. Swiien,Swien,Declarative non-final focus,Long,LFP0105,101.948630334139,113.276255926822,72.3236110587773
LF06,Swien vs. Swiien,Swien,Declarative non-final focus,Long,LFP0106,0,87.8026838215045,74.3152453623523
LF06,Swien vs. Swiien,Swien,Declarative non-final focus,Long,LFP0106,8.78026838215051,87.8026838215045,75.1574478105376
LF06,Swien vs. Swiien,Swien,Declarative non-final focus,Long,LFP0106,17.5605367643008,87.8026838215045,75.7235417112379
LF06,Swien vs. Swiien,Swien,Declarative non-final focus,Long,LFP0106,26.3408051464513,87.8026838215045,76.2135327039636
LF06,Swien vs. Swiien,Swien,Declarative non-final focus,Long,LFP0106,35.1210735286018,87.8026838215045,76.2998264376807
LF06,Swien vs. Swiien,Swien,Declarative non-final focus,Long,LFP0106,43.9013419107521,87.8026838215045,75.7547319943876
LF06,Swien vs. Swiien,Swien,Declarative non-final focus,Long,LFP0106,52.6816102929026,87.8026838215045,74.7481847337141
LF06,Swien vs. Swiien,Swien,Declarative non-final focus,Long,LFP0106,61.4618786750531,87.8026838215045,73.8650975032203
LF06,Swien vs. Swiien,Swien,Declarative non-final focus,Long,LFP0106,70.2421470572037,87.8026838215045,74.0250433657204
LF06,Swien vs. Swiien,Swien,Declarative non-final focus,Long,LFP0106,79.0224154393539,87.8026838215045,74.7036992533932
LF07,Swien vs. Swiien,Swien,Declarative non-final focus,Long,LFP0107,0,107.889120176021,65.9118345655344
LF07,Swien vs. Swiien,Swien,Declarative non-final focus,Long,LFP0107,10.7889120176021,107.889120176021,66.0202743808912
LF07,Swien vs. Swiien,Swien,Declarative non-final focus,Long,LFP0107,21.5778240352043,107.889120176021,65.5345998323075
LF07,Swien vs. Swiien,Swien,Declarative non-final focus,Long,LFP0107,32.3667360528064,107.889120176021,65.0414064639799
LF07,Swien vs. Swiien,Swien,Declarative non-final focus,Long,LFP0107,43.1556480704085,107.889120176021,64.4667467588117
LF07,Swien vs. Swiien,Swien,Declarative non-final focus,Long,LFP0107,53.9445600880109,107.889120176021,65.0868585662535
LF07,Swien vs. Swiien,Swien,Declarative non-final focus,Long,LFP0107,64.733472105613,107.889120176021,66.0629811969486
LF07,Swien vs. Swiien,Swien,Declarative non-final focus,Long,LFP0107,75.5223841232151,107.889120176021,66.6478366903674
LF07,Swien vs. Swiien,Swien,Declarative non-final focus,Long,LFP0107,86.3112961408172,107.889120176021,67.5253524711918
LF07,Swien vs. Swiien,Swien,Declarative non-final focus,Long,LFP0107,97.1002081584193,107.889120176021,69.2648592607598
LF08,Swien vs. Swiien,Swien,Declarative non-final focus,Long,LFP0108,0,105.973389603817,70.9767308664344
LF08,Swien vs. Swiien,Swien,Declarative non-final focus,Long,LFP0108,10.5973389603817,105.973389603817,73.8726581103863
LF08,Swien vs. Swiien,Swien,Declarative non-final focus,Long,LFP0108,21.1946779207635,105.973389603817,75.1057867460788
LF08,Swien vs. Swiien,Swien,Declarative non-final focus,Long,LFP0108,31.7920168811452,105.973389603817,75.7826211193008
LF08,Swien vs. Swiien,Swien,Declarative non-final focus,Long,LFP0108,42.3893558415269,105.973389603817,76.3070415116491
LF08,Swien vs. Swiien,Swien,Declarative non-final focus,Long,LFP0108,52.9866948019087,105.973389603817,76.0998876186253
LF08,Swien vs. Swiien,Swien,Declarative non-final focus,Long,LFP0108,63.5840337622904,105.973389603817,75.0538865293155
LF08,Swien vs. Swiien,Swien,Declarative non-final focus,Long,LFP0108,74.1813727226721,105.973389603817,73.8687867765733
LF08,Swien vs. Swiien,Swien,Declarative non-final focus,Long,LFP0108,84.7787116830538,105.973389603817,74.0715668138491
LF08,Swien vs. Swiien,Swien,Declarative non-final focus,Long,LFP0108,95.3760506434356,105.973389603817,74.7520444451384
LF09,Swien vs. Swiien,Swien,Declarative non-final focus,Long,LFP0109,0,98.870822316781,67.2262364887884
LF09,Swien vs. Swiien,Swien,Declarative non-final focus,Long,LFP0109,9.88708223167811,98.870822316781,68.7122148536622
LF09,Swien vs. Swiien,Swien,Declarative non-final focus,Long,LFP0109,19.7741644633562,98.870822316781,68.8955053116061
LF09,Swien vs. Swiien,Swien,Declarative non-final focus,Long,LFP0109,29.6612466950343,98.870822316781,68.398630091188
LF09,Swien vs. Swiien,Swien,Declarative non-final focus,Long,LFP0109,39.5483289267125,98.870822316781,68.4801807189797
LF09,Swien vs. Swiien,Swien,Declarative non-final focus,Long,LFP0109,49.4354111583905,98.870822316781,69.2002775322769
LF09,Swien vs. Swiien,Swien,Declarative non-final focus,Long,LFP0109,59.3224933900686,98.870822316781,71.3275096342103
LF09,Swien vs. Swiien,Swien,Declarative non-final focus,Long,LFP0109,69.2095756217467,98.870822316781,71.9699807613063
LF09,Swien vs. Swiien,Swien,Declarative non-final focus,Long,LFP0109,79.0966578534248,98.870822316781,70.7129129115273
LF09,Swien vs. Swiien,Swien,Declarative non-final focus,Long,LFP0109,88.9837400851029,98.870822316781,68.8299749858623
LF10,Swien vs. Swiien,Swien,Declarative non-final focus,Long,LFP0110,0,126.00729726101,68.7570342081633
LF10,Swien vs. Swiien,Swien,Declarative non-final focus,Long,LFP0110,12.600729726101,126.00729726101,66.5683781637774
LF10,Swien vs. Swiien,Swien,Declarative non-final focus,Long,LFP0110,25.2014594522019,126.00729726101,69.0110280345742
LF10,Swien vs. Swiien,Swien,Declarative non-final focus,Long,LFP0110,37.8021891783029,126.00729726101,72.349024151936
LF10,Swien vs. Swiien,Swien,Declarative non-final focus,Long,LFP0110,50.4029189044037,126.00729726101,74.2987231349133
LF10,Swien vs. Swiien,Swien,Declarative non-final focus,Long,LFP0110,63.0036486305048,126.00729726101,75.758829820439
LF10,Swien vs. Swiien,Swien,Declarative non-final focus,Long,LFP0110,75.6043783566058,126.00729726101,75.140303257224
LF10,Swien vs. Swiien,Swien,Declarative non-final focus,Long,LFP0110,88.2051080827067,126.00729726101,75.4647119432537
LF10,Swien vs. Swiien,Swien,Declarative non-final focus,Long,LFP0110,100.805837808808,126.00729726101,77.3596627247833
LF10,Swien vs. Swiien,Swien,Declarative non-final focus,Long,LFP0110,113.406567534909,126.00729726101,79.3077412463132
LF01,Weken vs. Wegen,Weken,Declarative non-final focus,Long,LFP0111,0,212.166527817781,60.7707271460258
LF01,Weken vs. Wegen,Weken,Declarative non-final focus,Long,LFP0111,21.2166527817782,212.166527817781,69.2970566191769
LF01,Weken vs. Wegen,Weken,Declarative non-final focus,Long,LFP0111,42.4333055635563,212.166527817781,72.7374031870436
LF01,Weken vs. Wegen,Weken,Declarative non-final focus,Long,LFP0111,63.6499583453344,212.166527817781,73.7092603155007
LF01,Weken vs. Wegen,Weken,Declarative non-final focus,Long,LFP0111,84.8666111271125,212.166527817781,72.4050175220395
LF01,Weken vs. Wegen,Weken,Declarative non-final focus,Long,LFP0111,106.083263908891,212.166527817781,74.7633934087671
LF01,Weken vs. Wegen,Weken,Declarative non-final focus,Long,LFP0111,127.299916690669,212.166527817781,74.5041178335748
LF01,Weken vs. Wegen,Weken,Declarative non-final focus,Long,LFP0111,148.516569472447,212.166527817781,69.3686659114114
LF01,Weken vs. Wegen,Weken,Declarative non-final focus,Long,LFP0111,169.733222254225,212.166527817781,68.3664393005117
LF01,Weken vs. Wegen,Weken,Declarative non-final focus,Long,LFP0111,190.949875036003,212.166527817781,65.7040273009898
LF02,Weken vs. Wegen,Weken,Declarative non-final focus,Long,LFP0112,0,132.127797601834,62.1615709491243
LF02,Weken vs. Wegen,Weken,Declarative non-final focus,Long,LFP0112,13.2127797601833,132.127797601834,67.399105338544
LF02,Weken vs. Wegen,Weken,Declarative non-final focus,Long,LFP0112,26.4255595203668,132.127797601834,71.5317145970144
LF02,Weken vs. Wegen,Weken,Declarative non-final focus,Long,LFP0112,39.6383392805504,132.127797601834,72.7639800238489
LF02,Weken vs. Wegen,Weken,Declarative non-final focus,Long,LFP0112,52.8511190407337,132.127797601834,71.4173984235111
LF02,Weken vs. Wegen,Weken,Declarative non-final focus,Long,LFP0112,66.063898800917,132.127797601834,69.8039142560781
LF02,Weken vs. Wegen,Weken,Declarative non-final focus,Long,LFP0112,79.2766785611005,132.127797601834,68.8803572418612
LF02,Weken vs. Wegen,Weken,Declarative non-final focus,Long,LFP0112,92.4894583212841,132.127797601834,67.6313634613701
LF02,Weken vs. Wegen,Weken,Declarative non-final focus,Long,LFP0112,105.702238081467,132.127797601834,66.340221042537
LF02,Weken vs. Wegen,Weken,Declarative non-final focus,Long,LFP0112,118.915017841651,132.127797601834,62.2391505479848
LF03,Weken vs. Wegen,Weken,Declarative non-final focus,Long,LFP0113,0,188.872775604105,71.6775511980429
LF03,Weken vs. Wegen,Weken,Declarative non-final focus,Long,LFP0113,18.8872775604105,188.872775604105,72.9342800067714
LF03,Weken vs. Wegen,Weken,Declarative non-final focus,Long,LFP0113,37.7745551208211,188.872775604105,73.6732554210855
LF03,Weken vs. Wegen,Weken,Declarative non-final focus,Long,LFP0113,56.6618326812314,188.872775604105,73.3579604840175
LF03,Weken vs. Wegen,Weken,Declarative non-final focus,Long,LFP0113,75.5491102416419,188.872775604105,71.5638907164482
LF03,Weken vs. Wegen,Weken,Declarative non-final focus,Long,LFP0113,94.4363878020524,188.872775604105,68.1839758419271
LF03,Weken vs. Wegen,Weken,Declarative non-final focus,Long,LFP0113,113.323665362463,188.872775604105,65.2549581183013
LF03,Weken vs. Wegen,Weken,Declarative non-final focus,Long,LFP0113,132.210942922873,188.872775604105,63.2074718943566
LF03,Weken vs. Wegen,Weken,Declarative non-final focus,Long,LFP0113,151.098220483284,188.872775604105,61.693982669214
LF03,Weken vs. Wegen,Weken,Declarative non-final focus,Long,LFP0113,169.985498043694,188.872775604105,57.9832980038601
LF04,Weken vs. Wegen,Weken,Declarative non-final focus,Long,LFP0114,0,157.138637152002,69.028898516826
LF04,Weken vs. Wegen,Weken,Declarative non-final focus,Long,LFP0114,15.7138637152002,157.138637152002,76.3882125170755
LF04,Weken vs. Wegen,Weken,Declarative non-final focus,Long,LFP0114,31.4277274304005,157.138637152002,77.0172346606337
LF04,Weken vs. Wegen,Weken,Declarative non-final focus,Long,LFP0114,47.1415911456006,157.138637152002,72.384366120194
LF04,Weken vs. Wegen,Weken,Declarative non-final focus,Long,LFP0114,62.8554548608008,157.138637152002,70.34045383613
LF04,Weken vs. Wegen,Weken,Declarative non-final focus,Long,LFP0114,78.569318576001,157.138637152002,70.519564076778
LF04,Weken vs. Wegen,Weken,Declarative non-final focus,Long,LFP0114,94.2831822912013,157.138637152002,66.8138342818545
LF04,Weken vs. Wegen,Weken,Declarative non-final focus,Long,LFP0114,109.997046006401,157.138637152002,66.4463182198759
LF04,Weken vs. Wegen,Weken,Declarative non-final focus,Long,LFP0114,125.710909721602,157.138637152002,66.4387658374863
LF04,Weken vs. Wegen,Weken,Declarative non-final focus,Long,LFP0114,141.424773436802,157.138637152002,67.350543737411
LF05,Weken vs. Wegen,Weken,Declarative non-final focus,Long,LFP0115,0,116.85593385651,78.1764311089912
LF05,Weken vs. Wegen,Weken,Declarative non-final focus,Long,LFP0115,11.685593385651,116.85593385651,77.4832228425012
LF05,Weken vs. Wegen,Weken,Declarative non-final focus,Long,LFP0115,23.371186771302,116.85593385651,75.5777880120165
LF05,Weken vs. Wegen,Weken,Declarative non-final focus,Long,LFP0115,35.0567801569532,116.85593385651,73.8618756850566
LF05,Weken vs. Wegen,Weken,Declarative non-final focus,Long,LFP0115,46.7423735426042,116.85593385651,74.3144728045412
LF05,Weken vs. Wegen,Weken,Declarative non-final focus,Long,LFP0115,58.4279669282552,116.85593385651,75.0362978084744
LF05,Weken vs. Wegen,Weken,Declarative non-final focus,Long,LFP0115,70.1135603139062,116.85593385651,75.0701758610816
LF05,Weken vs. Wegen,Weken,Declarative non-final focus,Long,LFP0115,81.7991536995573,116.85593385651,74.0362723767155
LF05,Weken vs. Wegen,Weken,Declarative non-final focus,Long,LFP0115,93.4847470852085,116.85593385651,72.7857642799844
LF05,Weken vs. Wegen,Weken,Declarative non-final focus,Long,LFP0115,105.170340470859,116.85593385651,70.0919021859636
LF06,Weken vs. Wegen,Weken,Declarative non-final focus,Long,LFP0116,0,100.280022515079,76.6686647057298
LF06,Weken vs. Wegen,Weken,Declarative non-final focus,Long,LFP0116,10.0280022515078,100.280022515079,79.3837228240892
LF06,Weken vs. Wegen,Weken,Declarative non-final focus,Long,LFP0116,20.0560045030158,100.280022515079,80.4394957852994
LF06,Weken vs. Wegen,Weken,Declarative non-final focus,Long,LFP0116,30.0840067545236,100.280022515079,80.3269653322641
LF06,Weken vs. Wegen,Weken,Declarative non-final focus,Long,LFP0116,40.1120090060316,100.280022515079,79.5948975340859
LF06,Weken vs. Wegen,Weken,Declarative non-final focus,Long,LFP0116,50.1400112575394,100.280022515079,78.4528985972962
LF06,Weken vs. Wegen,Weken,Declarative non-final focus,Long,LFP0116,60.1680135090472,100.280022515079,76.7771325301169
LF06,Weken vs. Wegen,Weken,Declarative non-final focus,Long,LFP0116,70.1960157605552,100.280022515079,74.1573892137061
LF06,Weken vs. Wegen,Weken,Declarative non-final focus,Long,LFP0116,80.224018012063,100.280022515079,70.1599840841816
LF06,Weken vs. Wegen,Weken,Declarative non-final focus,Long,LFP0116,90.252020263571,100.280022515079,66.4676784226324
LF07,Weken vs. Wegen,Weken,Declarative non-final focus,Long,LFP0117,0,142.363229326272,65.1571295367886
LF07,Weken vs. Wegen,Weken,Declarative non-final focus,Long,LFP0117,14.2363229326272,142.363229326272,71.9576144187099
LF07,Weken vs. Wegen,Weken,Declarative non-final focus,Long,LFP0117,28.4726458652542,142.363229326272,76.935274673072
LF07,Weken vs. Wegen,Weken,Declarative non-final focus,Long,LFP0117,42.7089687978814,142.363229326272,78.6159234766208
LF07,Weken vs. Wegen,Weken,Declarative non-final focus,Long,LFP0117,56.9452917305087,142.363229326272,78.1638990587291
LF07,Weken vs. Wegen,Weken,Declarative non-final focus,Long,LFP0117,71.1816146631357,142.363229326272,75.9547097393138
LF07,Weken vs. Wegen,Weken,Declarative non-final focus,Long,LFP0117,85.4179375957629,142.363229326272,73.1617158960116
LF07,Weken vs. Wegen,Weken,Declarative non-final focus,Long,LFP0117,99.6542605283901,142.363229326272,71.9943942003051
LF07,Weken vs. Wegen,Weken,Declarative non-final focus,Long,LFP0117,113.890583461017,142.363229326272,72.5589926937847
LF07,Weken vs. Wegen,Weken,Declarative non-final focus,Long,LFP0117,128.126906393644,142.363229326272,71.6413864014903
LF08,Weken vs. Wegen,Weken,Declarative non-final focus,Long,LFP0118,0,119.654748349239,70.9815618905458
LF08,Weken vs. Wegen,Weken,Declarative non-final focus,Long,LFP0118,11.9654748349238,119.654748349239,76.3571879530928
LF08,Weken vs. Wegen,Weken,Declarative non-final focus,Long,LFP0118,23.9309496698477,119.654748349239,79.5730924720126
LF08,Weken vs. Wegen,Weken,Declarative non-final focus,Long,LFP0118,35.8964245047715,119.654748349239,80.4964834895439
LF08,Weken vs. Wegen,Weken,Declarative non-final focus,Long,LFP0118,47.8618993396953,119.654748349239,80.0213625245714
LF08,Weken vs. Wegen,Weken,Declarative non-final focus,Long,LFP0118,59.8273741746194,119.654748349239,78.8468860497552
LF08,Weken vs. Wegen,Weken,Declarative non-final focus,Long,LFP0118,71.7928490095432,119.654748349239,77.0165833395939
LF08,Weken vs. Wegen,Weken,Declarative non-final focus,Long,LFP0118,83.758323844467,119.654748349239,73.9240316148389
LF08,Weken vs. Wegen,Weken,Declarative non-final focus,Long,LFP0118,95.7237986793909,119.654748349239,69.0159117902525
LF08,Weken vs. Wegen,Weken,Declarative non-final focus,Long,LFP0118,107.689273514315,119.654748349239,65.4742593983869
LF09,Weken vs. Wegen,Weken,Declarative non-final focus,Long,LFP0119,0,173.902906626973,67.605862792419
LF09,Weken vs. Wegen,Weken,Declarative non-final focus,Long,LFP0119,17.3902906626973,173.902906626973,68.2179968304623
LF09,Weken vs. Wegen,Weken,Declarative non-final focus,Long,LFP0119,34.7805813253945,173.902906626973,67.9471365760152
LF09,Weken vs. Wegen,Weken,Declarative non-final focus,Long,LFP0119,52.1708719880918,173.902906626973,68.3981995493679
LF09,Weken vs. Wegen,Weken,Declarative non-final focus,Long,LFP0119,69.561162650789,173.902906626973,68.6177299303877
LF09,Weken vs. Wegen,Weken,Declarative non-final focus,Long,LFP0119,86.9514533134863,173.902906626973,67.2632318565423
LF09,Weken vs. Wegen,Weken,Declarative non-final focus,Long,LFP0119,104.341743976184,173.902906626973,67.0633020792047
LF09,Weken vs. Wegen,Weken,Declarative non-final focus,Long,LFP0119,121.732034638881,173.902906626973,63.4016730822511
LF09,Weken vs. Wegen,Weken,Declarative non-final focus,Long,LFP0119,139.122325301578,173.902906626973,61.0152304741739
LF09,Weken vs. Wegen,Weken,Declarative non-final focus,Long,LFP0119,156.512615964276,173.902906626973,63.9264623082534
LF10,Weken vs. Wegen,Weken,Declarative non-final focus,Long,LFP0120,0,187.318642588614,78.9138697649718
LF10,Weken vs. Wegen,Weken,Declarative non-final focus,Long,LFP0120,18.7318642588614,187.318642588614,86.8177542364369
LF10,Weken vs. Wegen,Weken,Declarative non-final focus,Long,LFP0120,37.4637285177231,187.318642588614,86.8126557788873
LF10,Weken vs. Wegen,Weken,Declarative non-final focus,Long,LFP0120,56.1955927765843,187.318642588614,84.0673242241627
LF10,Weken vs. Wegen,Weken,Declarative non-final focus,Long,LFP0120,74.9274570354459,187.318642588614,81.2839267801599
LF10,Weken vs. Wegen,Weken,Declarative non-final focus,Long,LFP0120,93.6593212943071,187.318642588614,75.4791926703773
LF10,Weken vs. Wegen,Weken,Declarative non-final focus,Long,LFP0120,112.391185553169,187.318642588614,70.3180540155851
LF10,Weken vs. Wegen,Weken,Declarative non-final focus,Long,LFP0120,131.12304981203,187.318642588614,69.3718979355536
LF10,Weken vs. Wegen,Weken,Declarative non-final focus,Long,LFP0120,149.854914070892,187.318642588614,67.796959738317
LF10,Weken vs. Wegen,Weken,Declarative non-final focus,Long,LFP0120,168.586778329753,187.318642588614,62.5961655988858
LF01,Laten vs. Laden,Laten,Interrogative final focus,Long,LFP0121,0,230.721212561194,72.6937873247246
LF01,Laten vs. Laden,Laten,Interrogative final focus,Long,LFP0121,23.0721212561193,230.721212561194,70.5752669323224
LF01,Laten vs. Laden,Laten,Interrogative final focus,Long,LFP0121,46.1442425122389,230.721212561194,71.4449232924648
LF01,Laten vs. Laden,Laten,Interrogative final focus,Long,LFP0121,69.2163637683583,230.721212561194,70.1786379802778
LF01,Laten vs. Laden,Laten,Interrogative final focus,Long,LFP0121,92.2884850244778,230.721212561194,70.2433282737086
LF01,Laten vs. Laden,Laten,Interrogative final focus,Long,LFP0121,115.360606280597,230.721212561194,69.4723952942784
LF01,Laten vs. Laden,Laten,Interrogative final focus,Long,LFP0121,138.432727536717,230.721212561194,71.6117841440121
LF01,Laten vs. Laden,Laten,Interrogative final focus,Long,LFP0121,161.504848792836,230.721212561194,70.5880233534271
LF01,Laten vs. Laden,Laten,Interrogative final focus,Long,LFP0121,184.576970048955,230.721212561194,68.4400008602041
LF01,Laten vs. Laden,Laten,Interrogative final focus,Long,LFP0121,207.649091305075,230.721212561194,66.3005042007039
LF02,Laten vs. Laden,Laten,Interrogative final focus,Long,LFP0122,0,159.668091158528,63.0964044282857
LF02,Laten vs. Laden,Laten,Interrogative final focus,Long,LFP0122,15.9668091158529,159.668091158528,63.92859083416
LF02,Laten vs. Laden,Laten,Interrogative final focus,Long,LFP0122,31.9336182317056,159.668091158528,66.0546168175789
LF02,Laten vs. Laden,Laten,Interrogative final focus,Long,LFP0122,47.9004273475585,159.668091158528,68.4430800196054
LF02,Laten vs. Laden,Laten,Interrogative final focus,Long,LFP0122,63.8672364634112,159.668091158528,70.1595594829076
LF02,Laten vs. Laden,Laten,Interrogative final focus,Long,LFP0122,79.8340455792641,159.668091158528,71.0380420022437
LF02,Laten vs. Laden,Laten,Interrogative final focus,Long,LFP0122,95.800854695117,159.668091158528,69.3529684246828
LF02,Laten vs. Laden,Laten,Interrogative final focus,Long,LFP0122,111.76766381097,159.668091158528,70.1544809568643
LF02,Laten vs. Laden,Laten,Interrogative final focus,Long,LFP0122,127.734472926823,159.668091158528,69.4993722032861
LF02,Laten vs. Laden,Laten,Interrogative final focus,Long,LFP0122,143.701282042675,159.668091158528,68.5891836109821
LF03,Laten vs. Laden,Laten,Interrogative final focus,Long,LFP0123,0,222.152390889968,69.0893617065259
LF03,Laten vs. Laden,Laten,Interrogative final focus,Long,LFP0123,22.2152390889968,222.152390889968,68.6736293201178
LF03,Laten vs. Laden,Laten,Interrogative final focus,Long,LFP0123,44.4304781779937,222.152390889968,67.7327364895582
LF03,Laten vs. Laden,Laten,Interrogative final focus,Long,LFP0123,66.6457172669904,222.152390889968,69.091088548521
LF03,Laten vs. Laden,Laten,Interrogative final focus,Long,LFP0123,88.8609563559873,222.152390889968,70.1478456076506
LF03,Laten vs. Laden,Laten,Interrogative final focus,Long,LFP0123,111.076195444984,222.152390889968,76.4137339734543
LF03,Laten vs. Laden,Laten,Interrogative final focus,Long,LFP0123,133.291434533981,222.152390889968,72.1802940037204
LF03,Laten vs. Laden,Laten,Interrogative final focus,Long,LFP0123,155.506673622978,222.152390889968,71.0127018199469
LF03,Laten vs. Laden,Laten,Interrogative final focus,Long,LFP0123,177.721912711975,222.152390889968,69.0331322795594
LF03,Laten vs. Laden,Laten,Interrogative final focus,Long,LFP0123,199.937151800971,222.152390889968,66.1484835717728
LF04,Laten vs. Laden,Laten,Interrogative final focus,Long,LFP0124,0,194.983797155226,66.1698411453662
LF04,Laten vs. Laden,Laten,Interrogative final focus,Long,LFP0124,19.4983797155226,194.983797155226,69.9071919702498
LF04,Laten vs. Laden,Laten,Interrogative final focus,Long,LFP0124,38.9967594310452,194.983797155226,70.8312617967965
LF04,Laten vs. Laden,Laten,Interrogative final focus,Long,LFP0124,58.4951391465677,194.983797155226,71.0937314531504
LF04,Laten vs. Laden,Laten,Interrogative final focus,Long,LFP0124,77.9935188620903,194.983797155226,70.4389452731883
LF04,Laten vs. Laden,Laten,Interrogative final focus,Long,LFP0124,97.4918985776129,194.983797155226,68.6590902564041
LF04,Laten vs. Laden,Laten,Interrogative final focus,Long,LFP0124,116.990278293135,194.983797155226,69.9818246957231
LF04,Laten vs. Laden,Laten,Interrogative final focus,Long,LFP0124,136.488658008658,194.983797155226,72.883626626731
LF04,Laten vs. Laden,Laten,Interrogative final focus,Long,LFP0124,155.987037724181,194.983797155226,72.0614245636662
LF04,Laten vs. Laden,Laten,Interrogative final focus,Long,LFP0124,175.485417439703,194.983797155226,69.7227205486239
LF05,Laten vs. Laden,Laten,Interrogative final focus,Long,LFP0125,0,176.880398817703,76.9396937682305
LF05,Laten vs. Laden,Laten,Interrogative final focus,Long,LFP0125,17.6880398817703,176.880398817703,78.8458870232172
LF05,Laten vs. Laden,Laten,Interrogative final focus,Long,LFP0125,35.3760797635407,176.880398817703,77.2800671022875
LF05,Laten vs. Laden,Laten,Interrogative final focus,Long,LFP0125,53.064119645311,176.880398817703,75.7342333174975
LF05,Laten vs. Laden,Laten,Interrogative final focus,Long,LFP0125,70.7521595270815,176.880398817703,77.3801236138703
LF05,Laten vs. Laden,Laten,Interrogative final focus,Long,LFP0125,88.4401994088517,176.880398817703,78.2601322183712
LF05,Laten vs. Laden,Laten,Interrogative final focus,Long,LFP0125,106.128239290622,176.880398817703,78.6579394466142
LF05,Laten vs. Laden,Laten,Interrogative final focus,Long,LFP0125,123.816279172392,176.880398817703,78.2307434106812
LF05,Laten vs. Laden,Laten,Interrogative final focus,Long,LFP0125,141.504319054163,176.880398817703,77.5801203541841
LF05,Laten vs. Laden,Laten,Interrogative final focus,Long,LFP0125,159.192358935933,176.880398817703,76.0507257544188
LF06,Laten vs. Laden,Laten,Interrogative final focus,Long,LFP0126,0,179.318461676168,77.0518116023806
LF06,Laten vs. Laden,Laten,Interrogative final focus,Long,LFP0126,17.9318461676169,179.318461676168,79.8491370936876
LF06,Laten vs. Laden,Laten,Interrogative final focus,Long,LFP0126,35.8636923352337,179.318461676168,81.8436907099808
LF06,Laten vs. Laden,Laten,Interrogative final focus,Long,LFP0126,53.7955385028506,179.318461676168,81.815666385109
LF06,Laten vs. Laden,Laten,Interrogative final focus,Long,LFP0126,71.7273846704674,179.318461676168,81.5884429186243
LF06,Laten vs. Laden,Laten,Interrogative final focus,Long,LFP0126,89.6592308380842,179.318461676168,81.0962884995181
LF06,Laten vs. Laden,Laten,Interrogative final focus,Long,LFP0126,107.591077005701,179.318461676168,80.6333787485249
LF06,Laten vs. Laden,Laten,Interrogative final focus,Long,LFP0126,125.522923173318,179.318461676168,80.4984852255477
LF06,Laten vs. Laden,Laten,Interrogative final focus,Long,LFP0126,143.454769340935,179.318461676168,80.7667069084549
LF06,Laten vs. Laden,Laten,Interrogative final focus,Long,LFP0126,161.386615508552,179.318461676168,79.7937637784899
LF07,Laten vs. Laden,Laten,Interrogative final focus,Long,LFP0127,0,219.745772343722,73.9154807460908
LF07,Laten vs. Laden,Laten,Interrogative final focus,Long,LFP0127,21.9745772343722,219.745772343722,75.1209762049229
LF07,Laten vs. Laden,Laten,Interrogative final focus,Long,LFP0127,43.9491544687445,219.745772343722,74.9978952853767
LF07,Laten vs. Laden,Laten,Interrogative final focus,Long,LFP0127,65.9237317031166,219.745772343722,76.9205111232393
LF07,Laten vs. Laden,Laten,Interrogative final focus,Long,LFP0127,87.8983089374888,219.745772343722,77.0656818447017
LF07,Laten vs. Laden,Laten,Interrogative final focus,Long,LFP0127,109.872886171861,219.745772343722,78.5160040460473
LF07,Laten vs. Laden,Laten,Interrogative final focus,Long,LFP0127,131.847463406233,219.745772343722,78.3400216638942
LF07,Laten vs. Laden,Laten,Interrogative final focus,Long,LFP0127,153.822040640605,219.745772343722,75.7055701688484
LF07,Laten vs. Laden,Laten,Interrogative final focus,Long,LFP0127,175.796617874978,219.745772343722,74.8894087278935
LF07,Laten vs. Laden,Laten,Interrogative final focus,Long,LFP0127,197.77119510935,219.745772343722,73.6620471264624
LF08,Laten vs. Laden,Laten,Interrogative final focus,Long,LFP0128,0,193.445412983007,77.4649204015501
LF08,Laten vs. Laden,Laten,Interrogative final focus,Long,LFP0128,19.3445412983007,193.445412983007,80.3148212374861
LF08,Laten vs. Laden,Laten,Interrogative final focus,Long,LFP0128,38.6890825966013,193.445412983007,82.0079507558458
LF08,Laten vs. Laden,Laten,Interrogative final focus,Long,LFP0128,58.0336238949022,193.445412983007,81.7220904933973
LF08,Laten vs. Laden,Laten,Interrogative final focus,Long,LFP0128,77.3781651932028,193.445412983007,81.4211575929054
LF08,Laten vs. Laden,Laten,Interrogative final focus,Long,LFP0128,96.7227064915035,193.445412983007,80.8210181268187
LF08,Laten vs. Laden,Laten,Interrogative final focus,Long,LFP0128,116.067247789804,193.445412983007,80.5425919037947
LF08,Laten vs. Laden,Laten,Interrogative final focus,Long,LFP0128,135.411789088105,193.445412983007,80.5436733944463
LF08,Laten vs. Laden,Laten,Interrogative final focus,Long,LFP0128,154.756330386406,193.445412983007,80.1315336393211
LF08,Laten vs. Laden,Laten,Interrogative final focus,Long,LFP0128,174.100871684706,193.445412983007,78.4208835129383
LF09,Laten vs. Laden,Laten,Interrogative final focus,Long,LFP0129,0,147.20736697513,68.888753469964
LF09,Laten vs. Laden,Laten,Interrogative final focus,Long,LFP0129,14.7207366975131,147.20736697513,73.3461946313542
LF09,Laten vs. Laden,Laten,Interrogative final focus,Long,LFP0129,29.4414733950261,147.20736697513,74.9534109061241
LF09,Laten vs. Laden,Laten,Interrogative final focus,Long,LFP0129,44.162210092539,147.20736697513,77.0377821532565
LF09,Laten vs. Laden,Laten,Interrogative final focus,Long,LFP0129,58.882946790052,147.20736697513,78.04649455136
LF09,Laten vs. Laden,Laten,Interrogative final focus,Long,LFP0129,73.6036834875651,147.20736697513,78.5761600446057
LF09,Laten vs. Laden,Laten,Interrogative final focus,Long,LFP0129,88.3244201850781,147.20736697513,79.2405261208204
LF09,Laten vs. Laden,Laten,Interrogative final focus,Long,LFP0129,103.045156882591,147.20736697513,79.4706019120167
LF09,Laten vs. Laden,Laten,Interrogative final focus,Long,LFP0129,117.765893580104,147.20736697513,81.5136760916252
LF09,Laten vs. Laden,Laten,Interrogative final focus,Long,LFP0129,132.486630277617,147.20736697513,81.8218850194232
LF10,Laten vs. Laden,Laten,Interrogative final focus,Long,LFP0130,0,207.387001587072,80.5114275602068
LF10,Laten vs. Laden,Laten,Interrogative final focus,Long,LFP0130,20.7387001587073,207.387001587072,82.5828833275151
LF10,Laten vs. Laden,Laten,Interrogative final focus,Long,LFP0130,41.4774003174144,207.387001587072,79.583891714601
LF10,Laten vs. Laden,Laten,Interrogative final focus,Long,LFP0130,62.2161004761216,207.387001587072,80.4860650392205
LF10,Laten vs. Laden,Laten,Interrogative final focus,Long,LFP0130,82.9548006348289,207.387001587072,80.6589388549494
LF10,Laten vs. Laden,Laten,Interrogative final focus,Long,LFP0130,103.693500793536,207.387001587072,81.8465299771616
LF10,Laten vs. Laden,Laten,Interrogative final focus,Long,LFP0130,124.432200952243,207.387001587072,81.0589803993515
LF10,Laten vs. Laden,Laten,Interrogative final focus,Long,LFP0130,145.17090111095,207.387001587072,80.0851628642194
LF10,Laten vs. Laden,Laten,Interrogative final focus,Long,LFP0130,165.909601269658,207.387001587072,78.58876809658
LF10,Laten vs. Laden,Laten,Interrogative final focus,Long,LFP0130,186.648301428365,207.387001587072,75.148888650269
LF01,Ries vs. Riez,Ries,Interrogative final focus,Long,LFP0131,0,185.217405600231,70.3253477728242
LF01,Ries vs. Riez,Ries,Interrogative final focus,Long,LFP0131,18.5217405600231,185.217405600231,70.9547610097973
LF01,Ries vs. Riez,Ries,Interrogative final focus,Long,LFP0131,37.0434811200462,185.217405600231,71.8499827221794
LF01,Ries vs. Riez,Ries,Interrogative final focus,Long,LFP0131,55.5652216800695,185.217405600231,68.458328202264
LF01,Ries vs. Riez,Ries,Interrogative final focus,Long,LFP0131,74.0869622400926,185.217405600231,69.2628132804734
LF01,Ries vs. Riez,Ries,Interrogative final focus,Long,LFP0131,92.6087028001157,185.217405600231,64.3956097719731
LF01,Ries vs. Riez,Ries,Interrogative final focus,Long,LFP0131,111.130443360139,185.217405600231,67.964466486175
LF01,Ries vs. Riez,Ries,Interrogative final focus,Long,LFP0131,129.652183920162,185.217405600231,68.4286664829868
LF01,Ries vs. Riez,Ries,Interrogative final focus,Long,LFP0131,148.173924480185,185.217405600231,68.055592057262
LF01,Ries vs. Riez,Ries,Interrogative final focus,Long,LFP0131,166.695665040208,185.217405600231,66.9967858169876
LF02,Ries vs. Riez,Ries,Interrogative final focus,Long,LFP0132,0,158.159045450164,64.6936177239492
LF02,Ries vs. Riez,Ries,Interrogative final focus,Long,LFP0132,15.8159045450164,158.159045450164,68.2035204494928
LF02,Ries vs. Riez,Ries,Interrogative final focus,Long,LFP0132,31.6318090900327,158.159045450164,65.6289338214653
LF02,Ries vs. Riez,Ries,Interrogative final focus,Long,LFP0132,47.4477136350491,158.159045450164,64.8959810088347
LF02,Ries vs. Riez,Ries,Interrogative final focus,Long,LFP0132,63.2636181800654,158.159045450164,64.5829477047271
LF02,Ries vs. Riez,Ries,Interrogative final focus,Long,LFP0132,79.0795227250818,158.159045450164,61.5686257868927
LF02,Ries vs. Riez,Ries,Interrogative final focus,Long,LFP0132,94.8954272700984,158.159045450164,63.7320768652835
LF02,Ries vs. Riez,Ries,Interrogative final focus,Long,LFP0132,110.711331815115,158.159045450164,63.9237418644797
LF02,Ries vs. Riez,Ries,Interrogative final focus,Long,LFP0132,126.527236360131,158.159045450164,64.7560477667668
LF02,Ries vs. Riez,Ries,Interrogative final focus,Long,LFP0132,142.343140905147,158.159045450164,67.7997718966149
LF03,Ries vs. Riez,Ries,Interrogative final focus,Long,LFP0133,0,324.580239761122,58.4923728748141
LF03,Ries vs. Riez,Ries,Interrogative final focus,Long,LFP0133,32.4580239761121,324.580239761122,60.846946055504
LF03,Ries vs. Riez,Ries,Interrogative final focus,Long,LFP0133,64.9160479522244,324.580239761122,59.321721293215
LF03,Ries vs. Riez,Ries,Interrogative final focus,Long,LFP0133,97.3740719283365,324.580239761122,58.9028602971322
LF03,Ries vs. Riez,Ries,Interrogative final focus,Long,LFP0133,129.832095904449,324.580239761122,58.8680142830412
LF03,Ries vs. Riez,Ries,Interrogative final focus,Long,LFP0133,162.290119880561,324.580239761122,61.2755107643096
LF03,Ries vs. Riez,Ries,Interrogative final focus,Long,LFP0133,194.748143856673,324.580239761122,59.3431946587514
LF03,Ries vs. Riez,Ries,Interrogative final focus,Long,LFP0133,227.206167832785,324.580239761122,63.0060971917088
LF03,Ries vs. Riez,Ries,Interrogative final focus,Long,LFP0133,259.664191808897,324.580239761122,63.5839221290936
LF03,Ries vs. Riez,Ries,Interrogative final focus,Long,LFP0133,292.122215785009,324.580239761122,65.3197327659762
LF04,Ries vs. Riez,Ries,Interrogative final focus,Long,LFP0134,0,226.132393107846,67.1816993209044
LF04,Ries vs. Riez,Ries,Interrogative final focus,Long,LFP0134,22.6132393107846,226.132393107846,66.9819132998516
LF04,Ries vs. Riez,Ries,Interrogative final focus,Long,LFP0134,45.2264786215693,226.132393107846,63.6882389165626
LF04,Ries vs. Riez,Ries,Interrogative final focus,Long,LFP0134,67.8397179323538,226.132393107846,67.39947488479
LF04,Ries vs. Riez,Ries,Interrogative final focus,Long,LFP0134,90.4529572431384,226.132393107846,64.6718257639586
LF04,Ries vs. Riez,Ries,Interrogative final focus,Long,LFP0134,113.066196553923,226.132393107846,65.5646548290598
LF04,Ries vs. Riez,Ries,Interrogative final focus,Long,LFP0134,135.679435864708,226.132393107846,66.0903863185485
LF04,Ries vs. Riez,Ries,Interrogative final focus,Long,LFP0134,158.292675175492,226.132393107846,60.7418857778981
LF04,Ries vs. Riez,Ries,Interrogative final focus,Long,LFP0134,180.905914486277,226.132393107846,58.141981394199
LF04,Ries vs. Riez,Ries,Interrogative final focus,Long,LFP0134,203.519153797061,226.132393107846,56.8172601006064
LF05,Ries vs. Riez,Ries,Interrogative final focus,Long,LFP0135,0,199.447462424327,67.7522660993905
LF05,Ries vs. Riez,Ries,Interrogative final focus,Long,LFP0135,19.9447462424327,199.447462424327,70.8107997589575
LF05,Ries vs. Riez,Ries,Interrogative final focus,Long,LFP0135,39.8894924848654,199.447462424327,74.3785250817427
LF05,Ries vs. Riez,Ries,Interrogative final focus,Long,LFP0135,59.8342387272981,199.447462424327,74.2997628881229
LF05,Ries vs. Riez,Ries,Interrogative final focus,Long,LFP0135,79.7789849697308,199.447462424327,69.3474786746921
LF05,Ries vs. Riez,Ries,Interrogative final focus,Long,LFP0135,99.7237312121636,199.447462424327,69.4333029477087
LF05,Ries vs. Riez,Ries,Interrogative final focus,Long,LFP0135,119.668477454596,199.447462424327,66.7370315507442
LF05,Ries vs. Riez,Ries,Interrogative final focus,Long,LFP0135,139.613223697029,199.447462424327,66.5039146933223
LF05,Ries vs. Riez,Ries,Interrogative final focus,Long,LFP0135,159.557969939462,199.447462424327,64.5600146356375
LF05,Ries vs. Riez,Ries,Interrogative final focus,Long,LFP0135,179.502716181894,199.447462424327,66.8912993119661
LF06,Ries vs. Riez,Ries,Interrogative final focus,Long,LFP0136,0,212.646716378859,75.1268457528317
LF06,Ries vs. Riez,Ries,Interrogative final focus,Long,LFP0136,21.2646716378859,212.646716378859,77.0367708947055
LF06,Ries vs. Riez,Ries,Interrogative final focus,Long,LFP0136,42.5293432757719,212.646716378859,75.3308156338209
LF06,Ries vs. Riez,Ries,Interrogative final focus,Long,LFP0136,63.7940149136578,212.646716378859,77.2272817252526
LF06,Ries vs. Riez,Ries,Interrogative final focus,Long,LFP0136,85.0586865515437,212.646716378859,76.6827943814711
LF06,Ries vs. Riez,Ries,Interrogative final focus,Long,LFP0136,106.32335818943,212.646716378859,76.9861320111448
LF06,Ries vs. Riez,Ries,Interrogative final focus,Long,LFP0136,127.588029827316,212.646716378859,77.5229667451277
LF06,Ries vs. Riez,Ries,Interrogative final focus,Long,LFP0136,148.852701465201,212.646716378859,72.9643772236565
LF06,Ries vs. Riez,Ries,Interrogative final focus,Long,LFP0136,170.117373103087,212.646716378859,72.0368979141669
LF06,Ries vs. Riez,Ries,Interrogative final focus,Long,LFP0136,191.382044740973,212.646716378859,70.5943863371686
LF07,Ries vs. Riez,Ries,Interrogative final focus,Long,LFP0137,0,220.321824019089,68.3803209703331
LF07,Ries vs. Riez,Ries,Interrogative final focus,Long,LFP0137,22.032182401909,220.321824019089,70.1333698697856
LF07,Ries vs. Riez,Ries,Interrogative final focus,Long,LFP0137,44.0643648038179,220.321824019089,70.7292516350223
LF07,Ries vs. Riez,Ries,Interrogative final focus,Long,LFP0137,66.0965472057269,220.321824019089,70.1828738185898
LF07,Ries vs. Riez,Ries,Interrogative final focus,Long,LFP0137,88.1287296076358,220.321824019089,67.7510350953402
LF07,Ries vs. Riez,Ries,Interrogative final focus,Long,LFP0137,110.160912009545,220.321824019089,69.1368048858859
LF07,Ries vs. Riez,Ries,Interrogative final focus,Long,LFP0137,132.193094411454,220.321824019089,66.67373569587
LF07,Ries vs. Riez,Ries,Interrogative final focus,Long,LFP0137,154.225276813363,220.321824019089,67.5653433061748
LF07,Ries vs. Riez,Ries,Interrogative final focus,Long,LFP0137,176.257459215271,220.321824019089,68.2508887762457
LF07,Ries vs. Riez,Ries,Interrogative final focus,Long,LFP0137,198.28964161718,220.321824019089,68.5538269373727
LF08,Ries vs. Riez,Ries,Interrogative final focus,Long,LFP0138,0,208.98421285012,75.6812790095042
LF08,Ries vs. Riez,Ries,Interrogative final focus,Long,LFP0138,20.8984212850121,208.98421285012,76.9411098507749
LF08,Ries vs. Riez,Ries,Interrogative final focus,Long,LFP0138,41.7968425700239,208.98421285012,75.3660811836336
LF08,Ries vs. Riez,Ries,Interrogative final focus,Long,LFP0138,62.695263855036,208.98421285012,77.2669266165474
LF08,Ries vs. Riez,Ries,Interrogative final focus,Long,LFP0138,83.5936851400478,208.98421285012,76.6633822738476
LF08,Ries vs. Riez,Ries,Interrogative final focus,Long,LFP0138,104.49210642506,208.98421285012,76.9737748184483
LF08,Ries vs. Riez,Ries,Interrogative final focus,Long,LFP0138,125.390527710072,208.98421285012,77.5702202418214
LF08,Ries vs. Riez,Ries,Interrogative final focus,Long,LFP0138,146.288948995084,208.98421285012,73.0813243810928
LF08,Ries vs. Riez,Ries,Interrogative final focus,Long,LFP0138,167.187370280096,208.98421285012,72.0594374930206
LF08,Ries vs. Riez,Ries,Interrogative final focus,Long,LFP0138,188.085791565108,208.98421285012,70.8693862367604
LF09,Ries vs. Riez,Ries,Interrogative final focus,Long,LFP0139,0,113.514136302294,64.6807341549998
LF09,Ries vs. Riez,Ries,Interrogative final focus,Long,LFP0139,11.3514136302294,113.514136302294,66.0784807290679
LF09,Ries vs. Riez,Ries,Interrogative final focus,Long,LFP0139,22.7028272604589,113.514136302294,66.8469211532102
LF09,Ries vs. Riez,Ries,Interrogative final focus,Long,LFP0139,34.0542408906883,113.514136302294,68.1488290721013
LF09,Ries vs. Riez,Ries,Interrogative final focus,Long,LFP0139,45.4056545209177,113.514136302294,68.9620581592216
LF09,Ries vs. Riez,Ries,Interrogative final focus,Long,LFP0139,56.7570681511472,113.514136302294,70.4798208307834
LF09,Ries vs. Riez,Ries,Interrogative final focus,Long,LFP0139,68.1084817813765,113.514136302294,72.6757356115208
LF09,Ries vs. Riez,Ries,Interrogative final focus,Long,LFP0139,79.459895411606,113.514136302294,72.9424331622965
LF09,Ries vs. Riez,Ries,Interrogative final focus,Long,LFP0139,90.8113090418355,113.514136302294,70.420413140152
LF09,Ries vs. Riez,Ries,Interrogative final focus,Long,LFP0139,102.162722672065,113.514136302294,67.7537483153649
LF10,Ries vs. Riez,Ries,Interrogative final focus,Long,LFP0140,0,200.311506444683,72.8856124136037
LF10,Ries vs. Riez,Ries,Interrogative final focus,Long,LFP0140,20.0311506444684,200.311506444683,76.3483612677946
LF10,Ries vs. Riez,Ries,Interrogative final focus,Long,LFP0140,40.0623012889366,200.311506444683,77.9036164280047
LF10,Ries vs. Riez,Ries,Interrogative final focus,Long,LFP0140,60.093451933405,200.311506444683,77.9886927829389
LF10,Ries vs. Riez,Ries,Interrogative final focus,Long,LFP0140,80.1246025778732,200.311506444683,76.161606646246
LF10,Ries vs. Riez,Ries,Interrogative final focus,Long,LFP0140,100.155753222342,200.311506444683,75.4248687834218
LF10,Ries vs. Riez,Ries,Interrogative final focus,Long,LFP0140,120.18690386681,200.311506444683,75.1908811809115
LF10,Ries vs. Riez,Ries,Interrogative final focus,Long,LFP0140,140.218054511278,200.311506444683,73.7194855190428
LF10,Ries vs. Riez,Ries,Interrogative final focus,Long,LFP0140,160.249205155746,200.311506444683,71.6863039136177
LF10,Ries vs. Riez,Ries,Interrogative final focus,Long,LFP0140,180.280355800215,200.311506444683,68.3967340201486
LF01,Rieten vs. Rieden,Rieten,Interrogative final focus,Long,LFP0141,0,166.853515855493,67.2602660998039
LF01,Rieten vs. Rieden,Rieten,Interrogative final focus,Long,LFP0141,16.6853515855492,166.853515855493,71.6615034257605
LF01,Rieten vs. Rieden,Rieten,Interrogative final focus,Long,LFP0141,33.3707031710986,166.853515855493,72.0273386930287
LF01,Rieten vs. Rieden,Rieten,Interrogative final focus,Long,LFP0141,50.056054756648,166.853515855493,71.7908241720438
LF01,Rieten vs. Rieden,Rieten,Interrogative final focus,Long,LFP0141,66.7414063421972,166.853515855493,70.8653840179032
LF01,Rieten vs. Rieden,Rieten,Interrogative final focus,Long,LFP0141,83.4267579277463,166.853515855493,67.9752070957183
LF01,Rieten vs. Rieden,Rieten,Interrogative final focus,Long,LFP0141,100.112109513296,166.853515855493,68.7102182617285
LF01,Rieten vs. Rieden,Rieten,Interrogative final focus,Long,LFP0141,116.797461098845,166.853515855493,68.0478851251245
LF01,Rieten vs. Rieden,Rieten,Interrogative final focus,Long,LFP0141,133.482812684394,166.853515855493,67.0881079462745
LF01,Rieten vs. Rieden,Rieten,Interrogative final focus,Long,LFP0141,150.168164269944,166.853515855493,64.3142584038899
LF02,Rieten vs. Rieden,Rieten,Interrogative final focus,Long,LFP0142,0,145.891787504476,67.9665701677447
LF02,Rieten vs. Rieden,Rieten,Interrogative final focus,Long,LFP0142,14.5891787504475,145.891787504476,66.7289821532348
LF02,Rieten vs. Rieden,Rieten,Interrogative final focus,Long,LFP0142,29.178357500895,145.891787504476,66.2509238910724
LF02,Rieten vs. Rieden,Rieten,Interrogative final focus,Long,LFP0142,43.7675362513428,145.891787504476,67.39175467131
LF02,Rieten vs. Rieden,Rieten,Interrogative final focus,Long,LFP0142,58.3567150017903,145.891787504476,66.4706314102375
LF02,Rieten vs. Rieden,Rieten,Interrogative final focus,Long,LFP0142,72.9458937522378,145.891787504476,64.2962793591879
LF02,Rieten vs. Rieden,Rieten,Interrogative final focus,Long,LFP0142,87.5350725026853,145.891787504476,61.9112391509099
LF02,Rieten vs. Rieden,Rieten,Interrogative final focus,Long,LFP0142,102.124251253133,145.891787504476,58.2320193635889
LF02,Rieten vs. Rieden,Rieten,Interrogative final focus,Long,LFP0142,116.713430003581,145.891787504476,57.6329764650492
LF02,Rieten vs. Rieden,Rieten,Interrogative final focus,Long,LFP0142,131.302608754028,145.891787504476,55.2880255862666
LF03,Rieten vs. Rieden,Rieten,Interrogative final focus,Long,LFP0143,0,200.961320485813,64.4250457558177
LF03,Rieten vs. Rieden,Rieten,Interrogative final focus,Long,LFP0143,20.0961320485815,200.961320485813,68.1400331187938
LF03,Rieten vs. Rieden,Rieten,Interrogative final focus,Long,LFP0143,40.1922640971626,200.961320485813,65.083035922904
LF03,Rieten vs. Rieden,Rieten,Interrogative final focus,Long,LFP0143,60.2883961457437,200.961320485813,66.420026511974
LF03,Rieten vs. Rieden,Rieten,Interrogative final focus,Long,LFP0143,80.3845281943252,200.961320485813,66.2358621259901
LF03,Rieten vs. Rieden,Rieten,Interrogative final focus,Long,LFP0143,100.480660242907,200.961320485813,68.9964721283796
LF03,Rieten vs. Rieden,Rieten,Interrogative final focus,Long,LFP0143,120.576792291488,200.961320485813,61.646303434015
LF03,Rieten vs. Rieden,Rieten,Interrogative final focus,Long,LFP0143,140.672924340069,200.961320485813,61.0536857740183
LF03,Rieten vs. Rieden,Rieten,Interrogative final focus,Long,LFP0143,160.76905638865,200.961320485813,59.9230622108975
LF03,Rieten vs. Rieden,Rieten,Interrogative final focus,Long,LFP0143,180.865188437232,200.961320485813,55.2886316058845
LF04,Rieten vs. Rieden,Rieten,Interrogative final focus,Long,LFP0144,0,170.742720440323,59.683315425099
LF04,Rieten vs. Rieden,Rieten,Interrogative final focus,Long,LFP0144,17.0742720440323,170.742720440323,63.5241916458538
LF04,Rieten vs. Rieden,Rieten,Interrogative final focus,Long,LFP0144,34.1485440880647,170.742720440323,66.22669297829
LF04,Rieten vs. Rieden,Rieten,Interrogative final focus,Long,LFP0144,51.222816132097,170.742720440323,67.4656648563454
LF04,Rieten vs. Rieden,Rieten,Interrogative final focus,Long,LFP0144,68.2970881761293,170.742720440323,65.1609084357722
LF04,Rieten vs. Rieden,Rieten,Interrogative final focus,Long,LFP0144,85.3713602201617,170.742720440323,62.6550026945519
LF04,Rieten vs. Rieden,Rieten,Interrogative final focus,Long,LFP0144,102.445632264194,170.742720440323,62.2453551594894
LF04,Rieten vs. Rieden,Rieten,Interrogative final focus,Long,LFP0144,119.519904308226,170.742720440323,61.3754353626784
LF04,Rieten vs. Rieden,Rieten,Interrogative final focus,Long,LFP0144,136.594176352259,170.742720440323,63.0040503329163
LF04,Rieten vs. Rieden,Rieten,Interrogative final focus,Long,LFP0144,153.668448396291,170.742720440323,58.3787911810612
LF05,Rieten vs. Rieden,Rieten,Interrogative final focus,Long,LFP0145,0,150.664401899323,68.8746436284949
LF05,Rieten vs. Rieden,Rieten,Interrogative final focus,Long,LFP0145,15.0664401899323,150.664401899323,72.892811212661
LF05,Rieten vs. Rieden,Rieten,Interrogative final focus,Long,LFP0145,30.1328803798646,150.664401899323,74.8836900395038
LF05,Rieten vs. Rieden,Rieten,Interrogative final focus,Long,LFP0145,45.1993205697969,150.664401899323,75.3826429376817
LF05,Rieten vs. Rieden,Rieten,Interrogative final focus,Long,LFP0145,60.2657607597292,150.664401899323,75.5863268725734
LF05,Rieten vs. Rieden,Rieten,Interrogative final focus,Long,LFP0145,75.3322009496618,150.664401899323,75.280919438433
LF05,Rieten vs. Rieden,Rieten,Interrogative final focus,Long,LFP0145,90.3986411395941,150.664401899323,74.0061164968782
LF05,Rieten vs. Rieden,Rieten,Interrogative final focus,Long,LFP0145,105.465081329526,150.664401899323,72.8402074887988
LF05,Rieten vs. Rieden,Rieten,Interrogative final focus,Long,LFP0145,120.531521519459,150.664401899323,70.8806894182348
LF05,Rieten vs. Rieden,Rieten,Interrogative final focus,Long,LFP0145,135.597961709391,150.664401899323,68.6748806234308
LF06,Rieten vs. Rieden,Rieten,Interrogative final focus,Long,LFP0146,0,178.513178550773,72.1546024707367
LF06,Rieten vs. Rieden,Rieten,Interrogative final focus,Long,LFP0146,17.8513178550772,178.513178550773,76.4146164675052
LF06,Rieten vs. Rieden,Rieten,Interrogative final focus,Long,LFP0146,35.7026357101544,178.513178550773,76.8040775777997
LF06,Rieten vs. Rieden,Rieten,Interrogative final focus,Long,LFP0146,53.5539535652319,178.513178550773,77.6573657570417
LF06,Rieten vs. Rieden,Rieten,Interrogative final focus,Long,LFP0146,71.4052714203091,178.513178550773,76.3073015534255
LF06,Rieten vs. Rieden,Rieten,Interrogative final focus,Long,LFP0146,89.2565892753863,178.513178550773,75.1984640917178
LF06,Rieten vs. Rieden,Rieten,Interrogative final focus,Long,LFP0146,107.107907130463,178.513178550773,74.4691790614973
LF06,Rieten vs. Rieden,Rieten,Interrogative final focus,Long,LFP0146,124.959224985541,178.513178550773,76.0676502404573
LF06,Rieten vs. Rieden,Rieten,Interrogative final focus,Long,LFP0146,142.810542840618,178.513178550773,75.6324461206779
LF06,Rieten vs. Rieden,Rieten,Interrogative final focus,Long,LFP0146,160.661860695695,178.513178550773,73.8390307851153
LF07,Rieten vs. Rieden,Rieten,Interrogative final focus,Long,LFP0147,0,149.90747286858,70.5057320326242
LF07,Rieten vs. Rieden,Rieten,Interrogative final focus,Long,LFP0147,14.990747286858,149.90747286858,72.5222826441884
LF07,Rieten vs. Rieden,Rieten,Interrogative final focus,Long,LFP0147,29.981494573716,149.90747286858,74.3937334673415
LF07,Rieten vs. Rieden,Rieten,Interrogative final focus,Long,LFP0147,44.972241860574,149.90747286858,74.7544529323708
LF07,Rieten vs. Rieden,Rieten,Interrogative final focus,Long,LFP0147,59.962989147432,149.90747286858,73.2926869882692
LF07,Rieten vs. Rieden,Rieten,Interrogative final focus,Long,LFP0147,74.9537364342901,149.90747286858,70.9216063463666
LF07,Rieten vs. Rieden,Rieten,Interrogative final focus,Long,LFP0147,89.9444837211482,149.90747286858,69.2950678327998
LF07,Rieten vs. Rieden,Rieten,Interrogative final focus,Long,LFP0147,104.935231008006,149.90747286858,67.1772920442311
LF07,Rieten vs. Rieden,Rieten,Interrogative final focus,Long,LFP0147,119.925978294864,149.90747286858,63.4019681365069
LF07,Rieten vs. Rieden,Rieten,Interrogative final focus,Long,LFP0147,134.916725581722,149.90747286858,62.8308166979068
LF08,Rieten vs. Rieden,Rieten,Interrogative final focus,Long,LFP0148,0,161.136845547936,76.7094216966913
LF08,Rieten vs. Rieden,Rieten,Interrogative final focus,Long,LFP0148,16.1136845547936,161.136845547936,76.7819187333918
LF08,Rieten vs. Rieden,Rieten,Interrogative final focus,Long,LFP0148,32.2273691095871,161.136845547936,77.6392412080246
LF08,Rieten vs. Rieden,Rieten,Interrogative final focus,Long,LFP0148,48.3410536643807,161.136845547936,76.649062238224
LF08,Rieten vs. Rieden,Rieten,Interrogative final focus,Long,LFP0148,64.4547382191742,161.136845547936,75.3956608984559
LF08,Rieten vs. Rieden,Rieten,Interrogative final focus,Long,LFP0148,80.568422773968,161.136845547936,74.6342417876831
LF08,Rieten vs. Rieden,Rieten,Interrogative final focus,Long,LFP0148,96.6821073287616,161.136845547936,75.1420968380083
LF08,Rieten vs. Rieden,Rieten,Interrogative final focus,Long,LFP0148,112.795791883555,161.136845547936,76.2687513517519
LF08,Rieten vs. Rieden,Rieten,Interrogative final focus,Long,LFP0148,128.909476438349,161.136845547936,75.1022854416048
LF08,Rieten vs. Rieden,Rieten,Interrogative final focus,Long,LFP0148,145.023160993142,161.136845547936,72.8508763405713
LF09,Rieten vs. Rieden,Rieten,Interrogative final focus,Long,LFP0149,0,163.249921507064,63.61193819647
LF09,Rieten vs. Rieden,Rieten,Interrogative final focus,Long,LFP0149,16.3249921507065,163.249921507064,65.7451064872429
LF09,Rieten vs. Rieden,Rieten,Interrogative final focus,Long,LFP0149,32.649984301413,163.249921507064,66.1408666750123
LF09,Rieten vs. Rieden,Rieten,Interrogative final focus,Long,LFP0149,48.9749764521192,163.249921507064,64.9360448261759
LF09,Rieten vs. Rieden,Rieten,Interrogative final focus,Long,LFP0149,65.2999686028257,163.249921507064,64.8336047691519
LF09,Rieten vs. Rieden,Rieten,Interrogative final focus,Long,LFP0149,81.6249607535322,163.249921507064,63.7609931820236
LF09,Rieten vs. Rieden,Rieten,Interrogative final focus,Long,LFP0149,97.9499529042387,163.249921507064,60.8447934509035
LF09,Rieten vs. Rieden,Rieten,Interrogative final focus,Long,LFP0149,114.274945054945,163.249921507064,61.9891136041775
LF09,Rieten vs. Rieden,Rieten,Interrogative final focus,Long,LFP0149,130.599937205651,163.249921507064,61.4807832305729
LF09,Rieten vs. Rieden,Rieten,Interrogative final focus,Long,LFP0149,146.924929356358,163.249921507064,58.8183396403161
LF10,Rieten vs. Rieden,Rieten,Interrogative final focus,Long,LFP0150,0,139.194917582418,67.8605133469846
LF10,Rieten vs. Rieden,Rieten,Interrogative final focus,Long,LFP0150,13.9194917582417,139.194917582418,72.2336099934531
LF10,Rieten vs. Rieden,Rieten,Interrogative final focus,Long,LFP0150,27.8389835164835,139.194917582418,76.0988396065438
LF10,Rieten vs. Rieden,Rieten,Interrogative final focus,Long,LFP0150,41.7584752747253,139.194917582418,76.6813246208486
LF10,Rieten vs. Rieden,Rieten,Interrogative final focus,Long,LFP0150,55.677967032967,139.194917582418,74.9299658831788
LF10,Rieten vs. Rieden,Rieten,Interrogative final focus,Long,LFP0150,69.5974587912087,139.194917582418,72.9779049334171
LF10,Rieten vs. Rieden,Rieten,Interrogative final focus,Long,LFP0150,83.5169505494505,139.194917582418,73.5507321045046
LF10,Rieten vs. Rieden,Rieten,Interrogative final focus,Long,LFP0150,97.4364423076923,139.194917582418,73.924022721117
LF10,Rieten vs. Rieden,Rieten,Interrogative final focus,Long,LFP0150,111.355934065934,139.194917582418,73.6211001389825
LF10,Rieten vs. Rieden,Rieten,Interrogative final focus,Long,LFP0150,125.275425824176,139.194917582418,69.6300886363991
LF01,Siet vs. Sied,Siet,Interrogative final focus,Long,LFP0151,0,185.324462133242,64.6075870735618
LF01,Siet vs. Sied,Siet,Interrogative final focus,Long,LFP0151,18.5324462133242,185.324462133242,69.2440313914085
LF01,Siet vs. Sied,Siet,Interrogative final focus,Long,LFP0151,37.0648924266483,185.324462133242,70.4846755020842
LF01,Siet vs. Sied,Siet,Interrogative final focus,Long,LFP0151,55.5973386399726,185.324462133242,67.7743337613053
LF01,Siet vs. Sied,Siet,Interrogative final focus,Long,LFP0151,74.1297848532969,185.324462133242,65.8861413577671
LF01,Siet vs. Sied,Siet,Interrogative final focus,Long,LFP0151,92.6622310666212,185.324462133242,65.1398993467106
LF01,Siet vs. Sied,Siet,Interrogative final focus,Long,LFP0151,111.194677279945,185.324462133242,62.6407315498901
LF01,Siet vs. Sied,Siet,Interrogative final focus,Long,LFP0151,129.72712349327,185.324462133242,62.1452659441082
LF01,Siet vs. Sied,Siet,Interrogative final focus,Long,LFP0151,148.259569706594,185.324462133242,59.327863983081
LF01,Siet vs. Sied,Siet,Interrogative final focus,Long,LFP0151,166.792015919918,185.324462133242,56.4144524760332
LF02,Siet vs. Sied,Siet,Interrogative final focus,Long,LFP0152,0,227.52444435264,57.5907241460727
LF02,Siet vs. Sied,Siet,Interrogative final focus,Long,LFP0152,22.752444435264,227.52444435264,63.3772861357313
LF02,Siet vs. Sied,Siet,Interrogative final focus,Long,LFP0152,45.5048888705281,227.52444435264,63.0725610951373
LF02,Siet vs. Sied,Siet,Interrogative final focus,Long,LFP0152,68.2573333057921,227.52444435264,64.8350429209008
LF02,Siet vs. Sied,Siet,Interrogative final focus,Long,LFP0152,91.0097777410561,227.52444435264,67.1813571892797
LF02,Siet vs. Sied,Siet,Interrogative final focus,Long,LFP0152,113.76222217632,227.52444435264,61.9702403975942
LF02,Siet vs. Sied,Siet,Interrogative final focus,Long,LFP0152,136.514666611584,227.52444435264,60.2320736125648
LF02,Siet vs. Sied,Siet,Interrogative final focus,Long,LFP0152,159.267111046848,227.52444435264,69.0119154509481
LF02,Siet vs. Sied,Siet,Interrogative final focus,Long,LFP0152,182.019555482112,227.52444435264,66.4185849043757
LF02,Siet vs. Sied,Siet,Interrogative final focus,Long,LFP0152,204.771999917376,227.52444435264,56.1620395712746
LF03,Siet vs. Sied,Siet,Interrogative final focus,Long,LFP0153,0,214.486908564821,56.9295995764153
LF03,Siet vs. Sied,Siet,Interrogative final focus,Long,LFP0153,21.448690856482,214.486908564821,61.3735927836199
LF03,Siet vs. Sied,Siet,Interrogative final focus,Long,LFP0153,42.8973817129641,214.486908564821,62.9612639263297
LF03,Siet vs. Sied,Siet,Interrogative final focus,Long,LFP0153,64.3460725694462,214.486908564821,62.8457166568674
LF03,Siet vs. Sied,Siet,Interrogative final focus,Long,LFP0153,85.7947634259283,214.486908564821,60.0898175940894
LF03,Siet vs. Sied,Siet,Interrogative final focus,Long,LFP0153,107.24345428241,214.486908564821,58.572042773678
LF03,Siet vs. Sied,Siet,Interrogative final focus,Long,LFP0153,128.692145138892,214.486908564821,61.3639079967935
LF03,Siet vs. Sied,Siet,Interrogative final focus,Long,LFP0153,150.140835995374,214.486908564821,62.5219532261738
LF03,Siet vs. Sied,Siet,Interrogative final focus,Long,LFP0153,171.589526851857,214.486908564821,55.1227725922998
LF03,Siet vs. Sied,Siet,Interrogative final focus,Long,LFP0153,193.038217708339,214.486908564821,50.6014188778325
LF04,Siet vs. Sied,Siet,Interrogative final focus,Long,LFP0154,0,249.930253058988,62.1407862826522
LF04,Siet vs. Sied,Siet,Interrogative final focus,Long,LFP0154,24.9930253058988,249.930253058988,67.6455062605718
LF04,Siet vs. Sied,Siet,Interrogative final focus,Long,LFP0154,49.9860506117975,249.930253058988,69.5405262324697
LF04,Siet vs. Sied,Siet,Interrogative final focus,Long,LFP0154,74.9790759176963,249.930253058988,65.7629057029059
LF04,Siet vs. Sied,Siet,Interrogative final focus,Long,LFP0154,99.972101223595,249.930253058988,65.2904663089775
LF04,Siet vs. Sied,Siet,Interrogative final focus,Long,LFP0154,124.965126529494,249.930253058988,65.1584060235677
LF04,Siet vs. Sied,Siet,Interrogative final focus,Long,LFP0154,149.958151835393,249.930253058988,67.8382886816737
LF04,Siet vs. Sied,Siet,Interrogative final focus,Long,LFP0154,174.951177141291,249.930253058988,60.8163237257831
LF04,Siet vs. Sied,Siet,Interrogative final focus,Long,LFP0154,199.94420244719,249.930253058988,56.9912850742276
LF04,Siet vs. Sied,Siet,Interrogative final focus,Long,LFP0154,224.937227753089,249.930253058988,56.7251585120202
LF05,Siet vs. Sied,Siet,Interrogative final focus,Long,LFP0155,0,188.474826284349,70.1593189087046
LF05,Siet vs. Sied,Siet,Interrogative final focus,Long,LFP0155,18.8474826284348,188.474826284349,73.3902345309959
LF05,Siet vs. Sied,Siet,Interrogative final focus,Long,LFP0155,37.6949652568697,188.474826284349,76.8074475552662
LF05,Siet vs. Sied,Siet,Interrogative final focus,Long,LFP0155,56.5424478853047,188.474826284349,77.7895132890748
LF05,Siet vs. Sied,Siet,Interrogative final focus,Long,LFP0155,75.3899305137395,188.474826284349,70.3282084172442
LF05,Siet vs. Sied,Siet,Interrogative final focus,Long,LFP0155,94.2374131421744,188.474826284349,69.1112445621852
LF05,Siet vs. Sied,Siet,Interrogative final focus,Long,LFP0155,113.084895770609,188.474826284349,66.5721459387069
LF05,Siet vs. Sied,Siet,Interrogative final focus,Long,LFP0155,131.932378399044,188.474826284349,69.5825926574943
LF05,Siet vs. Sied,Siet,Interrogative final focus,Long,LFP0155,150.779861027479,188.474826284349,64.3441134226426
LF05,Siet vs. Sied,Siet,Interrogative final focus,Long,LFP0155,169.627343655914,188.474826284349,56.6396356158574
LF06,Siet vs. Sied,Siet,Interrogative final focus,Long,LFP0156,0,211.190878671462,69.7131089328618
LF06,Siet vs. Sied,Siet,Interrogative final focus,Long,LFP0156,21.1190878671461,211.190878671462,73.9085232669437
LF06,Siet vs. Sied,Siet,Interrogative final focus,Long,LFP0156,42.2381757342924,211.190878671462,75.150673378923
LF06,Siet vs. Sied,Siet,Interrogative final focus,Long,LFP0156,63.3572636014386,211.190878671462,76.2499172857112
LF06,Siet vs. Sied,Siet,Interrogative final focus,Long,LFP0156,84.4763514685847,211.190878671462,77.3635243549677
LF06,Siet vs. Sied,Siet,Interrogative final focus,Long,LFP0156,105.595439335731,211.190878671462,75.4295150930219
LF06,Siet vs. Sied,Siet,Interrogative final focus,Long,LFP0156,126.714527202877,211.190878671462,76.3591497770474
LF06,Siet vs. Sied,Siet,Interrogative final focus,Long,LFP0156,147.833615070023,211.190878671462,71.8680358415311
LF06,Siet vs. Sied,Siet,Interrogative final focus,Long,LFP0156,168.952702937169,211.190878671462,65.2709299095238
LF06,Siet vs. Sied,Siet,Interrogative final focus,Long,LFP0156,190.071790804316,211.190878671462,56.3503737557359
LF07,Siet vs. Sied,Siet,Interrogative final focus,Long,LFP0157,0,166.53043661707,66.0628374506472
LF07,Siet vs. Sied,Siet,Interrogative final focus,Long,LFP0157,16.6530436617071,166.53043661707,67.3489893157053
LF07,Siet vs. Sied,Siet,Interrogative final focus,Long,LFP0157,33.3060873234141,166.53043661707,67.6614215168019
LF07,Siet vs. Sied,Siet,Interrogative final focus,Long,LFP0157,49.9591309851212,166.53043661707,68.1313981556906
LF07,Siet vs. Sied,Siet,Interrogative final focus,Long,LFP0157,66.6121746468282,166.53043661707,69.0089364437822
LF07,Siet vs. Sied,Siet,Interrogative final focus,Long,LFP0157,83.2652183085353,166.53043661707,67.823254624595
LF07,Siet vs. Sied,Siet,Interrogative final focus,Long,LFP0157,99.9182619702422,166.53043661707,69.2186788997953
LF07,Siet vs. Sied,Siet,Interrogative final focus,Long,LFP0157,116.571305631949,166.53043661707,67.2080715609083
LF07,Siet vs. Sied,Siet,Interrogative final focus,Long,LFP0157,133.224349293656,166.53043661707,65.959065516649
LF07,Siet vs. Sied,Siet,Interrogative final focus,Long,LFP0157,149.877392955364,166.53043661707,68.2169137649442
LF08,Siet vs. Sied,Siet,Interrogative final focus,Long,LFP0158,0,211.703084634663,69.6656274254987
LF08,Siet vs. Sied,Siet,Interrogative final focus,Long,LFP0158,21.1703084634662,211.703084634663,73.8860172607292
LF08,Siet vs. Sied,Siet,Interrogative final focus,Long,LFP0158,42.3406169269327,211.703084634663,75.1354186118409
LF08,Siet vs. Sied,Siet,Interrogative final focus,Long,LFP0158,63.5109253903992,211.703084634663,76.250425024594
LF08,Siet vs. Sied,Siet,Interrogative final focus,Long,LFP0158,84.6812338538654,211.703084634663,77.3468569539365
LF08,Siet vs. Sied,Siet,Interrogative final focus,Long,LFP0158,105.851542317332,211.703084634663,75.4168243498761
LF08,Siet vs. Sied,Siet,Interrogative final focus,Long,LFP0158,127.021850780798,211.703084634663,76.3676745493416
LF08,Siet vs. Sied,Siet,Interrogative final focus,Long,LFP0158,148.192159244265,211.703084634663,71.8526195784186
LF08,Siet vs. Sied,Siet,Interrogative final focus,Long,LFP0158,169.362467707731,211.703084634663,65.1952580333583
LF08,Siet vs. Sied,Siet,Interrogative final focus,Long,LFP0158,190.532776171197,211.703084634663,56.2637893285227
LF09,Siet vs. Sied,Siet,Interrogative final focus,Long,LFP0159,0,157.150132715029,56.4138522334919
LF09,Siet vs. Sied,Siet,Interrogative final focus,Long,LFP0159,15.7150132715029,157.150132715029,59.0473223919291
LF09,Siet vs. Sied,Siet,Interrogative final focus,Long,LFP0159,31.4300265430059,157.150132715029,62.5391472483592
LF09,Siet vs. Sied,Siet,Interrogative final focus,Long,LFP0159,47.1450398145088,157.150132715029,64.7613228753832
LF09,Siet vs. Sied,Siet,Interrogative final focus,Long,LFP0159,62.8600530860117,157.150132715029,63.9712094946514
LF09,Siet vs. Sied,Siet,Interrogative final focus,Long,LFP0159,78.5750663575147,157.150132715029,65.1537704124474
LF09,Siet vs. Sied,Siet,Interrogative final focus,Long,LFP0159,94.2900796290176,157.150132715029,67.8263193154529
LF09,Siet vs. Sied,Siet,Interrogative final focus,Long,LFP0159,110.005092900521,157.150132715029,67.8197183345994
LF09,Siet vs. Sied,Siet,Interrogative final focus,Long,LFP0159,125.720106172023,157.150132715029,66.2824948541864
LF09,Siet vs. Sied,Siet,Interrogative final focus,Long,LFP0159,141.435119443526,157.150132715029,64.1588089783645
LF10,Siet vs. Sied,Siet,Interrogative final focus,Long,LFP0160,0,164.388785063621,66.8667689283524
LF10,Siet vs. Sied,Siet,Interrogative final focus,Long,LFP0160,16.4388785063621,164.388785063621,71.0094999906869
LF10,Siet vs. Sied,Siet,Interrogative final focus,Long,LFP0160,32.8777570127241,164.388785063621,72.6715432407358
LF10,Siet vs. Sied,Siet,Interrogative final focus,Long,LFP0160,49.3166355190862,164.388785063621,74.010835094979
LF10,Siet vs. Sied,Siet,Interrogative final focus,Long,LFP0160,65.7555140254482,164.388785063621,73.2492789252906
LF10,Siet vs. Sied,Siet,Interrogative final focus,Long,LFP0160,82.1943925318103,164.388785063621,69.6314396431641
LF10,Siet vs. Sied,Siet,Interrogative final focus,Long,LFP0160,98.6332710381723,164.388785063621,68.5944187125355
LF10,Siet vs. Sied,Siet,Interrogative final focus,Long,LFP0160,115.072149544534,164.388785063621,68.3388683058225
LF10,Siet vs. Sied,Siet,Interrogative final focus,Long,LFP0160,131.511028050896,164.388785063621,63.8396092681793
LF10,Siet vs. Sied,Siet,Interrogative final focus,Long,LFP0160,147.949906557258,164.388785063621,60.8180261358574
LF01,Swien vs. Swiien,Swien,Interrogative final focus,Long,LFP0161,0,154.231448795598,62.8231721477756
LF01,Swien vs. Swiien,Swien,Interrogative final focus,Long,LFP0161,15.4231448795599,154.231448795598,69.2804587599184
LF01,Swien vs. Swiien,Swien,Interrogative final focus,Long,LFP0161,30.8462897591197,154.231448795598,72.1619958973335
LF01,Swien vs. Swiien,Swien,Interrogative final focus,Long,LFP0161,46.2694346386796,154.231448795598,72.0006393496856
LF01,Swien vs. Swiien,Swien,Interrogative final focus,Long,LFP0161,61.6925795182395,154.231448795598,70.0245324428639
LF01,Swien vs. Swiien,Swien,Interrogative final focus,Long,LFP0161,77.1157243977991,154.231448795598,69.5838433325664
LF01,Swien vs. Swiien,Swien,Interrogative final focus,Long,LFP0161,92.538869277359,154.231448795598,69.1478851285681
LF01,Swien vs. Swiien,Swien,Interrogative final focus,Long,LFP0161,107.962014156919,154.231448795598,70.1833423504304
LF01,Swien vs. Swiien,Swien,Interrogative final focus,Long,LFP0161,123.385159036479,154.231448795598,65.1661979371406
LF01,Swien vs. Swiien,Swien,Interrogative final focus,Long,LFP0161,138.808303916039,154.231448795598,65.5354160977823
LF02,Swien vs. Swiien,Swien,Interrogative final focus,Long,LFP0162,0,172.366262496902,64.1412346378673
LF02,Swien vs. Swiien,Swien,Interrogative final focus,Long,LFP0162,17.2366262496901,172.366262496902,64.0567663132394
LF02,Swien vs. Swiien,Swien,Interrogative final focus,Long,LFP0162,34.4732524993803,172.366262496902,62.8727333375572
LF02,Swien vs. Swiien,Swien,Interrogative final focus,Long,LFP0162,51.7098787490706,172.366262496902,66.6694547190118
LF02,Swien vs. Swiien,Swien,Interrogative final focus,Long,LFP0162,68.9465049987608,172.366262496902,68.4906469324296
LF02,Swien vs. Swiien,Swien,Interrogative final focus,Long,LFP0162,86.1831312484509,172.366262496902,68.815753703972
LF02,Swien vs. Swiien,Swien,Interrogative final focus,Long,LFP0162,103.419757498141,172.366262496902,68.5577007460891
LF02,Swien vs. Swiien,Swien,Interrogative final focus,Long,LFP0162,120.656383747831,172.366262496902,68.247794557195
LF02,Swien vs. Swiien,Swien,Interrogative final focus,Long,LFP0162,137.893009997522,172.366262496902,69.3392828585808
LF02,Swien vs. Swiien,Swien,Interrogative final focus,Long,LFP0162,155.129636247212,172.366262496902,65.5004129240501
LF03,Swien vs. Swiien,Swien,Interrogative final focus,Long,LFP0163,0,149.349339079627,65.2649270143219
LF03,Swien vs. Swiien,Swien,Interrogative final focus,Long,LFP0163,14.9349339079627,149.349339079627,66.1045634822152
LF03,Swien vs. Swiien,Swien,Interrogative final focus,Long,LFP0163,29.8698678159255,149.349339079627,63.9447685017698
LF03,Swien vs. Swiien,Swien,Interrogative final focus,Long,LFP0163,44.8048017238881,149.349339079627,63.2702411472714
LF03,Swien vs. Swiien,Swien,Interrogative final focus,Long,LFP0163,59.7397356318509,149.349339079627,62.3235695157572
LF03,Swien vs. Swiien,Swien,Interrogative final focus,Long,LFP0163,74.6746695398136,149.349339079627,65.760379010221
LF03,Swien vs. Swiien,Swien,Interrogative final focus,Long,LFP0163,89.6096034477764,149.349339079627,63.7832021675465
LF03,Swien vs. Swiien,Swien,Interrogative final focus,Long,LFP0163,104.544537355739,149.349339079627,67.9114604854066
LF03,Swien vs. Swiien,Swien,Interrogative final focus,Long,LFP0163,119.479471263702,149.349339079627,65.0668182051722
LF03,Swien vs. Swiien,Swien,Interrogative final focus,Long,LFP0163,134.414405171664,149.349339079627,61.7738473450787
LF04,Swien vs. Swiien,Swien,Interrogative final focus,Long,LFP0164,0,104.817013970339,69.9331612181349
LF04,Swien vs. Swiien,Swien,Interrogative final focus,Long,LFP0164,10.4817013970339,104.817013970339,70.7102490538214
LF04,Swien vs. Swiien,Swien,Interrogative final focus,Long,LFP0164,20.9634027940678,104.817013970339,71.5815112925417
LF04,Swien vs. Swiien,Swien,Interrogative final focus,Long,LFP0164,31.4451041911018,104.817013970339,72.3156762232153
LF04,Swien vs. Swiien,Swien,Interrogative final focus,Long,LFP0164,41.9268055881356,104.817013970339,72.8506979251248
LF04,Swien vs. Swiien,Swien,Interrogative final focus,Long,LFP0164,52.4085069851695,104.817013970339,72.6800073439922
LF04,Swien vs. Swiien,Swien,Interrogative final focus,Long,LFP0164,62.8902083822035,104.817013970339,70.5128272372057
LF04,Swien vs. Swiien,Swien,Interrogative final focus,Long,LFP0164,73.3719097792375,104.817013970339,67.1951292912716
LF04,Swien vs. Swiien,Swien,Interrogative final focus,Long,LFP0164,83.8536111762714,104.817013970339,66.6127207027065
LF04,Swien vs. Swiien,Swien,Interrogative final focus,Long,LFP0164,94.3353125733052,104.817013970339,65.4988619954571
LF05,Swien vs. Swiien,Swien,Interrogative final focus,Long,LFP0165,0,117.504996732593,70.5613915502827
LF05,Swien vs. Swiien,Swien,Interrogative final focus,Long,LFP0165,11.7504996732593,117.504996732593,73.6291370268586
LF05,Swien vs. Swiien,Swien,Interrogative final focus,Long,LFP0165,23.5009993465185,117.504996732593,76.6026506429084
LF05,Swien vs. Swiien,Swien,Interrogative final focus,Long,LFP0165,35.2514990197778,117.504996732593,77.6460753318194
LF05,Swien vs. Swiien,Swien,Interrogative final focus,Long,LFP0165,47.001998693037,117.504996732593,75.5414889996965
LF05,Swien vs. Swiien,Swien,Interrogative final focus,Long,LFP0165,58.7524983662963,117.504996732593,71.7743893590943
LF05,Swien vs. Swiien,Swien,Interrogative final focus,Long,LFP0165,70.5029980395556,117.504996732593,70.8054659115786
LF05,Swien vs. Swiien,Swien,Interrogative final focus,Long,LFP0165,82.2534977128148,117.504996732593,69.5485717282681
LF05,Swien vs. Swiien,Swien,Interrogative final focus,Long,LFP0165,94.0039973860741,117.504996732593,67.5013806049635
LF05,Swien vs. Swiien,Swien,Interrogative final focus,Long,LFP0165,105.754497059333,117.504996732593,67.2982862820115
LF06,Swien vs. Swiien,Swien,Interrogative final focus,Long,LFP0166,0,184.360965514748,72.4084414634053
LF06,Swien vs. Swiien,Swien,Interrogative final focus,Long,LFP0166,18.4360965514749,184.360965514748,73.5436313516377
LF06,Swien vs. Swiien,Swien,Interrogative final focus,Long,LFP0166,36.8721931029496,184.360965514748,73.8745858232262
LF06,Swien vs. Swiien,Swien,Interrogative final focus,Long,LFP0166,55.3082896544246,184.360965514748,73.353438535973
LF06,Swien vs. Swiien,Swien,Interrogative final focus,Long,LFP0166,73.7443862058993,184.360965514748,72.2755994916437
LF06,Swien vs. Swiien,Swien,Interrogative final focus,Long,LFP0166,92.1804827573742,184.360965514748,72.1504032875497
LF06,Swien vs. Swiien,Swien,Interrogative final focus,Long,LFP0166,110.616579308849,184.360965514748,72.7682433125046
LF06,Swien vs. Swiien,Swien,Interrogative final focus,Long,LFP0166,129.052675860324,184.360965514748,73.8109879509096
LF06,Swien vs. Swiien,Swien,Interrogative final focus,Long,LFP0166,147.488772411799,184.360965514748,72.6197711264414
LF06,Swien vs. Swiien,Swien,Interrogative final focus,Long,LFP0166,165.924868963274,184.360965514748,71.2711905115704
LF07,Swien vs. Swiien,Swien,Interrogative final focus,Long,LFP0167,0,171.256144121461,67.6305338976234
LF07,Swien vs. Swiien,Swien,Interrogative final focus,Long,LFP0167,17.1256144121461,171.256144121461,69.0205636322456
LF07,Swien vs. Swiien,Swien,Interrogative final focus,Long,LFP0167,34.2512288242923,171.256144121461,69.3834382875527
LF07,Swien vs. Swiien,Swien,Interrogative final focus,Long,LFP0167,51.3768432364384,171.256144121461,69.1412974923754
LF07,Swien vs. Swiien,Swien,Interrogative final focus,Long,LFP0167,68.5024576485845,171.256144121461,68.0182979381871
LF07,Swien vs. Swiien,Swien,Interrogative final focus,Long,LFP0167,85.6280720607306,171.256144121461,66.6111717476988
LF07,Swien vs. Swiien,Swien,Interrogative final focus,Long,LFP0167,102.753686472877,171.256144121461,69.5137377994823
LF07,Swien vs. Swiien,Swien,Interrogative final focus,Long,LFP0167,119.879300885023,171.256144121461,68.6385064284256
LF07,Swien vs. Swiien,Swien,Interrogative final focus,Long,LFP0167,137.004915297169,171.256144121461,66.6831846770506
LF07,Swien vs. Swiien,Swien,Interrogative final focus,Long,LFP0167,154.130529709315,171.256144121461,66.9290313430832
LF08,Swien vs. Swiien,Swien,Interrogative final focus,Long,LFP0168,0,177.083334710403,73.3704162178586
LF08,Swien vs. Swiien,Swien,Interrogative final focus,Long,LFP0168,17.7083334710402,177.083334710403,73.860429578656
LF08,Swien vs. Swiien,Swien,Interrogative final focus,Long,LFP0168,35.4166669420806,177.083334710403,73.6224597067601
LF08,Swien vs. Swiien,Swien,Interrogative final focus,Long,LFP0168,53.1250004131207,177.083334710403,72.6598251142528
LF08,Swien vs. Swiien,Swien,Interrogative final focus,Long,LFP0168,70.8333338841611,177.083334710403,71.9217673020864
LF08,Swien vs. Swiien,Swien,Interrogative final focus,Long,LFP0168,88.5416673552013,177.083334710403,72.6327464112767
LF08,Swien vs. Swiien,Swien,Interrogative final focus,Long,LFP0168,106.250000826241,177.083334710403,73.2762970324439
LF08,Swien vs. Swiien,Swien,Interrogative final focus,Long,LFP0168,123.958334297282,177.083334710403,73.4762507664803
LF08,Swien vs. Swiien,Swien,Interrogative final focus,Long,LFP0168,141.666667768322,177.083334710403,72.0428730218183
LF08,Swien vs. Swiien,Swien,Interrogative final focus,Long,LFP0168,159.375001239362,177.083334710403,71.384373954203
LF09,Swien vs. Swiien,Swien,Interrogative final focus,Long,LFP0169,0,106.436581322813,68.1856474900154
LF09,Swien vs. Swiien,Swien,Interrogative final focus,Long,LFP0169,10.6436581322813,106.436581322813,68.8845938070215
LF09,Swien vs. Swiien,Swien,Interrogative final focus,Long,LFP0169,21.2873162645625,106.436581322813,69.012720105112
LF09,Swien vs. Swiien,Swien,Interrogative final focus,Long,LFP0169,31.9309743968438,106.436581322813,69.2686311658869
LF09,Swien vs. Swiien,Swien,Interrogative final focus,Long,LFP0169,42.574632529125,106.436581322813,69.0842639059216
LF09,Swien vs. Swiien,Swien,Interrogative final focus,Long,LFP0169,53.2182906614063,106.436581322813,68.4544980731059
LF09,Swien vs. Swiien,Swien,Interrogative final focus,Long,LFP0169,63.8619487936876,106.436581322813,67.8815691113932
LF09,Swien vs. Swiien,Swien,Interrogative final focus,Long,LFP0169,74.5056069259687,106.436581322813,69.9138276909906
LF09,Swien vs. Swiien,Swien,Interrogative final focus,Long,LFP0169,85.1492650582501,106.436581322813,71.3338563781331
LF09,Swien vs. Swiien,Swien,Interrogative final focus,Long,LFP0169,95.7929231905312,106.436581322813,70.9603285055603
LF10,Swien vs. Swiien,Swien,Interrogative final focus,Long,LFP0170,0,121.418840370156,79.3536118895267
LF10,Swien vs. Swiien,Swien,Interrogative final focus,Long,LFP0170,12.1418840370155,121.418840370156,78.4654174876341
LF10,Swien vs. Swiien,Swien,Interrogative final focus,Long,LFP0170,24.2837680740313,121.418840370156,78.6684340760413
LF10,Swien vs. Swiien,Swien,Interrogative final focus,Long,LFP0170,36.4256521110469,121.418840370156,80.5036152335967
LF10,Swien vs. Swiien,Swien,Interrogative final focus,Long,LFP0170,48.5675361480624,121.418840370156,78.2096700399309
LF10,Swien vs. Swiien,Swien,Interrogative final focus,Long,LFP0170,60.7094201850782,121.418840370156,75.5508180253682
LF10,Swien vs. Swiien,Swien,Interrogative final focus,Long,LFP0170,72.8513042220937,121.418840370156,75.7350007767262
LF10,Swien vs. Swiien,Swien,Interrogative final focus,Long,LFP0170,84.9931882591093,121.418840370156,75.6404345593447
LF10,Swien vs. Swiien,Swien,Interrogative final focus,Long,LFP0170,97.1350722961248,121.418840370156,73.9744148194532
LF10,Swien vs. Swiien,Swien,Interrogative final focus,Long,LFP0170,109.276956333141,121.418840370156,71.6266411347372
LF01,Weken vs. Wegen,Weken,Interrogative final focus,Long,LFP0171,0,196.532855643142,60.2475408743216
LF01,Weken vs. Wegen,Weken,Interrogative final focus,Long,LFP0171,19.6532855643142,196.532855643142,70.4576456786353
LF01,Weken vs. Wegen,Weken,Interrogative final focus,Long,LFP0171,39.3065711286283,196.532855643142,68.9403892702651
LF01,Weken vs. Wegen,Weken,Interrogative final focus,Long,LFP0171,58.9598566929427,196.532855643142,68.5903622324692
LF01,Weken vs. Wegen,Weken,Interrogative final focus,Long,LFP0171,78.6131422572568,196.532855643142,67.4272156224643
LF01,Weken vs. Wegen,Weken,Interrogative final focus,Long,LFP0171,98.2664278215709,196.532855643142,68.8061841782696
LF01,Weken vs. Wegen,Weken,Interrogative final focus,Long,LFP0171,117.919713385885,196.532855643142,67.4231566197899
LF01,Weken vs. Wegen,Weken,Interrogative final focus,Long,LFP0171,137.572998950199,196.532855643142,70.8818083697894
LF01,Weken vs. Wegen,Weken,Interrogative final focus,Long,LFP0171,157.226284514513,196.532855643142,65.9689913463096
LF01,Weken vs. Wegen,Weken,Interrogative final focus,Long,LFP0171,176.879570078828,196.532855643142,65.5647713980379
LF02,Weken vs. Wegen,Weken,Interrogative final focus,Long,LFP0172,0,117.69782388664,61.3779271636154
LF02,Weken vs. Wegen,Weken,Interrogative final focus,Long,LFP0172,11.769782388664,117.69782388664,66.0111177954183
LF02,Weken vs. Wegen,Weken,Interrogative final focus,Long,LFP0172,23.539564777328,117.69782388664,68.8761410481217
LF02,Weken vs. Wegen,Weken,Interrogative final focus,Long,LFP0172,35.309347165992,117.69782388664,69.630371063362
LF02,Weken vs. Wegen,Weken,Interrogative final focus,Long,LFP0172,47.079129554656,117.69782388664,67.8989641988326
LF02,Weken vs. Wegen,Weken,Interrogative final focus,Long,LFP0172,58.8489119433198,117.69782388664,65.7599351424799
LF02,Weken vs. Wegen,Weken,Interrogative final focus,Long,LFP0172,70.6186943319838,117.69782388664,68.0763246976352
LF02,Weken vs. Wegen,Weken,Interrogative final focus,Long,LFP0172,82.3884767206478,117.69782388664,69.7158819372463
LF02,Weken vs. Wegen,Weken,Interrogative final focus,Long,LFP0172,94.1582591093117,117.69782388664,70.0937293818792
LF02,Weken vs. Wegen,Weken,Interrogative final focus,Long,LFP0172,105.928041497976,117.69782388664,70.9140839478308
LF03,Weken vs. Wegen,Weken,Interrogative final focus,Long,LFP0173,0,178.13850237498,61.7227219541219
LF03,Weken vs. Wegen,Weken,Interrogative final focus,Long,LFP0173,17.813850237498,178.13850237498,69.9250188948097
LF03,Weken vs. Wegen,Weken,Interrogative final focus,Long,LFP0173,35.6277004749961,178.13850237498,69.3251680001303
LF03,Weken vs. Wegen,Weken,Interrogative final focus,Long,LFP0173,53.4415507124941,178.13850237498,69.055059024178
LF03,Weken vs. Wegen,Weken,Interrogative final focus,Long,LFP0173,71.2554009499922,178.13850237498,68.5025366744983
LF03,Weken vs. Wegen,Weken,Interrogative final focus,Long,LFP0173,89.0692511874902,178.13850237498,68.5983875116838
LF03,Weken vs. Wegen,Weken,Interrogative final focus,Long,LFP0173,106.883101424988,178.13850237498,66.2792039224343
LF03,Weken vs. Wegen,Weken,Interrogative final focus,Long,LFP0173,124.696951662486,178.13850237498,63.7227293036187
LF03,Weken vs. Wegen,Weken,Interrogative final focus,Long,LFP0173,142.510801899984,178.13850237498,59.6918197312449
LF03,Weken vs. Wegen,Weken,Interrogative final focus,Long,LFP0173,160.324652137482,178.13850237498,58.6629949221294
LF04,Weken vs. Wegen,Weken,Interrogative final focus,Long,LFP0174,0,139.062117014378,69.6413801649932
LF04,Weken vs. Wegen,Weken,Interrogative final focus,Long,LFP0174,13.9062117014378,139.062117014378,72.0486402261909
LF04,Weken vs. Wegen,Weken,Interrogative final focus,Long,LFP0174,27.8124234028756,139.062117014378,72.2764573018472
LF04,Weken vs. Wegen,Weken,Interrogative final focus,Long,LFP0174,41.7186351043134,139.062117014378,72.5899408774074
LF04,Weken vs. Wegen,Weken,Interrogative final focus,Long,LFP0174,55.6248468057512,139.062117014378,71.7067439461582
LF04,Weken vs. Wegen,Weken,Interrogative final focus,Long,LFP0174,69.531058507189,139.062117014378,68.9217174899348
LF04,Weken vs. Wegen,Weken,Interrogative final focus,Long,LFP0174,83.4372702086269,139.062117014378,68.0882020730118
LF04,Weken vs. Wegen,Weken,Interrogative final focus,Long,LFP0174,97.3434819100647,139.062117014378,69.2454801358783
LF04,Weken vs. Wegen,Weken,Interrogative final focus,Long,LFP0174,111.249693611502,139.062117014378,69.4332622245683
LF04,Weken vs. Wegen,Weken,Interrogative final focus,Long,LFP0174,125.15590531294,139.062117014378,69.7045797179729
LF05,Weken vs. Wegen,Weken,Interrogative final focus,Long,LFP0175,0,134.196835621119,73.3002398788354
LF05,Weken vs. Wegen,Weken,Interrogative final focus,Long,LFP0175,13.4196835621119,134.196835621119,73.7011579714904
LF05,Weken vs. Wegen,Weken,Interrogative final focus,Long,LFP0175,26.8393671242237,134.196835621119,73.8280815851818
LF05,Weken vs. Wegen,Weken,Interrogative final focus,Long,LFP0175,40.2590506863358,134.196835621119,73.6312368508629
LF05,Weken vs. Wegen,Weken,Interrogative final focus,Long,LFP0175,53.6787342484477,134.196835621119,72.9686078814084
LF05,Weken vs. Wegen,Weken,Interrogative final focus,Long,LFP0175,67.0984178105596,134.196835621119,72.3623213515869
LF05,Weken vs. Wegen,Weken,Interrogative final focus,Long,LFP0175,80.5181013726715,134.196835621119,72.8092866498695
LF05,Weken vs. Wegen,Weken,Interrogative final focus,Long,LFP0175,93.9377849347833,134.196835621119,73.6991861910525
LF05,Weken vs. Wegen,Weken,Interrogative final focus,Long,LFP0175,107.357468496895,134.196835621119,73.6523076351263
LF05,Weken vs. Wegen,Weken,Interrogative final focus,Long,LFP0175,120.777152059007,134.196835621119,71.0777431149932
LF06,Weken vs. Wegen,Weken,Interrogative final focus,Long,LFP0176,0,106.372816915228,82.1294723373526
LF06,Weken vs. Wegen,Weken,Interrogative final focus,Long,LFP0176,10.6372816915228,106.372816915228,84.2604308868698
LF06,Weken vs. Wegen,Weken,Interrogative final focus,Long,LFP0176,21.2745633830456,106.372816915228,84.6135153553657
LF06,Weken vs. Wegen,Weken,Interrogative final focus,Long,LFP0176,31.9118450745682,106.372816915228,83.5518046535605
LF06,Weken vs. Wegen,Weken,Interrogative final focus,Long,LFP0176,42.5491267660911,106.372816915228,81.5598991844026
LF06,Weken vs. Wegen,Weken,Interrogative final focus,Long,LFP0176,53.1864084576137,106.372816915228,81.3182978427077
LF06,Weken vs. Wegen,Weken,Interrogative final focus,Long,LFP0176,63.8236901491365,106.372816915228,81.7828650938745
LF06,Weken vs. Wegen,Weken,Interrogative final focus,Long,LFP0176,74.4609718406593,106.372816915228,81.4312130570112
LF06,Weken vs. Wegen,Weken,Interrogative final focus,Long,LFP0176,85.098253532182,106.372816915228,80.7625494252779
LF06,Weken vs. Wegen,Weken,Interrogative final focus,Long,LFP0176,95.7355352237048,106.372816915228,79.2404279087406
LF07,Weken vs. Wegen,Weken,Interrogative final focus,Long,LFP0177,0,138.9173494456,69.493191958471
LF07,Weken vs. Wegen,Weken,Interrogative final focus,Long,LFP0177,13.89173494456,138.9173494456,73.9145260534028
LF07,Weken vs. Wegen,Weken,Interrogative final focus,Long,LFP0177,27.7834698891199,138.9173494456,76.1427996332352
LF07,Weken vs. Wegen,Weken,Interrogative final focus,Long,LFP0177,41.6752048336799,138.9173494456,77.1641464832676
LF07,Weken vs. Wegen,Weken,Interrogative final focus,Long,LFP0177,55.5669397782399,138.9173494456,75.6092643375406
LF07,Weken vs. Wegen,Weken,Interrogative final focus,Long,LFP0177,69.4586747227997,138.9173494456,74.2081821325456
LF07,Weken vs. Wegen,Weken,Interrogative final focus,Long,LFP0177,83.3504096673596,138.9173494456,74.3534081325911
LF07,Weken vs. Wegen,Weken,Interrogative final focus,Long,LFP0177,97.2421446119196,138.9173494456,74.4246622907039
LF07,Weken vs. Wegen,Weken,Interrogative final focus,Long,LFP0177,111.13387955648,138.9173494456,72.8283986651084
LF07,Weken vs. Wegen,Weken,Interrogative final focus,Long,LFP0177,125.02561450104,138.9173494456,70.8495080967859
LF08,Weken vs. Wegen,Weken,Interrogative final focus,Long,LFP0178,0,203.124474303892,84.1876079854836
LF08,Weken vs. Wegen,Weken,Interrogative final focus,Long,LFP0178,20.3124474303891,203.124474303892,83.8477347008731
LF08,Weken vs. Wegen,Weken,Interrogative final focus,Long,LFP0178,40.6248948607784,203.124474303892,81.2424303916028
LF08,Weken vs. Wegen,Weken,Interrogative final focus,Long,LFP0178,60.9373422911674,203.124474303892,81.6073361269026
LF08,Weken vs. Wegen,Weken,Interrogative final focus,Long,LFP0178,81.2497897215567,203.124474303892,80.0730755584419
LF08,Weken vs. Wegen,Weken,Interrogative final focus,Long,LFP0178,101.562237151946,203.124474303892,73.5966606877796
LF08,Weken vs. Wegen,Weken,Interrogative final focus,Long,LFP0178,121.874684582335,203.124474303892,67.7760239902831
LF08,Weken vs. Wegen,Weken,Interrogative final focus,Long,LFP0178,142.187132012724,203.124474303892,62.9594387153398
LF08,Weken vs. Wegen,Weken,Interrogative final focus,Long,LFP0178,162.499579443113,203.124474303892,59.8430789383323
LF08,Weken vs. Wegen,Weken,Interrogative final focus,Long,LFP0178,182.812026873503,203.124474303892,58.9309637965741
LF09,Weken vs. Wegen,Weken,Interrogative final focus,Long,LFP0179,0,175.640452780302,64.2116196778764
LF09,Weken vs. Wegen,Weken,Interrogative final focus,Long,LFP0179,17.5640452780301,175.640452780302,65.7455711721355
LF09,Weken vs. Wegen,Weken,Interrogative final focus,Long,LFP0179,35.1280905560605,175.640452780302,67.5072597579261
LF09,Weken vs. Wegen,Weken,Interrogative final focus,Long,LFP0179,52.6921358340908,175.640452780302,66.0058093084422
LF09,Weken vs. Wegen,Weken,Interrogative final focus,Long,LFP0179,70.256181112121,175.640452780302,65.3339193885456
LF09,Weken vs. Wegen,Weken,Interrogative final focus,Long,LFP0179,87.8202263901511,175.640452780302,66.7779700988478
LF09,Weken vs. Wegen,Weken,Interrogative final focus,Long,LFP0179,105.384271668181,175.640452780302,66.282714494405
LF09,Weken vs. Wegen,Weken,Interrogative final focus,Long,LFP0179,122.948316946212,175.640452780302,64.4385943618024
LF09,Weken vs. Wegen,Weken,Interrogative final focus,Long,LFP0179,140.512362224242,175.640452780302,62.9805592106359
LF09,Weken vs. Wegen,Weken,Interrogative final focus,Long,LFP0179,158.076407502272,175.640452780302,60.4152257021208
LF10,Weken vs. Wegen,Weken,Interrogative final focus,Long,LFP0180,0,130.535656707015,76.7014750598871
LF10,Weken vs. Wegen,Weken,Interrogative final focus,Long,LFP0180,13.0535656707016,130.535656707015,81.0530570689583
LF10,Weken vs. Wegen,Weken,Interrogative final focus,Long,LFP0180,26.107131341403,130.535656707015,81.6783644514216
LF10,Weken vs. Wegen,Weken,Interrogative final focus,Long,LFP0180,39.1606970121043,130.535656707015,81.1161728096021
LF10,Weken vs. Wegen,Weken,Interrogative final focus,Long,LFP0180,52.2142626828059,130.535656707015,80.8499791619726
LF10,Weken vs. Wegen,Weken,Interrogative final focus,Long,LFP0180,65.2678283535075,130.535656707015,79.4192177749168
LF10,Weken vs. Wegen,Weken,Interrogative final focus,Long,LFP0180,78.3213940242089,130.535656707015,77.8570274280605
LF10,Weken vs. Wegen,Weken,Interrogative final focus,Long,LFP0180,91.3749596949103,130.535656707015,75.1777238860491
LF10,Weken vs. Wegen,Weken,Interrogative final focus,Long,LFP0180,104.428525365612,130.535656707015,70.8982082261137
LF10,Weken vs. Wegen,Weken,Interrogative final focus,Long,LFP0180,117.482091036313,130.535656707015,66.3788447615908
LF01,Laten vs. Laden,Laten,Interrogative non-final focus,Long,LFP0181,0,213.276960324926,69.5984635809772
LF01,Laten vs. Laden,Laten,Interrogative non-final focus,Long,LFP0181,21.3276960324926,213.276960324926,72.879021064289
LF01,Laten vs. Laden,Laten,Interrogative non-final focus,Long,LFP0181,42.6553920649851,213.276960324926,69.41059106943
LF01,Laten vs. Laden,Laten,Interrogative non-final focus,Long,LFP0181,63.9830880974778,213.276960324926,71.3093408375676
LF01,Laten vs. Laden,Laten,Interrogative non-final focus,Long,LFP0181,85.3107841299703,213.276960324926,70.0781646797903
LF01,Laten vs. Laden,Laten,Interrogative non-final focus,Long,LFP0181,106.638480162463,213.276960324926,71.8128236200319
LF01,Laten vs. Laden,Laten,Interrogative non-final focus,Long,LFP0181,127.966176194955,213.276960324926,71.7261845441791
LF01,Laten vs. Laden,Laten,Interrogative non-final focus,Long,LFP0181,149.293872227448,213.276960324926,71.2760700153485
LF01,Laten vs. Laden,Laten,Interrogative non-final focus,Long,LFP0181,170.621568259941,213.276960324926,71.1853889887898
LF01,Laten vs. Laden,Laten,Interrogative non-final focus,Long,LFP0181,191.949264292433,213.276960324926,69.1083645754808
LF02,Laten vs. Laden,Laten,Interrogative non-final focus,Long,LFP0182,0,137.339932420337,59.6893156307723
LF02,Laten vs. Laden,Laten,Interrogative non-final focus,Long,LFP0182,13.7339932420336,137.339932420337,62.6582721990695
LF02,Laten vs. Laden,Laten,Interrogative non-final focus,Long,LFP0182,27.4679864840673,137.339932420337,64.9142390961621
LF02,Laten vs. Laden,Laten,Interrogative non-final focus,Long,LFP0182,41.2019797261011,137.339932420337,67.6158451652323
LF02,Laten vs. Laden,Laten,Interrogative non-final focus,Long,LFP0182,54.9359729681348,137.339932420337,69.9428171893919
LF02,Laten vs. Laden,Laten,Interrogative non-final focus,Long,LFP0182,68.6699662101683,137.339932420337,71.7420749609604
LF02,Laten vs. Laden,Laten,Interrogative non-final focus,Long,LFP0182,82.403959452202,137.339932420337,72.3552835449009
LF02,Laten vs. Laden,Laten,Interrogative non-final focus,Long,LFP0182,96.1379526942358,137.339932420337,71.1035994462239
LF02,Laten vs. Laden,Laten,Interrogative non-final focus,Long,LFP0182,109.871945936269,137.339932420337,69.6378910340995
LF02,Laten vs. Laden,Laten,Interrogative non-final focus,Long,LFP0182,123.605939178303,137.339932420337,68.916618246655
LF03,Laten vs. Laden,Laten,Interrogative non-final focus,Long,LFP0183,0,230.631617973807,63.2123368438733
LF03,Laten vs. Laden,Laten,Interrogative non-final focus,Long,LFP0183,23.0631617973807,230.631617973807,66.7954098181344
LF03,Laten vs. Laden,Laten,Interrogative non-final focus,Long,LFP0183,46.1263235947615,230.631617973807,63.410065023967
LF03,Laten vs. Laden,Laten,Interrogative non-final focus,Long,LFP0183,69.1894853921422,230.631617973807,67.0189302191484
LF03,Laten vs. Laden,Laten,Interrogative non-final focus,Long,LFP0183,92.2526471895229,230.631617973807,66.151056544372
LF03,Laten vs. Laden,Laten,Interrogative non-final focus,Long,LFP0183,115.315808986904,230.631617973807,63.5295089875591
LF03,Laten vs. Laden,Laten,Interrogative non-final focus,Long,LFP0183,138.378970784284,230.631617973807,65.9761752040417
LF03,Laten vs. Laden,Laten,Interrogative non-final focus,Long,LFP0183,161.442132581665,230.631617973807,64.7588021992971
LF03,Laten vs. Laden,Laten,Interrogative non-final focus,Long,LFP0183,184.505294379046,230.631617973807,63.5714702936909
LF03,Laten vs. Laden,Laten,Interrogative non-final focus,Long,LFP0183,207.568456176427,230.631617973807,61.5773286102507
LF04,Laten vs. Laden,Laten,Interrogative non-final focus,Long,LFP0184,0,258.78285977877,67.4770037439264
LF04,Laten vs. Laden,Laten,Interrogative non-final focus,Long,LFP0184,25.878285977877,258.78285977877,68.7463106322779
LF04,Laten vs. Laden,Laten,Interrogative non-final focus,Long,LFP0184,51.756571955754,258.78285977877,70.1405417502569
LF04,Laten vs. Laden,Laten,Interrogative non-final focus,Long,LFP0184,77.6348579336311,258.78285977877,70.3254574864176
LF04,Laten vs. Laden,Laten,Interrogative non-final focus,Long,LFP0184,103.513143911508,258.78285977877,67.4994307693028
LF04,Laten vs. Laden,Laten,Interrogative non-final focus,Long,LFP0184,129.391429889385,258.78285977877,67.0549474715766
LF04,Laten vs. Laden,Laten,Interrogative non-final focus,Long,LFP0184,155.269715867262,258.78285977877,64.4648087751489
LF04,Laten vs. Laden,Laten,Interrogative non-final focus,Long,LFP0184,181.148001845139,258.78285977877,60.6138654363333
LF04,Laten vs. Laden,Laten,Interrogative non-final focus,Long,LFP0184,207.026287823016,258.78285977877,57.3334137084826
LF04,Laten vs. Laden,Laten,Interrogative non-final focus,Long,LFP0184,232.904573800893,258.78285977877,53.6251524045804
LF05,Laten vs. Laden,Laten,Interrogative non-final focus,Long,LFP0185,0,146.308776621536,70.008222033433
LF05,Laten vs. Laden,Laten,Interrogative non-final focus,Long,LFP0185,14.6308776621535,146.308776621536,71.1551161438173
LF05,Laten vs. Laden,Laten,Interrogative non-final focus,Long,LFP0185,29.2617553243073,146.308776621536,71.3438357181316
LF05,Laten vs. Laden,Laten,Interrogative non-final focus,Long,LFP0185,43.8926329864608,146.308776621536,71.5448106055983
LF05,Laten vs. Laden,Laten,Interrogative non-final focus,Long,LFP0185,58.5235106486144,146.308776621536,70.9762895506561
LF05,Laten vs. Laden,Laten,Interrogative non-final focus,Long,LFP0185,73.1543883107682,146.308776621536,70.3970663156845
LF05,Laten vs. Laden,Laten,Interrogative non-final focus,Long,LFP0185,87.7852659729217,146.308776621536,69.930914843291
LF05,Laten vs. Laden,Laten,Interrogative non-final focus,Long,LFP0185,102.416143635075,146.308776621536,70.2476929170505
LF05,Laten vs. Laden,Laten,Interrogative non-final focus,Long,LFP0185,117.047021297229,146.308776621536,69.9786476667571
LF05,Laten vs. Laden,Laten,Interrogative non-final focus,Long,LFP0185,131.677898959383,146.308776621536,66.494964997289
LF06,Laten vs. Laden,Laten,Interrogative non-final focus,Long,LFP0186,0,158.427458068248,78.4556229078185
LF06,Laten vs. Laden,Laten,Interrogative non-final focus,Long,LFP0186,15.8427458068248,158.427458068248,79.8285794690865
LF06,Laten vs. Laden,Laten,Interrogative non-final focus,Long,LFP0186,31.6854916136494,158.427458068248,79.763921132444
LF06,Laten vs. Laden,Laten,Interrogative non-final focus,Long,LFP0186,47.5282374204743,158.427458068248,81.922938798043
LF06,Laten vs. Laden,Laten,Interrogative non-final focus,Long,LFP0186,63.370983227299,158.427458068248,83.0818565151315
LF06,Laten vs. Laden,Laten,Interrogative non-final focus,Long,LFP0186,79.2137290341238,158.427458068248,83.4633217387602
LF06,Laten vs. Laden,Laten,Interrogative non-final focus,Long,LFP0186,95.0564748409485,158.427458068248,82.9579495401262
LF06,Laten vs. Laden,Laten,Interrogative non-final focus,Long,LFP0186,110.899220647773,158.427458068248,81.9634386450342
LF06,Laten vs. Laden,Laten,Interrogative non-final focus,Long,LFP0186,126.741966454598,158.427458068248,80.2978808685764
LF06,Laten vs. Laden,Laten,Interrogative non-final focus,Long,LFP0186,142.584712261423,158.427458068248,78.0563451439175
LF07,Laten vs. Laden,Laten,Interrogative non-final focus,Long,LFP0187,0,185.04387398862,69.7605121755299
LF07,Laten vs. Laden,Laten,Interrogative non-final focus,Long,LFP0187,18.504387398862,185.04387398862,72.469004955669
LF07,Laten vs. Laden,Laten,Interrogative non-final focus,Long,LFP0187,37.008774797724,185.04387398862,73.1524102782942
LF07,Laten vs. Laden,Laten,Interrogative non-final focus,Long,LFP0187,55.513162196586,185.04387398862,76.2677333564355
LF07,Laten vs. Laden,Laten,Interrogative non-final focus,Long,LFP0187,74.0175495954479,185.04387398862,76.4463588684029
LF07,Laten vs. Laden,Laten,Interrogative non-final focus,Long,LFP0187,92.5219369943099,185.04387398862,74.641758206515
LF07,Laten vs. Laden,Laten,Interrogative non-final focus,Long,LFP0187,111.026324393172,185.04387398862,74.5361488285165
LF07,Laten vs. Laden,Laten,Interrogative non-final focus,Long,LFP0187,129.530711792034,185.04387398862,75.7678292807783
LF07,Laten vs. Laden,Laten,Interrogative non-final focus,Long,LFP0187,148.035099190896,185.04387398862,76.6353348446272
LF07,Laten vs. Laden,Laten,Interrogative non-final focus,Long,LFP0187,166.539486589758,185.04387398862,75.0310381588147
LF08,Laten vs. Laden,Laten,Interrogative non-final focus,Long,LFP0188,0,161.366460794844,78.8173114841289
LF08,Laten vs. Laden,Laten,Interrogative non-final focus,Long,LFP0188,16.1366460794845,161.366460794844,79.7476958887893
LF08,Laten vs. Laden,Laten,Interrogative non-final focus,Long,LFP0188,32.2732921589688,161.366460794844,80.1166328114632
LF08,Laten vs. Laden,Laten,Interrogative non-final focus,Long,LFP0188,48.4099382384533,161.366460794844,82.2355964954086
LF08,Laten vs. Laden,Laten,Interrogative non-final focus,Long,LFP0188,64.5465843179378,161.366460794844,83.2419840915618
LF08,Laten vs. Laden,Laten,Interrogative non-final focus,Long,LFP0188,80.6832303974221,161.366460794844,83.4049218374989
LF08,Laten vs. Laden,Laten,Interrogative non-final focus,Long,LFP0188,96.8198764769066,161.366460794844,82.7562610772257
LF08,Laten vs. Laden,Laten,Interrogative non-final focus,Long,LFP0188,112.956522556391,161.366460794844,81.5730682188471
LF08,Laten vs. Laden,Laten,Interrogative non-final focus,Long,LFP0188,129.093168635876,161.366460794844,79.6828352231165
LF08,Laten vs. Laden,Laten,Interrogative non-final focus,Long,LFP0188,145.22981471536,161.366460794844,77.0745137513565
LF09,Laten vs. Laden,Laten,Interrogative non-final focus,Long,LFP0189,0,143.440626635269,66.797818426185
LF09,Laten vs. Laden,Laten,Interrogative non-final focus,Long,LFP0189,14.3440626635269,143.440626635269,70.8943535337128
LF09,Laten vs. Laden,Laten,Interrogative non-final focus,Long,LFP0189,28.6881253270539,143.440626635269,73.7411440820893
LF09,Laten vs. Laden,Laten,Interrogative non-final focus,Long,LFP0189,43.0321879905808,143.440626635269,75.1191287747521
LF09,Laten vs. Laden,Laten,Interrogative non-final focus,Long,LFP0189,57.3762506541078,143.440626635269,76.3654090893119
LF09,Laten vs. Laden,Laten,Interrogative non-final focus,Long,LFP0189,71.7203133176347,143.440626635269,77.833250084803
LF09,Laten vs. Laden,Laten,Interrogative non-final focus,Long,LFP0189,86.0643759811617,143.440626635269,78.9677724785185
LF09,Laten vs. Laden,Laten,Interrogative non-final focus,Long,LFP0189,100.408438644689,143.440626635269,79.4512267071281
LF09,Laten vs. Laden,Laten,Interrogative non-final focus,Long,LFP0189,114.752501308216,143.440626635269,78.7273593188029
LF09,Laten vs. Laden,Laten,Interrogative non-final focus,Long,LFP0189,129.096563971743,143.440626635269,76.8022757322395
LF10,Laten vs. Laden,Laten,Interrogative non-final focus,Long,LFP0190,0,211.832016855325,82.5213821769882
LF10,Laten vs. Laden,Laten,Interrogative non-final focus,Long,LFP0190,21.1832016855326,211.832016855325,81.1785864711655
LF10,Laten vs. Laden,Laten,Interrogative non-final focus,Long,LFP0190,42.366403371065,211.832016855325,80.2423074850505
LF10,Laten vs. Laden,Laten,Interrogative non-final focus,Long,LFP0190,63.5496050565975,211.832016855325,80.2482395635781
LF10,Laten vs. Laden,Laten,Interrogative non-final focus,Long,LFP0190,84.73280674213,211.832016855325,81.1573665383391
LF10,Laten vs. Laden,Laten,Interrogative non-final focus,Long,LFP0190,105.916008427662,211.832016855325,81.0719093887626
LF10,Laten vs. Laden,Laten,Interrogative non-final focus,Long,LFP0190,127.099210113195,211.832016855325,81.925771315368
LF10,Laten vs. Laden,Laten,Interrogative non-final focus,Long,LFP0190,148.282411798727,211.832016855325,83.2733383900933
LF10,Laten vs. Laden,Laten,Interrogative non-final focus,Long,LFP0190,169.46561348426,211.832016855325,81.1908084787879
LF10,Laten vs. Laden,Laten,Interrogative non-final focus,Long,LFP0190,190.648815169793,211.832016855325,79.1340766602022
LF01,Ries vs. Riez,Ries,Interrogative non-final focus,Long,LFP0191,0,141.039944098132,67.7071854764901
LF01,Ries vs. Riez,Ries,Interrogative non-final focus,Long,LFP0191,14.1039944098131,141.039944098132,70.5083612666232
LF01,Ries vs. Riez,Ries,Interrogative non-final focus,Long,LFP0191,28.2079888196264,141.039944098132,70.1121589482308
LF01,Ries vs. Riez,Ries,Interrogative non-final focus,Long,LFP0191,42.3119832294395,141.039944098132,67.6743510741344
LF01,Ries vs. Riez,Ries,Interrogative non-final focus,Long,LFP0191,56.4159776392527,141.039944098132,67.2602617197458
LF01,Ries vs. Riez,Ries,Interrogative non-final focus,Long,LFP0191,70.5199720490658,141.039944098132,65.103957516825
LF01,Ries vs. Riez,Ries,Interrogative non-final focus,Long,LFP0191,84.623966458879,141.039944098132,64.0639297966742
LF01,Ries vs. Riez,Ries,Interrogative non-final focus,Long,LFP0191,98.7279608686922,141.039944098132,64.4578181932227
LF01,Ries vs. Riez,Ries,Interrogative non-final focus,Long,LFP0191,112.831955278505,141.039944098132,64.7604294544339
LF01,Ries vs. Riez,Ries,Interrogative non-final focus,Long,LFP0191,126.935949688319,141.039944098132,66.5740496216337
LF02,Ries vs. Riez,Ries,Interrogative non-final focus,Long,LFP0192,0,93.53173582809,68.7516759297897
LF02,Ries vs. Riez,Ries,Interrogative non-final focus,Long,LFP0192,9.35317358280896,93.53173582809,69.6710529127206
LF02,Ries vs. Riez,Ries,Interrogative non-final focus,Long,LFP0192,18.706347165618,93.53173582809,68.3241135503485
LF02,Ries vs. Riez,Ries,Interrogative non-final focus,Long,LFP0192,28.059520748427,93.53173582809,66.1404511095032
LF02,Ries vs. Riez,Ries,Interrogative non-final focus,Long,LFP0192,37.4126943312361,93.53173582809,65.3896574995725
LF02,Ries vs. Riez,Ries,Interrogative non-final focus,Long,LFP0192,46.765867914045,93.53173582809,64.9314306152451
LF02,Ries vs. Riez,Ries,Interrogative non-final focus,Long,LFP0192,56.119041496854,93.53173582809,64.2998117373468
LF02,Ries vs. Riez,Ries,Interrogative non-final focus,Long,LFP0192,65.4722150796631,93.53173582809,64.8351266658955
LF02,Ries vs. Riez,Ries,Interrogative non-final focus,Long,LFP0192,74.825388662472,93.53173582809,65.5226744173857
LF02,Ries vs. Riez,Ries,Interrogative non-final focus,Long,LFP0192,84.1785622452811,93.53173582809,64.2983344014189
LF03,Ries vs. Riez,Ries,Interrogative non-final focus,Long,LFP0193,0,181.212075262584,58.8823560505875
LF03,Ries vs. Riez,Ries,Interrogative non-final focus,Long,LFP0193,18.1212075262585,181.212075262584,62.9660501756352
LF03,Ries vs. Riez,Ries,Interrogative non-final focus,Long,LFP0193,36.2424150525169,181.212075262584,65.1479939680322
LF03,Ries vs. Riez,Ries,Interrogative non-final focus,Long,LFP0193,54.3636225787754,181.212075262584,63.3666873858939
LF03,Ries vs. Riez,Ries,Interrogative non-final focus,Long,LFP0193,72.4848301050338,181.212075262584,61.5608345305682
LF03,Ries vs. Riez,Ries,Interrogative non-final focus,Long,LFP0193,90.6060376312923,181.212075262584,60.8840557276736
LF03,Ries vs. Riez,Ries,Interrogative non-final focus,Long,LFP0193,108.72724515755,181.212075262584,63.1490085886814
LF03,Ries vs. Riez,Ries,Interrogative non-final focus,Long,LFP0193,126.848452683809,181.212075262584,62.7766484476823
LF03,Ries vs. Riez,Ries,Interrogative non-final focus,Long,LFP0193,144.969660210067,181.212075262584,60.0980460537172
LF03,Ries vs. Riez,Ries,Interrogative non-final focus,Long,LFP0193,163.090867736326,181.212075262584,58.5826160341181
LF04,Ries vs. Riez,Ries,Interrogative non-final focus,Long,LFP0194,0,152.170212000144,61.6463467439541
LF04,Ries vs. Riez,Ries,Interrogative non-final focus,Long,LFP0194,15.2170212000144,152.170212000144,63.7758651468723
LF04,Ries vs. Riez,Ries,Interrogative non-final focus,Long,LFP0194,30.4340424000288,152.170212000144,65.3010438295185
LF04,Ries vs. Riez,Ries,Interrogative non-final focus,Long,LFP0194,45.6510636000432,152.170212000144,67.3633821100727
LF04,Ries vs. Riez,Ries,Interrogative non-final focus,Long,LFP0194,60.8680848000576,152.170212000144,68.7247436513
LF04,Ries vs. Riez,Ries,Interrogative non-final focus,Long,LFP0194,76.085106000072,152.170212000144,68.235377439297
LF04,Ries vs. Riez,Ries,Interrogative non-final focus,Long,LFP0194,91.3021272000865,152.170212000144,66.4922470959497
LF04,Ries vs. Riez,Ries,Interrogative non-final focus,Long,LFP0194,106.519148400101,152.170212000144,64.1963313709843
LF04,Ries vs. Riez,Ries,Interrogative non-final focus,Long,LFP0194,121.736169600115,152.170212000144,63.3246935261739
LF04,Ries vs. Riez,Ries,Interrogative non-final focus,Long,LFP0194,136.95319080013,152.170212000144,62.7734763361441
LF05,Ries vs. Riez,Ries,Interrogative non-final focus,Long,LFP0195,0,133.460264562791,62.9364262631385
LF05,Ries vs. Riez,Ries,Interrogative non-final focus,Long,LFP0195,13.346026456279,133.460264562791,64.8207904397297
LF05,Ries vs. Riez,Ries,Interrogative non-final focus,Long,LFP0195,26.6920529125582,133.460264562791,66.2276422330797
LF05,Ries vs. Riez,Ries,Interrogative non-final focus,Long,LFP0195,40.0380793688372,133.460264562791,67.9930756286997
LF05,Ries vs. Riez,Ries,Interrogative non-final focus,Long,LFP0195,53.3841058251163,133.460264562791,69.9131029425521
LF05,Ries vs. Riez,Ries,Interrogative non-final focus,Long,LFP0195,66.7301322813954,133.460264562791,71.8472573332162
LF05,Ries vs. Riez,Ries,Interrogative non-final focus,Long,LFP0195,80.0761587376744,133.460264562791,72.1056509702635
LF05,Ries vs. Riez,Ries,Interrogative non-final focus,Long,LFP0195,93.4221851939535,133.460264562791,70.2342306867966
LF05,Ries vs. Riez,Ries,Interrogative non-final focus,Long,LFP0195,106.768211650233,133.460264562791,69.115094488467
LF05,Ries vs. Riez,Ries,Interrogative non-final focus,Long,LFP0195,120.114238106512,133.460264562791,68.7903209010897
LF06,Ries vs. Riez,Ries,Interrogative non-final focus,Long,LFP0196,0,129.312385100802,71.9251271828677
LF06,Ries vs. Riez,Ries,Interrogative non-final focus,Long,LFP0196,12.9312385100802,129.312385100802,72.5659900568551
LF06,Ries vs. Riez,Ries,Interrogative non-final focus,Long,LFP0196,25.8624770201603,129.312385100802,72.9168586289973
LF06,Ries vs. Riez,Ries,Interrogative non-final focus,Long,LFP0196,38.7937155302405,129.312385100802,73.1322754187457
LF06,Ries vs. Riez,Ries,Interrogative non-final focus,Long,LFP0196,51.7249540403206,129.312385100802,72.8663888429704
LF06,Ries vs. Riez,Ries,Interrogative non-final focus,Long,LFP0196,64.6561925504008,129.312385100802,73.0834456062746
LF06,Ries vs. Riez,Ries,Interrogative non-final focus,Long,LFP0196,77.5874310604809,129.312385100802,72.8254157495195
LF06,Ries vs. Riez,Ries,Interrogative non-final focus,Long,LFP0196,90.5186695705611,129.312385100802,72.5436492296644
LF06,Ries vs. Riez,Ries,Interrogative non-final focus,Long,LFP0196,103.449908080641,129.312385100802,73.0281593600169
LF06,Ries vs. Riez,Ries,Interrogative non-final focus,Long,LFP0196,116.381146590721,129.312385100802,72.8538057996286
LF07,Ries vs. Riez,Ries,Interrogative non-final focus,Long,LFP0197,0,201.468772844188,65.3177215114756
LF07,Ries vs. Riez,Ries,Interrogative non-final focus,Long,LFP0197,20.1468772844189,201.468772844188,69.7877543336359
LF07,Ries vs. Riez,Ries,Interrogative non-final focus,Long,LFP0197,40.2937545688375,201.468772844188,71.1443885202918
LF07,Ries vs. Riez,Ries,Interrogative non-final focus,Long,LFP0197,60.4406318532562,201.468772844188,71.9935467038598
LF07,Ries vs. Riez,Ries,Interrogative non-final focus,Long,LFP0197,80.5875091376751,201.468772844188,71.6655210774629
LF07,Ries vs. Riez,Ries,Interrogative non-final focus,Long,LFP0197,100.734386422094,201.468772844188,69.6398477659173
LF07,Ries vs. Riez,Ries,Interrogative non-final focus,Long,LFP0197,120.881263706513,201.468772844188,71.5275467889397
LF07,Ries vs. Riez,Ries,Interrogative non-final focus,Long,LFP0197,141.028140990931,201.468772844188,71.4321838203723
LF07,Ries vs. Riez,Ries,Interrogative non-final focus,Long,LFP0197,161.17501827535,201.468772844188,70.3459401709341
LF07,Ries vs. Riez,Ries,Interrogative non-final focus,Long,LFP0197,181.321895559769,201.468772844188,67.5292503115083
LF08,Ries vs. Riez,Ries,Interrogative non-final focus,Long,LFP0198,0,134.628869908287,71.8429579115189
LF08,Ries vs. Riez,Ries,Interrogative non-final focus,Long,LFP0198,13.4628869908286,134.628869908287,72.5901300258481
LF08,Ries vs. Riez,Ries,Interrogative non-final focus,Long,LFP0198,26.9257739816575,134.628869908287,72.9475035359841
LF08,Ries vs. Riez,Ries,Interrogative non-final focus,Long,LFP0198,40.3886609724862,134.628869908287,73.1375537969371
LF08,Ries vs. Riez,Ries,Interrogative non-final focus,Long,LFP0198,53.8515479633148,134.628869908287,72.83637451438
LF08,Ries vs. Riez,Ries,Interrogative non-final focus,Long,LFP0198,67.3144349541437,134.628869908287,73.1132732819001
LF08,Ries vs. Riez,Ries,Interrogative non-final focus,Long,LFP0198,80.7773219449723,134.628869908287,72.6421838533499
LF08,Ries vs. Riez,Ries,Interrogative non-final focus,Long,LFP0198,94.240208935801,134.628869908287,72.6695747303919
LF08,Ries vs. Riez,Ries,Interrogative non-final focus,Long,LFP0198,107.70309592663,134.628869908287,73.1488629867981
LF08,Ries vs. Riez,Ries,Interrogative non-final focus,Long,LFP0198,121.165982917459,134.628869908287,72.1462100447387
LF09,Ries vs. Riez,Ries,Interrogative non-final focus,Long,LFP0199,0,120.674673290369,67.3784791716727
LF09,Ries vs. Riez,Ries,Interrogative non-final focus,Long,LFP0199,12.0674673290369,120.674673290369,69.5984997542219
LF09,Ries vs. Riez,Ries,Interrogative non-final focus,Long,LFP0199,24.1349346580737,120.674673290369,70.6383296526168
LF09,Ries vs. Riez,Ries,Interrogative non-final focus,Long,LFP0199,36.2024019871106,120.674673290369,71.237725530484
LF09,Ries vs. Riez,Ries,Interrogative non-final focus,Long,LFP0199,48.2698693161474,120.674673290369,71.0926395956391
LF09,Ries vs. Riez,Ries,Interrogative non-final focus,Long,LFP0199,60.3373366451845,120.674673290369,72.9602837376814
LF09,Ries vs. Riez,Ries,Interrogative non-final focus,Long,LFP0199,72.4048039742213,120.674673290369,73.7209132706398
LF09,Ries vs. Riez,Ries,Interrogative non-final focus,Long,LFP0199,84.4722713032582,120.674673290369,74.1319533590949
LF09,Ries vs. Riez,Ries,Interrogative non-final focus,Long,LFP0199,96.539738632295,120.674673290369,74.3882633975368
LF09,Ries vs. Riez,Ries,Interrogative non-final focus,Long,LFP0199,108.607205961332,120.674673290369,74.9679403127572
LF10,Ries vs. Riez,Ries,Interrogative non-final focus,Long,LFP0200,0,159.947006682228,70.8248048963302
LF10,Ries vs. Riez,Ries,Interrogative non-final focus,Long,LFP0200,15.9947006682228,159.947006682228,74.8219764491362
LF10,Ries vs. Riez,Ries,Interrogative non-final focus,Long,LFP0200,31.9894013364455,159.947006682228,77.5261662909886
LF10,Ries vs. Riez,Ries,Interrogative non-final focus,Long,LFP0200,47.9841020046683,159.947006682228,78.3646065046856
LF10,Ries vs. Riez,Ries,Interrogative non-final focus,Long,LFP0200,63.9788026728911,159.947006682228,74.3868560379961
LF10,Ries vs. Riez,Ries,Interrogative non-final focus,Long,LFP0200,79.9735033411138,159.947006682228,72.3045538636106
LF10,Ries vs. Riez,Ries,Interrogative non-final focus,Long,LFP0200,95.9682040093366,159.947006682228,72.6138838542211
LF10,Ries vs. Riez,Ries,Interrogative non-final focus,Long,LFP0200,111.962904677559,159.947006682228,72.831923203272
LF10,Ries vs. Riez,Ries,Interrogative non-final focus,Long,LFP0200,127.957605345782,159.947006682228,71.536604908029
LF10,Ries vs. Riez,Ries,Interrogative non-final focus,Long,LFP0200,143.952306014005,159.947006682228,66.6126052254735
LF01,Rieten vs. Rieden,Rieten,Interrogative non-final focus,Long,LFP0201,0,203.963210994366,62.6423159391504
LF01,Rieten vs. Rieden,Rieten,Interrogative non-final focus,Long,LFP0201,20.3963210994367,203.963210994366,68.3909477529648
LF01,Rieten vs. Rieden,Rieten,Interrogative non-final focus,Long,LFP0201,40.7926421988731,203.963210994366,69.8751621008225
LF01,Rieten vs. Rieden,Rieten,Interrogative non-final focus,Long,LFP0201,61.1889632983096,203.963210994366,67.8830768122116
LF01,Rieten vs. Rieden,Rieten,Interrogative non-final focus,Long,LFP0201,81.5852843977463,203.963210994366,63.9714716044993
LF01,Rieten vs. Rieden,Rieten,Interrogative non-final focus,Long,LFP0201,101.981605497183,203.963210994366,66.6297377891558
LF01,Rieten vs. Rieden,Rieten,Interrogative non-final focus,Long,LFP0201,122.377926596619,203.963210994366,62.1668793574104
LF01,Rieten vs. Rieden,Rieten,Interrogative non-final focus,Long,LFP0201,142.774247696056,203.963210994366,56.8773757467494
LF01,Rieten vs. Rieden,Rieten,Interrogative non-final focus,Long,LFP0201,163.170568795493,203.963210994366,57.4594149965352
LF01,Rieten vs. Rieden,Rieten,Interrogative non-final focus,Long,LFP0201,183.566889894929,203.963210994366,57.0503845046385
LF02,Rieten vs. Rieden,Rieten,Interrogative non-final focus,Long,LFP0202,0,128.12741288317,67.5055240383468
LF02,Rieten vs. Rieden,Rieten,Interrogative non-final focus,Long,LFP0202,12.812741288317,128.12741288317,69.7152324002724
LF02,Rieten vs. Rieden,Rieten,Interrogative non-final focus,Long,LFP0202,25.625482576634,128.12741288317,70.4197852745635
LF02,Rieten vs. Rieden,Rieten,Interrogative non-final focus,Long,LFP0202,38.4382238649508,128.12741288317,70.4527641422204
LF02,Rieten vs. Rieden,Rieten,Interrogative non-final focus,Long,LFP0202,51.2509651532678,128.12741288317,69.9531114603276
LF02,Rieten vs. Rieden,Rieten,Interrogative non-final focus,Long,LFP0202,64.0637064415848,128.12741288317,68.4697258188929
LF02,Rieten vs. Rieden,Rieten,Interrogative non-final focus,Long,LFP0202,76.8764477299018,128.12741288317,65.9014519319625
LF02,Rieten vs. Rieden,Rieten,Interrogative non-final focus,Long,LFP0202,89.6891890182188,128.12741288317,62.1896098907027
LF02,Rieten vs. Rieden,Rieten,Interrogative non-final focus,Long,LFP0202,102.501930306536,128.12741288317,58.9503246851609
LF02,Rieten vs. Rieden,Rieten,Interrogative non-final focus,Long,LFP0202,115.314671594853,128.12741288317,59.45556728946
LF03,Rieten vs. Rieden,Rieten,Interrogative non-final focus,Long,LFP0203,0,177.30325136811,65.31000111391
LF03,Rieten vs. Rieden,Rieten,Interrogative non-final focus,Long,LFP0203,17.7303251368111,177.30325136811,67.627176865208
LF03,Rieten vs. Rieden,Rieten,Interrogative non-final focus,Long,LFP0203,35.4606502736219,177.30325136811,66.5882773177711
LF03,Rieten vs. Rieden,Rieten,Interrogative non-final focus,Long,LFP0203,53.1909754104329,177.30325136811,64.6867336729322
LF03,Rieten vs. Rieden,Rieten,Interrogative non-final focus,Long,LFP0203,70.921300547244,177.30325136811,64.2480920348402
LF03,Rieten vs. Rieden,Rieten,Interrogative non-final focus,Long,LFP0203,88.651625684055,177.30325136811,65.3436168685662
LF03,Rieten vs. Rieden,Rieten,Interrogative non-final focus,Long,LFP0203,106.381950820866,177.30325136811,59.7342816911222
LF03,Rieten vs. Rieden,Rieten,Interrogative non-final focus,Long,LFP0203,124.112275957677,177.30325136811,59.4606403602794
LF03,Rieten vs. Rieden,Rieten,Interrogative non-final focus,Long,LFP0203,141.842601094488,177.30325136811,61.9777761542586
LF03,Rieten vs. Rieden,Rieten,Interrogative non-final focus,Long,LFP0203,159.572926231299,177.30325136811,59.8510118216344
LF04,Rieten vs. Rieden,Rieten,Interrogative non-final focus,Long,LFP0204,0,123.71859227562,61.9095387762772
LF04,Rieten vs. Rieden,Rieten,Interrogative non-final focus,Long,LFP0204,12.371859227562,123.71859227562,64.740746114809
LF04,Rieten vs. Rieden,Rieten,Interrogative non-final focus,Long,LFP0204,24.743718455124,123.71859227562,66.6595998993763
LF04,Rieten vs. Rieden,Rieten,Interrogative non-final focus,Long,LFP0204,37.115577682686,123.71859227562,66.5880408153836
LF04,Rieten vs. Rieden,Rieten,Interrogative non-final focus,Long,LFP0204,49.487436910248,123.71859227562,63.3424674877173
LF04,Rieten vs. Rieden,Rieten,Interrogative non-final focus,Long,LFP0204,61.8592961378099,123.71859227562,62.0983893145341
LF04,Rieten vs. Rieden,Rieten,Interrogative non-final focus,Long,LFP0204,74.2311553653719,123.71859227562,61.4295522559997
LF04,Rieten vs. Rieden,Rieten,Interrogative non-final focus,Long,LFP0204,86.603014592934,123.71859227562,62.7222347316793
LF04,Rieten vs. Rieden,Rieten,Interrogative non-final focus,Long,LFP0204,98.974873820496,123.71859227562,60.8717800449942
LF04,Rieten vs. Rieden,Rieten,Interrogative non-final focus,Long,LFP0204,111.346733048058,123.71859227562,58.5969302590066
LF05,Rieten vs. Rieden,Rieten,Interrogative non-final focus,Long,LFP0205,0,139.313719886179,68.0094574752682
LF05,Rieten vs. Rieden,Rieten,Interrogative non-final focus,Long,LFP0205,13.931371988618,139.313719886179,72.1736607736556
LF05,Rieten vs. Rieden,Rieten,Interrogative non-final focus,Long,LFP0205,27.8627439772359,139.313719886179,75.2118137097608
LF05,Rieten vs. Rieden,Rieten,Interrogative non-final focus,Long,LFP0205,41.7941159658537,139.313719886179,76.7074416616311
LF05,Rieten vs. Rieden,Rieten,Interrogative non-final focus,Long,LFP0205,55.7254879544717,139.313719886179,77.3748518245881
LF05,Rieten vs. Rieden,Rieten,Interrogative non-final focus,Long,LFP0205,69.6568599430898,139.313719886179,77.3179621077409
LF05,Rieten vs. Rieden,Rieten,Interrogative non-final focus,Long,LFP0205,83.5882319317076,139.313719886179,73.2948542613137
LF05,Rieten vs. Rieden,Rieten,Interrogative non-final focus,Long,LFP0205,97.5196039203254,139.313719886179,66.4184031317927
LF05,Rieten vs. Rieden,Rieten,Interrogative non-final focus,Long,LFP0205,111.450975908943,139.313719886179,64.7135790004282
LF05,Rieten vs. Rieden,Rieten,Interrogative non-final focus,Long,LFP0205,125.382347897562,139.313719886179,64.9934274569177
LF06,Rieten vs. Rieden,Rieten,Interrogative non-final focus,Long,LFP0206,0,118.438821986284,72.3977596482617
LF06,Rieten vs. Rieden,Rieten,Interrogative non-final focus,Long,LFP0206,11.8438821986284,118.438821986284,76.7752099190994
LF06,Rieten vs. Rieden,Rieten,Interrogative non-final focus,Long,LFP0206,23.6877643972568,118.438821986284,77.9462919302142
LF06,Rieten vs. Rieden,Rieten,Interrogative non-final focus,Long,LFP0206,35.5316465958854,118.438821986284,76.40751137695
LF06,Rieten vs. Rieden,Rieten,Interrogative non-final focus,Long,LFP0206,47.3755287945138,118.438821986284,75.6102934349133
LF06,Rieten vs. Rieden,Rieten,Interrogative non-final focus,Long,LFP0206,59.2194109931422,118.438821986284,76.5409966587113
LF06,Rieten vs. Rieden,Rieten,Interrogative non-final focus,Long,LFP0206,71.0632931917706,118.438821986284,75.5865868694475
LF06,Rieten vs. Rieden,Rieten,Interrogative non-final focus,Long,LFP0206,82.907175390399,118.438821986284,74.3028924984063
LF06,Rieten vs. Rieden,Rieten,Interrogative non-final focus,Long,LFP0206,94.7510575890276,118.438821986284,74.5730618919376
LF06,Rieten vs. Rieden,Rieten,Interrogative non-final focus,Long,LFP0206,106.594939787656,118.438821986284,75.0318918180964
LF07,Rieten vs. Rieden,Rieten,Interrogative non-final focus,Long,LFP0207,0,154.26188504895,65.1237567689745
LF07,Rieten vs. Rieden,Rieten,Interrogative non-final focus,Long,LFP0207,15.426188504895,154.26188504895,68.3086544176297
LF07,Rieten vs. Rieden,Rieten,Interrogative non-final focus,Long,LFP0207,30.8523770097899,154.26188504895,69.9159560806822
LF07,Rieten vs. Rieden,Rieten,Interrogative non-final focus,Long,LFP0207,46.2785655146849,154.26188504895,72.2403488018353
LF07,Rieten vs. Rieden,Rieten,Interrogative non-final focus,Long,LFP0207,61.7047540195799,154.26188504895,71.9869478179188
LF07,Rieten vs. Rieden,Rieten,Interrogative non-final focus,Long,LFP0207,77.1309425244748,154.26188504895,69.4056861021962
LF07,Rieten vs. Rieden,Rieten,Interrogative non-final focus,Long,LFP0207,92.5571310293698,154.26188504895,66.9085650327979
LF07,Rieten vs. Rieden,Rieten,Interrogative non-final focus,Long,LFP0207,107.983319534265,154.26188504895,64.0507951398572
LF07,Rieten vs. Rieden,Rieten,Interrogative non-final focus,Long,LFP0207,123.40950803916,154.26188504895,61.7788344504715
LF07,Rieten vs. Rieden,Rieten,Interrogative non-final focus,Long,LFP0207,138.835696544055,154.26188504895,62.201239936144
LF08,Rieten vs. Rieden,Rieten,Interrogative non-final focus,Long,LFP0208,0,134.049648244926,72.1355063208971
LF08,Rieten vs. Rieden,Rieten,Interrogative non-final focus,Long,LFP0208,13.4049648244926,134.049648244926,76.96842533343
LF08,Rieten vs. Rieden,Rieten,Interrogative non-final focus,Long,LFP0208,26.8099296489851,134.049648244926,77.8046705165006
LF08,Rieten vs. Rieden,Rieten,Interrogative non-final focus,Long,LFP0208,40.2148944734777,134.049648244926,75.7564112616651
LF08,Rieten vs. Rieden,Rieten,Interrogative non-final focus,Long,LFP0208,53.6198592979702,134.049648244926,76.158534495425
LF08,Rieten vs. Rieden,Rieten,Interrogative non-final focus,Long,LFP0208,67.0248241224628,134.049648244926,76.2220799726463
LF08,Rieten vs. Rieden,Rieten,Interrogative non-final focus,Long,LFP0208,80.4297889469554,134.049648244926,74.4537088498203
LF08,Rieten vs. Rieden,Rieten,Interrogative non-final focus,Long,LFP0208,93.8347537714479,134.049648244926,74.4968883672214
LF08,Rieten vs. Rieden,Rieten,Interrogative non-final focus,Long,LFP0208,107.23971859594,134.049648244926,75.033875502052
LF08,Rieten vs. Rieden,Rieten,Interrogative non-final focus,Long,LFP0208,120.644683420433,134.049648244926,73.7038789308448
LF09,Rieten vs. Rieden,Rieten,Interrogative non-final focus,Long,LFP0209,0,181.298712096174,60.3402371368156
LF09,Rieten vs. Rieden,Rieten,Interrogative non-final focus,Long,LFP0209,18.1298712096174,181.298712096174,63.0006891233648
LF09,Rieten vs. Rieden,Rieten,Interrogative non-final focus,Long,LFP0209,36.2597424192349,181.298712096174,65.0490481940412
LF09,Rieten vs. Rieden,Rieten,Interrogative non-final focus,Long,LFP0209,54.3896136288523,181.298712096174,65.2619616768041
LF09,Rieten vs. Rieden,Rieten,Interrogative non-final focus,Long,LFP0209,72.5194848384698,181.298712096174,65.3239988029629
LF09,Rieten vs. Rieden,Rieten,Interrogative non-final focus,Long,LFP0209,90.6493560480872,181.298712096174,65.6993916036103
LF09,Rieten vs. Rieden,Rieten,Interrogative non-final focus,Long,LFP0209,108.779227257705,181.298712096174,64.8954108779948
LF09,Rieten vs. Rieden,Rieten,Interrogative non-final focus,Long,LFP0209,126.909098467322,181.298712096174,62.4556491330271
LF09,Rieten vs. Rieden,Rieten,Interrogative non-final focus,Long,LFP0209,145.03896967694,181.298712096174,61.6570086435893
LF09,Rieten vs. Rieden,Rieten,Interrogative non-final focus,Long,LFP0209,163.168840886557,181.298712096174,62.49931697287
LF10,Rieten vs. Rieden,Rieten,Interrogative non-final focus,Long,LFP0210,0,123.880639958413,72.4275727519259
LF10,Rieten vs. Rieden,Rieten,Interrogative non-final focus,Long,LFP0210,12.3880639958412,123.880639958413,73.9557574545886
LF10,Rieten vs. Rieden,Rieten,Interrogative non-final focus,Long,LFP0210,24.7761279916825,123.880639958413,75.5562402220597
LF10,Rieten vs. Rieden,Rieten,Interrogative non-final focus,Long,LFP0210,37.1641919875237,123.880639958413,75.4874866736222
LF10,Rieten vs. Rieden,Rieten,Interrogative non-final focus,Long,LFP0210,49.552255983365,123.880639958413,72.5030066169831
LF10,Rieten vs. Rieden,Rieten,Interrogative non-final focus,Long,LFP0210,61.9403199792062,123.880639958413,67.9422185570262
LF10,Rieten vs. Rieden,Rieten,Interrogative non-final focus,Long,LFP0210,74.3283839750476,123.880639958413,67.7383665789287
LF10,Rieten vs. Rieden,Rieten,Interrogative non-final focus,Long,LFP0210,86.7164479708889,123.880639958413,67.0948723447879
LF10,Rieten vs. Rieden,Rieten,Interrogative non-final focus,Long,LFP0210,99.1045119667301,123.880639958413,67.015353751547
LF10,Rieten vs. Rieden,Rieten,Interrogative non-final focus,Long,LFP0210,111.492575962571,123.880639958413,66.3314737153043
LF01,Siet vs. Sied,Siet,Interrogative non-final focus,Long,LFP0211,0,194.420175613919,64.8514808613327
LF01,Siet vs. Sied,Siet,Interrogative non-final focus,Long,LFP0211,19.4420175613919,194.420175613919,67.9901156557858
LF01,Siet vs. Sied,Siet,Interrogative non-final focus,Long,LFP0211,38.8840351227839,194.420175613919,67.6150511145518
LF01,Siet vs. Sied,Siet,Interrogative non-final focus,Long,LFP0211,58.3260526841758,194.420175613919,66.5180025269724
LF01,Siet vs. Sied,Siet,Interrogative non-final focus,Long,LFP0211,77.7680702455676,194.420175613919,66.7620626284847
LF01,Siet vs. Sied,Siet,Interrogative non-final focus,Long,LFP0211,97.2100878069597,194.420175613919,65.1993252313068
LF01,Siet vs. Sied,Siet,Interrogative non-final focus,Long,LFP0211,116.652105368352,194.420175613919,63.4081301197938
LF01,Siet vs. Sied,Siet,Interrogative non-final focus,Long,LFP0211,136.094122929743,194.420175613919,58.18309511623
LF01,Siet vs. Sied,Siet,Interrogative non-final focus,Long,LFP0211,155.536140491135,194.420175613919,55.9917531104963
LF01,Siet vs. Sied,Siet,Interrogative non-final focus,Long,LFP0211,174.978158052527,194.420175613919,57.7143856518158
LF02,Siet vs. Sied,Siet,Interrogative non-final focus,Long,LFP0212,0,122.641229189044,61.2716834444061
LF02,Siet vs. Sied,Siet,Interrogative non-final focus,Long,LFP0212,12.2641229189044,122.641229189044,65.0521042237892
LF02,Siet vs. Sied,Siet,Interrogative non-final focus,Long,LFP0212,24.5282458378088,122.641229189044,66.8453562113307
LF02,Siet vs. Sied,Siet,Interrogative non-final focus,Long,LFP0212,36.7923687567132,122.641229189044,65.4616250271667
LF02,Siet vs. Sied,Siet,Interrogative non-final focus,Long,LFP0212,49.0564916756177,122.641229189044,62.9076924002288
LF02,Siet vs. Sied,Siet,Interrogative non-final focus,Long,LFP0212,61.3206145945221,122.641229189044,61.4032497252204
LF02,Siet vs. Sied,Siet,Interrogative non-final focus,Long,LFP0212,73.5847375134264,122.641229189044,58.9071499510987
LF02,Siet vs. Sied,Siet,Interrogative non-final focus,Long,LFP0212,85.8488604323309,122.641229189044,58.7779560629691
LF02,Siet vs. Sied,Siet,Interrogative non-final focus,Long,LFP0212,98.1129833512353,122.641229189044,59.073088100953
LF02,Siet vs. Sied,Siet,Interrogative non-final focus,Long,LFP0212,110.37710627014,122.641229189044,57.3985872438643
LF03,Siet vs. Sied,Siet,Interrogative non-final focus,Long,LFP0213,0,179.973901573036,58.7921573794724
LF03,Siet vs. Sied,Siet,Interrogative non-final focus,Long,LFP0213,17.9973901573036,179.973901573036,61.3464013873845
LF03,Siet vs. Sied,Siet,Interrogative non-final focus,Long,LFP0213,35.9947803146072,179.973901573036,63.0636075149497
LF03,Siet vs. Sied,Siet,Interrogative non-final focus,Long,LFP0213,53.9921704719109,179.973901573036,62.0726141174575
LF03,Siet vs. Sied,Siet,Interrogative non-final focus,Long,LFP0213,71.9895606292145,179.973901573036,58.0935423134227
LF03,Siet vs. Sied,Siet,Interrogative non-final focus,Long,LFP0213,89.9869507865181,179.973901573036,54.9766580378045
LF03,Siet vs. Sied,Siet,Interrogative non-final focus,Long,LFP0213,107.984340943822,179.973901573036,56.2568500496976
LF03,Siet vs. Sied,Siet,Interrogative non-final focus,Long,LFP0213,125.981731101126,179.973901573036,57.7096722885771
LF03,Siet vs. Sied,Siet,Interrogative non-final focus,Long,LFP0213,143.979121258429,179.973901573036,56.0510244906703
LF03,Siet vs. Sied,Siet,Interrogative non-final focus,Long,LFP0213,161.976511415733,179.973901573036,53.9866129563094
LF04,Siet vs. Sied,Siet,Interrogative non-final focus,Long,LFP0214,0,187.394596136327,65.0464018392733
LF04,Siet vs. Sied,Siet,Interrogative non-final focus,Long,LFP0214,18.7394596136327,187.394596136327,66.1393190951512
LF04,Siet vs. Sied,Siet,Interrogative non-final focus,Long,LFP0214,37.4789192272654,187.394596136327,63.6497715404275
LF04,Siet vs. Sied,Siet,Interrogative non-final focus,Long,LFP0214,56.218378840898,187.394596136327,60.9730034042494
LF04,Siet vs. Sied,Siet,Interrogative non-final focus,Long,LFP0214,74.9578384545307,187.394596136327,64.1356272822158
LF04,Siet vs. Sied,Siet,Interrogative non-final focus,Long,LFP0214,93.6972980681635,187.394596136327,60.8651738510888
LF04,Siet vs. Sied,Siet,Interrogative non-final focus,Long,LFP0214,112.436757681796,187.394596136327,57.7765008635905
LF04,Siet vs. Sied,Siet,Interrogative non-final focus,Long,LFP0214,131.176217295429,187.394596136327,56.3645095450248
LF04,Siet vs. Sied,Siet,Interrogative non-final focus,Long,LFP0214,149.915676909062,187.394596136327,53.7673990299742
LF04,Siet vs. Sied,Siet,Interrogative non-final focus,Long,LFP0214,168.655136522694,187.394596136327,50.6013921504367
LF05,Siet vs. Sied,Siet,Interrogative non-final focus,Long,LFP0215,0,201.503258801999,62.1477420619607
LF05,Siet vs. Sied,Siet,Interrogative non-final focus,Long,LFP0215,20.1503258801999,201.503258801999,66.4490398420852
LF05,Siet vs. Sied,Siet,Interrogative non-final focus,Long,LFP0215,40.3006517603999,201.503258801999,70.318815169146
LF05,Siet vs. Sied,Siet,Interrogative non-final focus,Long,LFP0215,60.4509776405998,201.503258801999,73.6601789976228
LF05,Siet vs. Sied,Siet,Interrogative non-final focus,Long,LFP0215,80.6013035207996,201.503258801999,76.3338007684212
LF05,Siet vs. Sied,Siet,Interrogative non-final focus,Long,LFP0215,100.751629401,201.503258801999,74.9416919443702
LF05,Siet vs. Sied,Siet,Interrogative non-final focus,Long,LFP0215,120.9019552812,201.503258801999,66.7773734349207
LF05,Siet vs. Sied,Siet,Interrogative non-final focus,Long,LFP0215,141.0522811614,201.503258801999,61.5836915110696
LF05,Siet vs. Sied,Siet,Interrogative non-final focus,Long,LFP0215,161.202607041599,201.503258801999,53.4423870517407
LF05,Siet vs. Sied,Siet,Interrogative non-final focus,Long,LFP0215,181.352932921799,201.503258801999,48.9701987309765
LF06,Siet vs. Sied,Siet,Interrogative non-final focus,Long,LFP0216,0,172.019340824088,66.4675866877216
LF06,Siet vs. Sied,Siet,Interrogative non-final focus,Long,LFP0216,17.2019340824088,172.019340824088,71.8088926902207
LF06,Siet vs. Sied,Siet,Interrogative non-final focus,Long,LFP0216,34.4038681648176,172.019340824088,75.4641216702725
LF06,Siet vs. Sied,Siet,Interrogative non-final focus,Long,LFP0216,51.6058022472263,172.019340824088,76.8427647875696
LF06,Siet vs. Sied,Siet,Interrogative non-final focus,Long,LFP0216,68.8077363296351,172.019340824088,77.4188418009639
LF06,Siet vs. Sied,Siet,Interrogative non-final focus,Long,LFP0216,86.0096704120437,172.019340824088,76.7966910759999
LF06,Siet vs. Sied,Siet,Interrogative non-final focus,Long,LFP0216,103.211604494452,172.019340824088,74.7280910275432
LF06,Siet vs. Sied,Siet,Interrogative non-final focus,Long,LFP0216,120.413538576861,172.019340824088,70.0730993858402
LF06,Siet vs. Sied,Siet,Interrogative non-final focus,Long,LFP0216,137.61547265927,172.019340824088,62.7944000815352
LF06,Siet vs. Sied,Siet,Interrogative non-final focus,Long,LFP0216,154.817406741679,172.019340824088,59.9148073135352
LF07,Siet vs. Sied,Siet,Interrogative non-final focus,Long,LFP0217,0,141.699472108761,63.2331407433553
LF07,Siet vs. Sied,Siet,Interrogative non-final focus,Long,LFP0217,14.1699472108761,141.699472108761,66.462059139981
LF07,Siet vs. Sied,Siet,Interrogative non-final focus,Long,LFP0217,28.3398944217522,141.699472108761,68.5228837217765
LF07,Siet vs. Sied,Siet,Interrogative non-final focus,Long,LFP0217,42.5098416326283,141.699472108761,69.2610614293483
LF07,Siet vs. Sied,Siet,Interrogative non-final focus,Long,LFP0217,56.6797888435043,141.699472108761,69.0058181121978
LF07,Siet vs. Sied,Siet,Interrogative non-final focus,Long,LFP0217,70.8497360543805,141.699472108761,69.5324510261401
LF07,Siet vs. Sied,Siet,Interrogative non-final focus,Long,LFP0217,85.0196832652565,141.699472108761,70.3768046383343
LF07,Siet vs. Sied,Siet,Interrogative non-final focus,Long,LFP0217,99.1896304761326,141.699472108761,69.4778159098634
LF07,Siet vs. Sied,Siet,Interrogative non-final focus,Long,LFP0217,113.359577687009,141.699472108761,68.9422479639455
LF07,Siet vs. Sied,Siet,Interrogative non-final focus,Long,LFP0217,127.529524897885,141.699472108761,68.4512922047985
LF08,Siet vs. Sied,Siet,Interrogative non-final focus,Long,LFP0218,0,177.446590377041,67.5355493678793
LF08,Siet vs. Sied,Siet,Interrogative non-final focus,Long,LFP0218,17.7446590377042,177.446590377041,72.8510742560324
LF08,Siet vs. Sied,Siet,Interrogative non-final focus,Long,LFP0218,35.4893180754083,177.446590377041,76.1678232654002
LF08,Siet vs. Sied,Siet,Interrogative non-final focus,Long,LFP0218,53.2339771131125,177.446590377041,76.8985050671235
LF08,Siet vs. Sied,Siet,Interrogative non-final focus,Long,LFP0218,70.9786361508167,177.446590377041,77.4652106861473
LF08,Siet vs. Sied,Siet,Interrogative non-final focus,Long,LFP0218,88.7232951885209,177.446590377041,76.1417228354962
LF08,Siet vs. Sied,Siet,Interrogative non-final focus,Long,LFP0218,106.467954226225,177.446590377041,73.454583034711
LF08,Siet vs. Sied,Siet,Interrogative non-final focus,Long,LFP0218,124.212613263929,177.446590377041,66.6530809841085
LF08,Siet vs. Sied,Siet,Interrogative non-final focus,Long,LFP0218,141.957272301633,177.446590377041,61.3276603179122
LF08,Siet vs. Sied,Siet,Interrogative non-final focus,Long,LFP0218,159.701931339337,177.446590377041,58.0946734275454
LF09,Siet vs. Sied,Siet,Interrogative non-final focus,Long,LFP0219,0,149.408925386956,60.8175293799364
LF09,Siet vs. Sied,Siet,Interrogative non-final focus,Long,LFP0219,14.9408925386956,149.408925386956,64.002223774862
LF09,Siet vs. Sied,Siet,Interrogative non-final focus,Long,LFP0219,29.8817850773914,149.408925386956,65.5383053881501
LF09,Siet vs. Sied,Siet,Interrogative non-final focus,Long,LFP0219,44.8226776160869,149.408925386956,65.152988738406
LF09,Siet vs. Sied,Siet,Interrogative non-final focus,Long,LFP0219,59.7635701547825,149.408925386956,64.3949009230719
LF09,Siet vs. Sied,Siet,Interrogative non-final focus,Long,LFP0219,74.7044626934781,149.408925386956,63.7118262006231
LF09,Siet vs. Sied,Siet,Interrogative non-final focus,Long,LFP0219,89.6453552321739,149.408925386956,62.460033205221
LF09,Siet vs. Sied,Siet,Interrogative non-final focus,Long,LFP0219,104.586247770869,149.408925386956,58.8084035440404
LF09,Siet vs. Sied,Siet,Interrogative non-final focus,Long,LFP0219,119.527140309565,149.408925386956,53.7495575900345
LF09,Siet vs. Sied,Siet,Interrogative non-final focus,Long,LFP0219,134.468032848261,149.408925386956,56.0501730588297
LF10,Siet vs. Sied,Siet,Interrogative non-final focus,Long,LFP0220,0,173.764507078135,65.0828533113597
LF10,Siet vs. Sied,Siet,Interrogative non-final focus,Long,LFP0220,17.3764507078136,173.764507078135,71.8371815026497
LF10,Siet vs. Sied,Siet,Interrogative non-final focus,Long,LFP0220,34.7529014156269,173.764507078135,72.9612126000528
LF10,Siet vs. Sied,Siet,Interrogative non-final focus,Long,LFP0220,52.1293521234405,173.764507078135,69.7515593061655
LF10,Siet vs. Sied,Siet,Interrogative non-final focus,Long,LFP0220,69.5058028312538,173.764507078135,66.5299641169532
LF10,Siet vs. Sied,Siet,Interrogative non-final focus,Long,LFP0220,86.8822535390674,173.764507078135,63.2716842632632
LF10,Siet vs. Sied,Siet,Interrogative non-final focus,Long,LFP0220,104.258704246881,173.764507078135,69.9177215896094
LF10,Siet vs. Sied,Siet,Interrogative non-final focus,Long,LFP0220,121.635154954694,173.764507078135,68.9413137732333
LF10,Siet vs. Sied,Siet,Interrogative non-final focus,Long,LFP0220,139.011605662508,173.764507078135,62.1252853926363
LF10,Siet vs. Sied,Siet,Interrogative non-final focus,Long,LFP0220,156.388056370321,173.764507078135,62.2834854415206
LF01,Swien vs. Swiien,Swien,Interrogative non-final focus,Long,LFP0221,0,102.369907077259,73.8067886051918
LF01,Swien vs. Swiien,Swien,Interrogative non-final focus,Long,LFP0221,10.236990707726,102.369907077259,73.8775144325967
LF01,Swien vs. Swiien,Swien,Interrogative non-final focus,Long,LFP0221,20.4739814154518,102.369907077259,72.7607904743151
LF01,Swien vs. Swiien,Swien,Interrogative non-final focus,Long,LFP0221,30.7109721231775,102.369907077259,71.5584058197565
LF01,Swien vs. Swiien,Swien,Interrogative non-final focus,Long,LFP0221,40.9479628309035,102.369907077259,72.437328259376
LF01,Swien vs. Swiien,Swien,Interrogative non-final focus,Long,LFP0221,51.1849535386295,102.369907077259,73.6806810675223
LF01,Swien vs. Swiien,Swien,Interrogative non-final focus,Long,LFP0221,61.4219442463553,102.369907077259,73.8027630819057
LF01,Swien vs. Swiien,Swien,Interrogative non-final focus,Long,LFP0221,71.658934954081,102.369907077259,73.4500811951174
LF01,Swien vs. Swiien,Swien,Interrogative non-final focus,Long,LFP0221,81.895925661807,102.369907077259,73.6477212035584
LF01,Swien vs. Swiien,Swien,Interrogative non-final focus,Long,LFP0221,92.132916369533,102.369907077259,73.8741843818541
LF02,Swien vs. Swiien,Swien,Interrogative non-final focus,Long,LFP0222,0,114.466233750585,68.5329453057213
LF02,Swien vs. Swiien,Swien,Interrogative non-final focus,Long,LFP0222,11.4466233750585,114.466233750585,68.7510939863278
LF02,Swien vs. Swiien,Swien,Interrogative non-final focus,Long,LFP0222,22.8932467501171,114.466233750585,67.8091755695727
LF02,Swien vs. Swiien,Swien,Interrogative non-final focus,Long,LFP0222,34.3398701251756,114.466233750585,65.4790367343159
LF02,Swien vs. Swiien,Swien,Interrogative non-final focus,Long,LFP0222,45.7864935002341,114.466233750585,63.7086934517561
LF02,Swien vs. Swiien,Swien,Interrogative non-final focus,Long,LFP0222,57.2331168752926,114.466233750585,63.185694188995
LF02,Swien vs. Swiien,Swien,Interrogative non-final focus,Long,LFP0222,68.6797402503512,114.466233750585,61.2902743211056
LF02,Swien vs. Swiien,Swien,Interrogative non-final focus,Long,LFP0222,80.1263636254097,114.466233750585,63.5932917147019
LF02,Swien vs. Swiien,Swien,Interrogative non-final focus,Long,LFP0222,91.5729870004682,114.466233750585,66.5749869641018
LF02,Swien vs. Swiien,Swien,Interrogative non-final focus,Long,LFP0222,103.019610375527,114.466233750585,66.2708223610256
LF03,Swien vs. Swiien,Swien,Interrogative non-final focus,Long,LFP0223,0,93.6488739678646,64.8418262970494
LF03,Swien vs. Swiien,Swien,Interrogative non-final focus,Long,LFP0223,9.36488739678643,93.6488739678646,65.5751565581329
LF03,Swien vs. Swiien,Swien,Interrogative non-final focus,Long,LFP0223,18.729774793573,93.6488739678646,65.922331468711
LF03,Swien vs. Swiien,Swien,Interrogative non-final focus,Long,LFP0223,28.0946621903594,93.6488739678646,65.8701178698586
LF03,Swien vs. Swiien,Swien,Interrogative non-final focus,Long,LFP0223,37.4595495871458,93.6488739678646,65.3894710474023
LF03,Swien vs. Swiien,Swien,Interrogative non-final focus,Long,LFP0223,46.8244369839322,93.6488739678646,64.2753542251065
LF03,Swien vs. Swiien,Swien,Interrogative non-final focus,Long,LFP0223,56.1893243807188,93.6488739678646,62.3158528486458
LF03,Swien vs. Swiien,Swien,Interrogative non-final focus,Long,LFP0223,65.5542117775052,93.6488739678646,60.6474500399528
LF03,Swien vs. Swiien,Swien,Interrogative non-final focus,Long,LFP0223,74.9190991742916,93.6488739678646,60.9657531303591
LF03,Swien vs. Swiien,Swien,Interrogative non-final focus,Long,LFP0223,84.2839865710782,93.6488739678646,60.8604488589969
LF04,Swien vs. Swiien,Swien,Interrogative non-final focus,Long,LFP0224,0,128.80146011396,69.8977154437568
LF04,Swien vs. Swiien,Swien,Interrogative non-final focus,Long,LFP0224,12.8801460113961,128.80146011396,70.491801105594
LF04,Swien vs. Swiien,Swien,Interrogative non-final focus,Long,LFP0224,25.760292022792,128.80146011396,69.6608004858408
LF04,Swien vs. Swiien,Swien,Interrogative non-final focus,Long,LFP0224,38.640438034188,128.80146011396,68.4132942733502
LF04,Swien vs. Swiien,Swien,Interrogative non-final focus,Long,LFP0224,51.5205840455839,128.80146011396,67.9449871420124
LF04,Swien vs. Swiien,Swien,Interrogative non-final focus,Long,LFP0224,64.40073005698,128.80146011396,67.4601908013679
LF04,Swien vs. Swiien,Swien,Interrogative non-final focus,Long,LFP0224,77.2808760683761,128.80146011396,69.9020279434518
LF04,Swien vs. Swiien,Swien,Interrogative non-final focus,Long,LFP0224,90.161022079772,128.80146011396,69.2327364542944
LF04,Swien vs. Swiien,Swien,Interrogative non-final focus,Long,LFP0224,103.041168091168,128.80146011396,68.6268258020218
LF04,Swien vs. Swiien,Swien,Interrogative non-final focus,Long,LFP0224,115.921314102564,128.80146011396,66.4364638912895
LF05,Swien vs. Swiien,Swien,Interrogative non-final focus,Long,LFP0225,0,131.688857816213,69.6441792934173
LF05,Swien vs. Swiien,Swien,Interrogative non-final focus,Long,LFP0225,13.1688857816213,131.688857816213,72.4619916288519
LF05,Swien vs. Swiien,Swien,Interrogative non-final focus,Long,LFP0225,26.3377715632427,131.688857816213,73.6496480665015
LF05,Swien vs. Swiien,Swien,Interrogative non-final focus,Long,LFP0225,39.506657344864,131.688857816213,74.2060623408307
LF05,Swien vs. Swiien,Swien,Interrogative non-final focus,Long,LFP0225,52.6755431264854,131.688857816213,74.7000778165733
LF05,Swien vs. Swiien,Swien,Interrogative non-final focus,Long,LFP0225,65.8444289081067,131.688857816213,75.2726377815186
LF05,Swien vs. Swiien,Swien,Interrogative non-final focus,Long,LFP0225,79.0133146897279,131.688857816213,75.855404119146
LF05,Swien vs. Swiien,Swien,Interrogative non-final focus,Long,LFP0225,92.1822004713493,131.688857816213,76.4122138261685
LF05,Swien vs. Swiien,Swien,Interrogative non-final focus,Long,LFP0225,105.351086252971,131.688857816213,76.9654799897327
LF05,Swien vs. Swiien,Swien,Interrogative non-final focus,Long,LFP0225,118.519972034592,131.688857816213,77.0737641393959
LF06,Swien vs. Swiien,Swien,Interrogative non-final focus,Long,LFP0226,0,88.9085673490044,72.3332342880781
LF06,Swien vs. Swiien,Swien,Interrogative non-final focus,Long,LFP0226,8.89085673490042,88.9085673490044,74.1086835830205
LF06,Swien vs. Swiien,Swien,Interrogative non-final focus,Long,LFP0226,17.7817134698008,88.9085673490044,74.9907660418577
LF06,Swien vs. Swiien,Swien,Interrogative non-final focus,Long,LFP0226,26.6725702047014,88.9085673490044,75.0594977250822
LF06,Swien vs. Swiien,Swien,Interrogative non-final focus,Long,LFP0226,35.5634269396018,88.9085673490044,74.7636661605891
LF06,Swien vs. Swiien,Swien,Interrogative non-final focus,Long,LFP0226,44.4542836745022,88.9085673490044,74.2540071463963
LF06,Swien vs. Swiien,Swien,Interrogative non-final focus,Long,LFP0226,53.3451404094026,88.9085673490044,73.7215565614676
LF06,Swien vs. Swiien,Swien,Interrogative non-final focus,Long,LFP0226,62.2359971443031,88.9085673490044,73.3586027174
LF06,Swien vs. Swiien,Swien,Interrogative non-final focus,Long,LFP0226,71.1268538792036,88.9085673490044,72.9639164869665
LF06,Swien vs. Swiien,Swien,Interrogative non-final focus,Long,LFP0226,80.017710614104,88.9085673490044,72.4992861740875
LF07,Swien vs. Swiien,Swien,Interrogative non-final focus,Long,LFP0227,0,126.148044492217,67.9180500777512
LF07,Swien vs. Swiien,Swien,Interrogative non-final focus,Long,LFP0227,12.6148044492217,126.148044492217,68.2890669220017
LF07,Swien vs. Swiien,Swien,Interrogative non-final focus,Long,LFP0227,25.2296088984434,126.148044492217,68.0359133645844
LF07,Swien vs. Swiien,Swien,Interrogative non-final focus,Long,LFP0227,37.8444133476652,126.148044492217,68.0554785099263
LF07,Swien vs. Swiien,Swien,Interrogative non-final focus,Long,LFP0227,50.4592177968869,126.148044492217,68.2093274172937
LF07,Swien vs. Swiien,Swien,Interrogative non-final focus,Long,LFP0227,63.0740222461086,126.148044492217,67.5789558119411
LF07,Swien vs. Swiien,Swien,Interrogative non-final focus,Long,LFP0227,75.6888266953303,126.148044492217,67.3655027282167
LF07,Swien vs. Swiien,Swien,Interrogative non-final focus,Long,LFP0227,88.303631144552,126.148044492217,67.5431964506742
LF07,Swien vs. Swiien,Swien,Interrogative non-final focus,Long,LFP0227,100.918435593774,126.148044492217,67.2472423381374
LF07,Swien vs. Swiien,Swien,Interrogative non-final focus,Long,LFP0227,113.533240042995,126.148044492217,67.0674188506234
LF08,Swien vs. Swiien,Swien,Interrogative non-final focus,Long,LFP0228,0,87.8818177827811,74.7017177192553
LF08,Swien vs. Swiien,Swien,Interrogative non-final focus,Long,LFP0228,8.78818177827812,87.8818177827811,75.0985170085157
LF08,Swien vs. Swiien,Swien,Interrogative non-final focus,Long,LFP0228,17.5763635565562,87.8818177827811,74.9350016520138
LF08,Swien vs. Swiien,Swien,Interrogative non-final focus,Long,LFP0228,26.3645453348343,87.8818177827811,74.5284645675968
LF08,Swien vs. Swiien,Swien,Interrogative non-final focus,Long,LFP0228,35.1527271131125,87.8818177827811,73.9751083048703
LF08,Swien vs. Swiien,Swien,Interrogative non-final focus,Long,LFP0228,43.9409088913906,87.8818177827811,73.5352796579063
LF08,Swien vs. Swiien,Swien,Interrogative non-final focus,Long,LFP0228,52.7290906696687,87.8818177827811,73.1897698744182
LF08,Swien vs. Swiien,Swien,Interrogative non-final focus,Long,LFP0228,61.5172724479468,87.8818177827811,72.7449516743308
LF08,Swien vs. Swiien,Swien,Interrogative non-final focus,Long,LFP0228,70.3054542262249,87.8818177827811,72.348269921186
LF08,Swien vs. Swiien,Swien,Interrogative non-final focus,Long,LFP0228,79.0936360045031,87.8818177827811,72.3190342932444
LF09,Swien vs. Swiien,Swien,Interrogative non-final focus,Long,LFP0229,0,126.702797860035,63.2965129935623
LF09,Swien vs. Swiien,Swien,Interrogative non-final focus,Long,LFP0229,12.6702797860034,126.702797860035,63.0237690892914
LF09,Swien vs. Swiien,Swien,Interrogative non-final focus,Long,LFP0229,25.340559572007,126.702797860035,64.9878023395919
LF09,Swien vs. Swiien,Swien,Interrogative non-final focus,Long,LFP0229,38.0108393580104,126.702797860035,65.3688577928043
LF09,Swien vs. Swiien,Swien,Interrogative non-final focus,Long,LFP0229,50.6811191440139,126.702797860035,65.5417125440837
LF09,Swien vs. Swiien,Swien,Interrogative non-final focus,Long,LFP0229,63.3513989300174,126.702797860035,65.5603090829354
LF09,Swien vs. Swiien,Swien,Interrogative non-final focus,Long,LFP0229,76.0216787160208,126.702797860035,65.8941265263687
LF09,Swien vs. Swiien,Swien,Interrogative non-final focus,Long,LFP0229,88.6919585020243,126.702797860035,66.1377912741005
LF09,Swien vs. Swiien,Swien,Interrogative non-final focus,Long,LFP0229,101.362238288028,126.702797860035,66.2241067931589
LF09,Swien vs. Swiien,Swien,Interrogative non-final focus,Long,LFP0229,114.032518074031,126.702797860035,66.297528777958
LF10,Swien vs. Swiien,Swien,Interrogative non-final focus,Long,LFP0230,0,131.192518383872,76.462310412283
LF10,Swien vs. Swiien,Swien,Interrogative non-final focus,Long,LFP0230,13.1192518383871,131.192518383872,77.1097504230025
LF10,Swien vs. Swiien,Swien,Interrogative non-final focus,Long,LFP0230,26.2385036767743,131.192518383872,77.1005814104378
LF10,Swien vs. Swiien,Swien,Interrogative non-final focus,Long,LFP0230,39.3577555151616,131.192518383872,76.1410739482151
LF10,Swien vs. Swiien,Swien,Interrogative non-final focus,Long,LFP0230,52.4770073535488,131.192518383872,75.7121234707698
LF10,Swien vs. Swiien,Swien,Interrogative non-final focus,Long,LFP0230,65.5962591919359,131.192518383872,75.8314388922238
LF10,Swien vs. Swiien,Swien,Interrogative non-final focus,Long,LFP0230,78.715511030323,131.192518383872,75.1607615621191
LF10,Swien vs. Swiien,Swien,Interrogative non-final focus,Long,LFP0230,91.8347628687102,131.192518383872,73.3628313270751
LF10,Swien vs. Swiien,Swien,Interrogative non-final focus,Long,LFP0230,104.954014707098,131.192518383872,73.3395198223565
LF10,Swien vs. Swiien,Swien,Interrogative non-final focus,Long,LFP0230,118.073266545485,131.192518383872,76.4238500714761
LF01,Weken vs. Wegen,Weken,Interrogative non-final focus,Long,LFP0231,0,207.370356942125,65.2452070989202
LF01,Weken vs. Wegen,Weken,Interrogative non-final focus,Long,LFP0231,20.7370356942125,207.370356942125,75.847539304193
LF01,Weken vs. Wegen,Weken,Interrogative non-final focus,Long,LFP0231,41.474071388425,207.370356942125,77.0658094142067
LF01,Weken vs. Wegen,Weken,Interrogative non-final focus,Long,LFP0231,62.2111070826374,207.370356942125,74.9669294994311
LF01,Weken vs. Wegen,Weken,Interrogative non-final focus,Long,LFP0231,82.9481427768499,207.370356942125,77.5184961422237
LF01,Weken vs. Wegen,Weken,Interrogative non-final focus,Long,LFP0231,103.685178471062,207.370356942125,79.4807273947149
LF01,Weken vs. Wegen,Weken,Interrogative non-final focus,Long,LFP0231,124.422214165275,207.370356942125,76.8302300378379
LF01,Weken vs. Wegen,Weken,Interrogative non-final focus,Long,LFP0231,145.159249859487,207.370356942125,77.5667812618781
LF01,Weken vs. Wegen,Weken,Interrogative non-final focus,Long,LFP0231,165.8962855537,207.370356942125,74.6173783358906
LF01,Weken vs. Wegen,Weken,Interrogative non-final focus,Long,LFP0231,186.633321247912,207.370356942125,69.3677402777606
LF02,Weken vs. Wegen,Weken,Interrogative non-final focus,Long,LFP0232,0,95.9613590122284,64.727535778946
LF02,Weken vs. Wegen,Weken,Interrogative non-final focus,Long,LFP0232,9.59613590122288,95.9613590122284,68.2754925537878
LF02,Weken vs. Wegen,Weken,Interrogative non-final focus,Long,LFP0232,19.1922718024456,95.9613590122284,70.3960210119902
LF02,Weken vs. Wegen,Weken,Interrogative non-final focus,Long,LFP0232,28.7884077036685,95.9613590122284,71.4542663162566
LF02,Weken vs. Wegen,Weken,Interrogative non-final focus,Long,LFP0232,38.3845436048913,95.9613590122284,71.6607787636022
LF02,Weken vs. Wegen,Weken,Interrogative non-final focus,Long,LFP0232,47.9806795061142,95.9613590122284,70.2168172629079
LF02,Weken vs. Wegen,Weken,Interrogative non-final focus,Long,LFP0232,57.5768154073371,95.9613590122284,67.5332049676253
LF02,Weken vs. Wegen,Weken,Interrogative non-final focus,Long,LFP0232,67.1729513085598,95.9613590122284,67.0706639204203
LF02,Weken vs. Wegen,Weken,Interrogative non-final focus,Long,LFP0232,76.7690872097827,95.9613590122284,69.1444448779233
LF02,Weken vs. Wegen,Weken,Interrogative non-final focus,Long,LFP0232,86.3652231110055,95.9613590122284,69.7729713794492
LF03,Weken vs. Wegen,Weken,Interrogative non-final focus,Long,LFP0233,0,201.625239179603,68.8156412941501
LF03,Weken vs. Wegen,Weken,Interrogative non-final focus,Long,LFP0233,20.1625239179603,201.625239179603,77.2372655886832
LF03,Weken vs. Wegen,Weken,Interrogative non-final focus,Long,LFP0233,40.3250478359206,201.625239179603,77.4617529931624
LF03,Weken vs. Wegen,Weken,Interrogative non-final focus,Long,LFP0233,60.4875717538809,201.625239179603,75.1065186310302
LF03,Weken vs. Wegen,Weken,Interrogative non-final focus,Long,LFP0233,80.6500956718412,201.625239179603,76.9602528636745
LF03,Weken vs. Wegen,Weken,Interrogative non-final focus,Long,LFP0233,100.812619589801,201.625239179603,71.9038804133774
LF03,Weken vs. Wegen,Weken,Interrogative non-final focus,Long,LFP0233,120.975143507762,201.625239179603,66.3797303987061
LF03,Weken vs. Wegen,Weken,Interrogative non-final focus,Long,LFP0233,141.137667425722,201.625239179603,68.7004365447175
LF03,Weken vs. Wegen,Weken,Interrogative non-final focus,Long,LFP0233,161.300191343682,201.625239179603,66.7826596705383
LF03,Weken vs. Wegen,Weken,Interrogative non-final focus,Long,LFP0233,181.462715261643,201.625239179603,65.3209335322434
LF04,Weken vs. Wegen,Weken,Interrogative non-final focus,Long,LFP0234,0,128.342386831276,66.2638341823879
LF04,Weken vs. Wegen,Weken,Interrogative non-final focus,Long,LFP0234,12.8342386831276,128.342386831276,70.9750814369087
LF04,Weken vs. Wegen,Weken,Interrogative non-final focus,Long,LFP0234,25.6684773662551,128.342386831276,71.9083149449672
LF04,Weken vs. Wegen,Weken,Interrogative non-final focus,Long,LFP0234,38.5027160493827,128.342386831276,70.1172678354423
LF04,Weken vs. Wegen,Weken,Interrogative non-final focus,Long,LFP0234,51.3369547325103,128.342386831276,68.2453749578547
LF04,Weken vs. Wegen,Weken,Interrogative non-final focus,Long,LFP0234,64.1711934156379,128.342386831276,68.2844782542816
LF04,Weken vs. Wegen,Weken,Interrogative non-final focus,Long,LFP0234,77.0054320987654,128.342386831276,67.3012768942484
LF04,Weken vs. Wegen,Weken,Interrogative non-final focus,Long,LFP0234,89.839670781893,128.342386831276,65.3386964538648
LF04,Weken vs. Wegen,Weken,Interrogative non-final focus,Long,LFP0234,102.673909465021,128.342386831276,68.3528782529471
LF04,Weken vs. Wegen,Weken,Interrogative non-final focus,Long,LFP0234,115.508148148148,128.342386831276,67.2949058057438
LF05,Weken vs. Wegen,Weken,Interrogative non-final focus,Long,LFP0235,0,128.124107471468,65.3761070816114
LF05,Weken vs. Wegen,Weken,Interrogative non-final focus,Long,LFP0235,12.8124107471468,128.124107471468,69.1759253190348
LF05,Weken vs. Wegen,Weken,Interrogative non-final focus,Long,LFP0235,25.6248214942935,128.124107471468,70.9033315860075
LF05,Weken vs. Wegen,Weken,Interrogative non-final focus,Long,LFP0235,38.4372322414402,128.124107471468,71.0635065433925
LF05,Weken vs. Wegen,Weken,Interrogative non-final focus,Long,LFP0235,51.249642988587,128.124107471468,69.8464536540483
LF05,Weken vs. Wegen,Weken,Interrogative non-final focus,Long,LFP0235,64.0620537357337,128.124107471468,67.2703403944435
LF05,Weken vs. Wegen,Weken,Interrogative non-final focus,Long,LFP0235,76.8744644828805,128.124107471468,65.0966067277059
LF05,Weken vs. Wegen,Weken,Interrogative non-final focus,Long,LFP0235,89.6868752300273,128.124107471468,64.1540562179988
LF05,Weken vs. Wegen,Weken,Interrogative non-final focus,Long,LFP0235,102.499285977174,128.124107471468,62.2476573432277
LF05,Weken vs. Wegen,Weken,Interrogative non-final focus,Long,LFP0235,115.311696724321,128.124107471468,59.027441518518
LF06,Weken vs. Wegen,Weken,Interrogative non-final focus,Long,LFP0236,0,117.126407793665,77.7743698918516
LF06,Weken vs. Wegen,Weken,Interrogative non-final focus,Long,LFP0236,11.7126407793665,117.126407793665,79.0760723268284
LF06,Weken vs. Wegen,Weken,Interrogative non-final focus,Long,LFP0236,23.4252815587329,117.126407793665,79.5973751806656
LF06,Weken vs. Wegen,Weken,Interrogative non-final focus,Long,LFP0236,35.1379223380994,117.126407793665,79.9584245112679
LF06,Weken vs. Wegen,Weken,Interrogative non-final focus,Long,LFP0236,46.8505631174659,117.126407793665,80.0919067733696
LF06,Weken vs. Wegen,Weken,Interrogative non-final focus,Long,LFP0236,58.5632038968323,117.126407793665,79.9162212694355
LF06,Weken vs. Wegen,Weken,Interrogative non-final focus,Long,LFP0236,70.2758446761989,117.126407793665,79.4622697256538
LF06,Weken vs. Wegen,Weken,Interrogative non-final focus,Long,LFP0236,81.9884854555654,117.126407793665,78.3680775522395
LF06,Weken vs. Wegen,Weken,Interrogative non-final focus,Long,LFP0236,93.7011262349319,117.126407793665,75.4692806089485
LF06,Weken vs. Wegen,Weken,Interrogative non-final focus,Long,LFP0236,105.413767014298,117.126407793665,71.6860142740675
LF07,Weken vs. Wegen,Weken,Interrogative non-final focus,Long,LFP0237,0,196.256117004864,65.4074539885706
LF07,Weken vs. Wegen,Weken,Interrogative non-final focus,Long,LFP0237,19.6256117004864,196.256117004864,72.9893831680666
LF07,Weken vs. Wegen,Weken,Interrogative non-final focus,Long,LFP0237,39.2512234009728,196.256117004864,77.6205106326593
LF07,Weken vs. Wegen,Weken,Interrogative non-final focus,Long,LFP0237,58.8768351014591,196.256117004864,77.0902187314792
LF07,Weken vs. Wegen,Weken,Interrogative non-final focus,Long,LFP0237,78.5024468019455,196.256117004864,72.7468274239602
LF07,Weken vs. Wegen,Weken,Interrogative non-final focus,Long,LFP0237,98.1280585024319,196.256117004864,72.9256149091693
LF07,Weken vs. Wegen,Weken,Interrogative non-final focus,Long,LFP0237,117.753670202918,196.256117004864,69.6753084418281
LF07,Weken vs. Wegen,Weken,Interrogative non-final focus,Long,LFP0237,137.379281903405,196.256117004864,65.1516538080564
LF07,Weken vs. Wegen,Weken,Interrogative non-final focus,Long,LFP0237,157.004893603891,196.256117004864,63.6829640831146
LF07,Weken vs. Wegen,Weken,Interrogative non-final focus,Long,LFP0237,176.630505304378,196.256117004864,63.3322762422433
LF08,Weken vs. Wegen,Weken,Interrogative non-final focus,Long,LFP0238,0,122.57284712468,79.0904986993107
LF08,Weken vs. Wegen,Weken,Interrogative non-final focus,Long,LFP0238,12.257284712468,122.57284712468,79.630765146868
LF08,Weken vs. Wegen,Weken,Interrogative non-final focus,Long,LFP0238,24.5145694249359,122.57284712468,79.9844872655874
LF08,Weken vs. Wegen,Weken,Interrogative non-final focus,Long,LFP0238,36.7718541374039,122.57284712468,80.0892635241751
LF08,Weken vs. Wegen,Weken,Interrogative non-final focus,Long,LFP0238,49.0291388498719,122.57284712468,79.8372546685197
LF08,Weken vs. Wegen,Weken,Interrogative non-final focus,Long,LFP0238,61.2864235623398,122.57284712468,79.2904529627353
LF08,Weken vs. Wegen,Weken,Interrogative non-final focus,Long,LFP0238,73.5437082748078,122.57284712468,77.7088901587678
LF08,Weken vs. Wegen,Weken,Interrogative non-final focus,Long,LFP0238,85.8009929872758,122.57284712468,74.0879015492164
LF08,Weken vs. Wegen,Weken,Interrogative non-final focus,Long,LFP0238,98.0582776997438,122.57284712468,70.1720358730515
LF08,Weken vs. Wegen,Weken,Interrogative non-final focus,Long,LFP0238,110.315562412212,122.57284712468,65.155209393653
LF09,Weken vs. Wegen,Weken,Interrogative non-final focus,Long,LFP0239,0,222.801169992288,60.6165659184331
LF09,Weken vs. Wegen,Weken,Interrogative non-final focus,Long,LFP0239,22.2801169992288,222.801169992288,65.066561561543
LF09,Weken vs. Wegen,Weken,Interrogative non-final focus,Long,LFP0239,44.5602339984577,222.801169992288,66.2040237532807
LF09,Weken vs. Wegen,Weken,Interrogative non-final focus,Long,LFP0239,66.8403509976865,222.801169992288,67.6533160438002
LF09,Weken vs. Wegen,Weken,Interrogative non-final focus,Long,LFP0239,89.1204679969153,222.801169992288,68.7273469617952
LF09,Weken vs. Wegen,Weken,Interrogative non-final focus,Long,LFP0239,111.400584996144,222.801169992288,67.1731776398879
LF09,Weken vs. Wegen,Weken,Interrogative non-final focus,Long,LFP0239,133.680701995373,222.801169992288,61.8863768978269
LF09,Weken vs. Wegen,Weken,Interrogative non-final focus,Long,LFP0239,155.960818994602,222.801169992288,63.1193357601319
LF09,Weken vs. Wegen,Weken,Interrogative non-final focus,Long,LFP0239,178.240935993831,222.801169992288,61.4423162932454
LF09,Weken vs. Wegen,Weken,Interrogative non-final focus,Long,LFP0239,200.52105299306,222.801169992288,58.4441017075973
LF10,Weken vs. Wegen,Weken,Interrogative non-final focus,Long,LFP0240,0,159.427542930128,84.4839451292778
LF10,Weken vs. Wegen,Weken,Interrogative non-final focus,Long,LFP0240,15.9427542930128,159.427542930128,88.641393958907
LF10,Weken vs. Wegen,Weken,Interrogative non-final focus,Long,LFP0240,31.8855085860255,159.427542930128,88.0512806612822
LF10,Weken vs. Wegen,Weken,Interrogative non-final focus,Long,LFP0240,47.8282628790383,159.427542930128,84.8171213659203
LF10,Weken vs. Wegen,Weken,Interrogative non-final focus,Long,LFP0240,63.7710171720509,159.427542930128,83.0474062358574
LF10,Weken vs. Wegen,Weken,Interrogative non-final focus,Long,LFP0240,79.7137714650638,159.427542930128,79.3228364593496
LF10,Weken vs. Wegen,Weken,Interrogative non-final focus,Long,LFP0240,95.6565257580766,159.427542930128,74.3651850469169
LF10,Weken vs. Wegen,Weken,Interrogative non-final focus,Long,LFP0240,111.599280051089,159.427542930128,71.762238119375
LF10,Weken vs. Wegen,Weken,Interrogative non-final focus,Long,LFP0240,127.542034344102,159.427542930128,71.0139920531512
LF10,Weken vs. Wegen,Weken,Interrogative non-final focus,Long,LFP0240,143.484788637115,159.427542930128,68.9998731145942
LF01,Laten vs. Laden,Laden,Declarative final focus,Overlong,LFP0241,0,226.295168485214,66.6182493829833
LF01,Laten vs. Laden,Laden,Declarative final focus,Overlong,LFP0241,22.6295168485213,226.295168485214,69.042154963345
LF01,Laten vs. Laden,Laden,Declarative final focus,Overlong,LFP0241,45.2590336970429,226.295168485214,68.6922408619833
LF01,Laten vs. Laden,Laden,Declarative final focus,Overlong,LFP0241,67.8885505455642,226.295168485214,67.5298832922292
LF01,Laten vs. Laden,Laden,Declarative final focus,Overlong,LFP0241,90.5180673940855,226.295168485214,67.6483818615467
LF01,Laten vs. Laden,Laden,Declarative final focus,Overlong,LFP0241,113.147584242607,226.295168485214,69.7875411574876
LF01,Laten vs. Laden,Laden,Declarative final focus,Overlong,LFP0241,135.777101091128,226.295168485214,64.9626233475198
LF01,Laten vs. Laden,Laden,Declarative final focus,Overlong,LFP0241,158.40661793965,226.295168485214,66.9983615842304
LF01,Laten vs. Laden,Laden,Declarative final focus,Overlong,LFP0241,181.036134788171,226.295168485214,65.4573430775434
LF01,Laten vs. Laden,Laden,Declarative final focus,Overlong,LFP0241,203.665651636693,226.295168485214,64.514259737518
LF02,Laten vs. Laden,Laden,Declarative final focus,Overlong,LFP0242,0,237.530216208447,58.8426329723864
LF02,Laten vs. Laden,Laden,Declarative final focus,Overlong,LFP0242,23.7530216208448,237.530216208447,62.3097580718838
LF02,Laten vs. Laden,Laden,Declarative final focus,Overlong,LFP0242,47.5060432416894,237.530216208447,63.6362349003679
LF02,Laten vs. Laden,Laden,Declarative final focus,Overlong,LFP0242,71.259064862534,237.530216208447,60.4420646495065
LF02,Laten vs. Laden,Laden,Declarative final focus,Overlong,LFP0242,95.0120864833788,237.530216208447,60.3587186408121
LF02,Laten vs. Laden,Laden,Declarative final focus,Overlong,LFP0242,118.765108104224,237.530216208447,61.4274182671974
LF02,Laten vs. Laden,Laden,Declarative final focus,Overlong,LFP0242,142.518129725068,237.530216208447,60.1260140160496
LF02,Laten vs. Laden,Laden,Declarative final focus,Overlong,LFP0242,166.271151345913,237.530216208447,58.2652081783085
LF02,Laten vs. Laden,Laden,Declarative final focus,Overlong,LFP0242,190.024172966758,237.530216208447,58.3873623835894
LF02,Laten vs. Laden,Laden,Declarative final focus,Overlong,LFP0242,213.777194587602,237.530216208447,57.4891143231169
LF03,Laten vs. Laden,Laden,Declarative final focus,Overlong,LFP0243,0,295.444057960666,62.6216995799547
LF03,Laten vs. Laden,Laden,Declarative final focus,Overlong,LFP0243,29.5444057960665,295.444057960666,66.9554270328989
LF03,Laten vs. Laden,Laden,Declarative final focus,Overlong,LFP0243,59.0888115921331,295.444057960666,63.3565102693881
LF03,Laten vs. Laden,Laden,Declarative final focus,Overlong,LFP0243,88.6332173881996,295.444057960666,68.4717792808181
LF03,Laten vs. Laden,Laden,Declarative final focus,Overlong,LFP0243,118.177623184266,295.444057960666,71.8814931301295
LF03,Laten vs. Laden,Laden,Declarative final focus,Overlong,LFP0243,147.722028980333,295.444057960666,72.6291330422936
LF03,Laten vs. Laden,Laden,Declarative final focus,Overlong,LFP0243,177.266434776399,295.444057960666,73.4343963980175
LF03,Laten vs. Laden,Laden,Declarative final focus,Overlong,LFP0243,206.810840572466,295.444057960666,72.6342101109662
LF03,Laten vs. Laden,Laden,Declarative final focus,Overlong,LFP0243,236.355246368533,295.444057960666,70.5417132773505
LF03,Laten vs. Laden,Laden,Declarative final focus,Overlong,LFP0243,265.899652164599,295.444057960666,70.3035605274046
LF04,Laten vs. Laden,Laden,Declarative final focus,Overlong,LFP0244,0,289.991052584275,63.0676041402986
LF04,Laten vs. Laden,Laden,Declarative final focus,Overlong,LFP0244,28.9991052584275,289.991052584275,67.9996829506454
LF04,Laten vs. Laden,Laden,Declarative final focus,Overlong,LFP0244,57.9982105168549,289.991052584275,67.2614902084071
LF04,Laten vs. Laden,Laden,Declarative final focus,Overlong,LFP0244,86.9973157752825,289.991052584275,68.2090259619327
LF04,Laten vs. Laden,Laden,Declarative final focus,Overlong,LFP0244,115.99642103371,289.991052584275,66.0104055894576
LF04,Laten vs. Laden,Laden,Declarative final focus,Overlong,LFP0244,144.995526292138,289.991052584275,66.8248925082515
LF04,Laten vs. Laden,Laden,Declarative final focus,Overlong,LFP0244,173.994631550565,289.991052584275,66.2767791668921
LF04,Laten vs. Laden,Laden,Declarative final focus,Overlong,LFP0244,202.993736808992,289.991052584275,68.1476889068915
LF04,Laten vs. Laden,Laden,Declarative final focus,Overlong,LFP0244,231.99284206742,289.991052584275,67.522176753858
LF04,Laten vs. Laden,Laden,Declarative final focus,Overlong,LFP0244,260.991947325847,289.991052584275,64.777498200686
LF05,Laten vs. Laden,Laden,Declarative final focus,Overlong,LFP0245,0,241.731664878861,66.1228071895943
LF05,Laten vs. Laden,Laden,Declarative final focus,Overlong,LFP0245,24.1731664878861,241.731664878861,68.3355298859365
LF05,Laten vs. Laden,Laden,Declarative final focus,Overlong,LFP0245,48.3463329757721,241.731664878861,70.2889045428579
LF05,Laten vs. Laden,Laden,Declarative final focus,Overlong,LFP0245,72.5194994636582,241.731664878861,68.4596993901221
LF05,Laten vs. Laden,Laden,Declarative final focus,Overlong,LFP0245,96.6926659515441,241.731664878861,68.2955518814309
LF05,Laten vs. Laden,Laden,Declarative final focus,Overlong,LFP0245,120.86583243943,241.731664878861,66.1691945880773
LF05,Laten vs. Laden,Laden,Declarative final focus,Overlong,LFP0245,145.038998927316,241.731664878861,66.284258284568
LF05,Laten vs. Laden,Laden,Declarative final focus,Overlong,LFP0245,169.212165415202,241.731664878861,66.0207800597351
LF05,Laten vs. Laden,Laden,Declarative final focus,Overlong,LFP0245,193.385331903088,241.731664878861,64.8482953695654
LF05,Laten vs. Laden,Laden,Declarative final focus,Overlong,LFP0245,217.558498390974,241.731664878861,65.1294304087887
LF06,Laten vs. Laden,Laden,Declarative final focus,Overlong,LFP0246,0,215.374981925969,78.2955239591583
LF06,Laten vs. Laden,Laden,Declarative final focus,Overlong,LFP0246,21.5374981925969,215.374981925969,82.0534343927417
LF06,Laten vs. Laden,Laden,Declarative final focus,Overlong,LFP0246,43.0749963851937,215.374981925969,80.6248434743529
LF06,Laten vs. Laden,Laden,Declarative final focus,Overlong,LFP0246,64.6124945777906,215.374981925969,78.854214471222
LF06,Laten vs. Laden,Laden,Declarative final focus,Overlong,LFP0246,86.1499927703875,215.374981925969,78.7805722176023
LF06,Laten vs. Laden,Laden,Declarative final focus,Overlong,LFP0246,107.687490962984,215.374981925969,78.6434477229352
LF06,Laten vs. Laden,Laden,Declarative final focus,Overlong,LFP0246,129.224989155581,215.374981925969,78.9775146845255
LF06,Laten vs. Laden,Laden,Declarative final focus,Overlong,LFP0246,150.762487348178,215.374981925969,77.6186547516629
LF06,Laten vs. Laden,Laden,Declarative final focus,Overlong,LFP0246,172.299985540775,215.374981925969,74.7662862474485
LF06,Laten vs. Laden,Laden,Declarative final focus,Overlong,LFP0246,193.837483733372,215.374981925969,72.6421034770419
LF07,Laten vs. Laden,Laden,Declarative final focus,Overlong,LFP0247,0,265.322703398791,69.8411354471895
LF07,Laten vs. Laden,Laden,Declarative final focus,Overlong,LFP0247,26.5322703398791,265.322703398791,72.5537736783384
LF07,Laten vs. Laden,Laden,Declarative final focus,Overlong,LFP0247,53.0645406797581,265.322703398791,73.8624518973509
LF07,Laten vs. Laden,Laden,Declarative final focus,Overlong,LFP0247,79.5968110196372,265.322703398791,73.6918911221269
LF07,Laten vs. Laden,Laden,Declarative final focus,Overlong,LFP0247,106.129081359516,265.322703398791,74.654037011315
LF07,Laten vs. Laden,Laden,Declarative final focus,Overlong,LFP0247,132.661351699395,265.322703398791,75.6466417062603
LF07,Laten vs. Laden,Laden,Declarative final focus,Overlong,LFP0247,159.193622039274,265.322703398791,74.5598416593377
LF07,Laten vs. Laden,Laden,Declarative final focus,Overlong,LFP0247,185.725892379153,265.322703398791,74.0009047313096
LF07,Laten vs. Laden,Laden,Declarative final focus,Overlong,LFP0247,212.258162719033,265.322703398791,73.0592599393707
LF07,Laten vs. Laden,Laden,Declarative final focus,Overlong,LFP0247,238.790433058911,265.322703398791,71.6364813791045
LF08,Laten vs. Laden,Laden,Declarative final focus,Overlong,LFP0248,0,206.478658700322,79.8630253141068
LF08,Laten vs. Laden,Laden,Declarative final focus,Overlong,LFP0248,20.6478658700322,206.478658700322,81.9934522422146
LF08,Laten vs. Laden,Laden,Declarative final focus,Overlong,LFP0248,41.2957317400644,206.478658700322,80.0226424241497
LF08,Laten vs. Laden,Laden,Declarative final focus,Overlong,LFP0248,61.9435976100966,206.478658700322,78.6120352290793
LF08,Laten vs. Laden,Laden,Declarative final focus,Overlong,LFP0248,82.5914634801288,206.478658700322,78.8121630017945
LF08,Laten vs. Laden,Laden,Declarative final focus,Overlong,LFP0248,103.239329350161,206.478658700322,78.6817156906889
LF08,Laten vs. Laden,Laden,Declarative final focus,Overlong,LFP0248,123.887195220193,206.478658700322,78.7612465224038
LF08,Laten vs. Laden,Laden,Declarative final focus,Overlong,LFP0248,144.535061090226,206.478658700322,77.4801979048082
LF08,Laten vs. Laden,Laden,Declarative final focus,Overlong,LFP0248,165.182926960258,206.478658700322,74.6136096325225
LF08,Laten vs. Laden,Laden,Declarative final focus,Overlong,LFP0248,185.83079283029,206.478658700322,72.6449906941421
LF09,Laten vs. Laden,Laden,Declarative final focus,Overlong,LFP0249,0,188.1563851249,70.0104837824388
LF09,Laten vs. Laden,Laden,Declarative final focus,Overlong,LFP0249,18.81563851249,188.1563851249,72.5002729405459
LF09,Laten vs. Laden,Laden,Declarative final focus,Overlong,LFP0249,37.63127702498,188.1563851249,72.3576104922997
LF09,Laten vs. Laden,Laden,Declarative final focus,Overlong,LFP0249,56.4469155374701,188.1563851249,74.4120043125062
LF09,Laten vs. Laden,Laden,Declarative final focus,Overlong,LFP0249,75.2625540499601,188.1563851249,75.7533209420655
LF09,Laten vs. Laden,Laden,Declarative final focus,Overlong,LFP0249,94.0781925624501,188.1563851249,74.972844272155
LF09,Laten vs. Laden,Laden,Declarative final focus,Overlong,LFP0249,112.89383107494,188.1563851249,73.7189375075819
LF09,Laten vs. Laden,Laden,Declarative final focus,Overlong,LFP0249,131.70946958743,188.1563851249,74.0206755050707
LF09,Laten vs. Laden,Laden,Declarative final focus,Overlong,LFP0249,150.52510809992,188.1563851249,71.7124118312945
LF09,Laten vs. Laden,Laden,Declarative final focus,Overlong,LFP0249,169.34074661241,188.1563851249,69.2185916798773
LF10,Laten vs. Laden,Laden,Declarative final focus,Overlong,LFP0250,0,256.20027403674,78.1676442680996
LF10,Laten vs. Laden,Laden,Declarative final focus,Overlong,LFP0250,25.620027403674,256.20027403674,78.3647352686061
LF10,Laten vs. Laden,Laden,Declarative final focus,Overlong,LFP0250,51.2400548073482,256.20027403674,80.3419590799046
LF10,Laten vs. Laden,Laden,Declarative final focus,Overlong,LFP0250,76.8600822110221,256.20027403674,80.3445390732462
LF10,Laten vs. Laden,Laden,Declarative final focus,Overlong,LFP0250,102.480109614696,256.20027403674,78.5176914990033
LF10,Laten vs. Laden,Laden,Declarative final focus,Overlong,LFP0250,128.10013701837,256.20027403674,80.755970881521
LF10,Laten vs. Laden,Laden,Declarative final focus,Overlong,LFP0250,153.720164422044,256.20027403674,80.2544055470618
LF10,Laten vs. Laden,Laden,Declarative final focus,Overlong,LFP0250,179.340191825718,256.20027403674,77.4458538845089
LF10,Laten vs. Laden,Laden,Declarative final focus,Overlong,LFP0250,204.960219229392,256.20027403674,76.8290913408507
LF10,Laten vs. Laden,Laden,Declarative final focus,Overlong,LFP0250,230.580246633066,256.20027403674,74.4672350622356
LF01,Ries vs. Riez,Riez,Declarative final focus,Overlong,LFP0251,0,352.206223629092,66.5755466502849
LF01,Ries vs. Riez,Riez,Declarative final focus,Overlong,LFP0251,35.2206223629092,352.206223629092,69.6486747847573
LF01,Ries vs. Riez,Riez,Declarative final focus,Overlong,LFP0251,70.4412447258185,352.206223629092,70.2639477795294
LF01,Ries vs. Riez,Riez,Declarative final focus,Overlong,LFP0251,105.661867088727,352.206223629092,67.4874023266694
LF01,Ries vs. Riez,Riez,Declarative final focus,Overlong,LFP0251,140.882489451637,352.206223629092,67.0405504383713
LF01,Ries vs. Riez,Riez,Declarative final focus,Overlong,LFP0251,176.103111814546,352.206223629092,64.9504541579063
LF01,Ries vs. Riez,Riez,Declarative final focus,Overlong,LFP0251,211.323734177455,352.206223629092,64.5666687670804
LF01,Ries vs. Riez,Riez,Declarative final focus,Overlong,LFP0251,246.544356540364,352.206223629092,61.1555405007968
LF01,Ries vs. Riez,Riez,Declarative final focus,Overlong,LFP0251,281.764978903273,352.206223629092,59.2656093509383
LF01,Ries vs. Riez,Riez,Declarative final focus,Overlong,LFP0251,316.985601266183,352.206223629092,63.6671658097403
LF02,Ries vs. Riez,Riez,Declarative final focus,Overlong,LFP0252,0,162.126155877331,64.8102262489285
LF02,Ries vs. Riez,Riez,Declarative final focus,Overlong,LFP0252,16.2126155877331,162.126155877331,67.5763322541124
LF02,Ries vs. Riez,Riez,Declarative final focus,Overlong,LFP0252,32.4252311754663,162.126155877331,68.1860089960336
LF02,Ries vs. Riez,Riez,Declarative final focus,Overlong,LFP0252,48.6378467631992,162.126155877331,67.152117277505
LF02,Ries vs. Riez,Riez,Declarative final focus,Overlong,LFP0252,64.8504623509323,162.126155877331,67.0576914663456
LF02,Ries vs. Riez,Riez,Declarative final focus,Overlong,LFP0252,81.0630779386654,162.126155877331,65.2194376757858
LF02,Ries vs. Riez,Riez,Declarative final focus,Overlong,LFP0252,97.2756935263985,162.126155877331,63.7725477548509
LF02,Ries vs. Riez,Riez,Declarative final focus,Overlong,LFP0252,113.488309114132,162.126155877331,66.003673616618
LF02,Ries vs. Riez,Riez,Declarative final focus,Overlong,LFP0252,129.700924701865,162.126155877331,65.6548087962194
LF02,Ries vs. Riez,Riez,Declarative final focus,Overlong,LFP0252,145.913540289598,162.126155877331,62.0084621483836
LF03,Ries vs. Riez,Riez,Declarative final focus,Overlong,LFP0253,0,317.067134557734,59.3420426954146
LF03,Ries vs. Riez,Riez,Declarative final focus,Overlong,LFP0253,31.7067134557734,317.067134557734,62.416082457745
LF03,Ries vs. Riez,Riez,Declarative final focus,Overlong,LFP0253,63.4134269115467,317.067134557734,59.5626494151782
LF03,Ries vs. Riez,Riez,Declarative final focus,Overlong,LFP0253,95.1201403673201,317.067134557734,64.3518342412244
LF03,Ries vs. Riez,Riez,Declarative final focus,Overlong,LFP0253,126.826853823093,317.067134557734,63.1269888889128
LF03,Ries vs. Riez,Riez,Declarative final focus,Overlong,LFP0253,158.533567278867,317.067134557734,63.0637768030371
LF03,Ries vs. Riez,Riez,Declarative final focus,Overlong,LFP0253,190.24028073464,317.067134557734,60.1233017649562
LF03,Ries vs. Riez,Riez,Declarative final focus,Overlong,LFP0253,221.946994190414,317.067134557734,64.8870768199298
LF03,Ries vs. Riez,Riez,Declarative final focus,Overlong,LFP0253,253.653707646187,317.067134557734,61.4089387775692
LF03,Ries vs. Riez,Riez,Declarative final focus,Overlong,LFP0253,285.36042110196,317.067134557734,59.4680900260888
LF04,Ries vs. Riez,Riez,Declarative final focus,Overlong,LFP0254,0,203.889516832374,64.9082097658349
LF04,Ries vs. Riez,Riez,Declarative final focus,Overlong,LFP0254,20.3889516832374,203.889516832374,65.3008947793763
LF04,Ries vs. Riez,Riez,Declarative final focus,Overlong,LFP0254,40.7779033664749,203.889516832374,67.3309244020409
LF04,Ries vs. Riez,Riez,Declarative final focus,Overlong,LFP0254,61.1668550497123,203.889516832374,66.3720772590632
LF04,Ries vs. Riez,Riez,Declarative final focus,Overlong,LFP0254,81.5558067329497,203.889516832374,69.6221918341708
LF04,Ries vs. Riez,Riez,Declarative final focus,Overlong,LFP0254,101.944758416187,203.889516832374,70.5053757924505
LF04,Ries vs. Riez,Riez,Declarative final focus,Overlong,LFP0254,122.333710099425,203.889516832374,66.6138310451663
LF04,Ries vs. Riez,Riez,Declarative final focus,Overlong,LFP0254,142.722661782662,203.889516832374,64.93653409935
LF04,Ries vs. Riez,Riez,Declarative final focus,Overlong,LFP0254,163.111613465899,203.889516832374,66.7437024425432
LF04,Ries vs. Riez,Riez,Declarative final focus,Overlong,LFP0254,183.500565149137,203.889516832374,65.7308115350207
LF05,Ries vs. Riez,Riez,Declarative final focus,Overlong,LFP0255,0,223.292245965877,61.9114590787418
LF05,Ries vs. Riez,Riez,Declarative final focus,Overlong,LFP0255,22.3292245965878,223.292245965877,64.1774661438344
LF05,Ries vs. Riez,Riez,Declarative final focus,Overlong,LFP0255,44.6584491931754,223.292245965877,65.6480547027208
LF05,Ries vs. Riez,Riez,Declarative final focus,Overlong,LFP0255,66.9876737897632,223.292245965877,65.293986152173
LF05,Ries vs. Riez,Riez,Declarative final focus,Overlong,LFP0255,89.316898386351,223.292245965877,65.3316791738169
LF05,Ries vs. Riez,Riez,Declarative final focus,Overlong,LFP0255,111.646122982939,223.292245965877,63.5709485385387
LF05,Ries vs. Riez,Riez,Declarative final focus,Overlong,LFP0255,133.975347579526,223.292245965877,63.9687648538399
LF05,Ries vs. Riez,Riez,Declarative final focus,Overlong,LFP0255,156.304572176114,223.292245965877,63.2294144385037
LF05,Ries vs. Riez,Riez,Declarative final focus,Overlong,LFP0255,178.633796772702,223.292245965877,59.7540768065412
LF05,Ries vs. Riez,Riez,Declarative final focus,Overlong,LFP0255,200.96302136929,223.292245965877,60.2130088261586
LF06,Ries vs. Riez,Riez,Declarative final focus,Overlong,LFP0256,0,190.689373588504,73.0669970055356
LF06,Ries vs. Riez,Riez,Declarative final focus,Overlong,LFP0256,19.0689373588504,190.689373588504,73.205829204401
LF06,Ries vs. Riez,Riez,Declarative final focus,Overlong,LFP0256,38.1378747177008,190.689373588504,72.9955483261528
LF06,Ries vs. Riez,Riez,Declarative final focus,Overlong,LFP0256,57.2068120765512,190.689373588504,73.0567521988531
LF06,Ries vs. Riez,Riez,Declarative final focus,Overlong,LFP0256,76.2757494354016,190.689373588504,72.7998226553703
LF06,Ries vs. Riez,Riez,Declarative final focus,Overlong,LFP0256,95.3446867942522,190.689373588504,71.1293475323592
LF06,Ries vs. Riez,Riez,Declarative final focus,Overlong,LFP0256,114.413624153103,190.689373588504,67.9818204101706
LF06,Ries vs. Riez,Riez,Declarative final focus,Overlong,LFP0256,133.482561511953,190.689373588504,67.3005397993152
LF06,Ries vs. Riez,Riez,Declarative final focus,Overlong,LFP0256,152.551498870803,190.689373588504,64.0903903541557
LF06,Ries vs. Riez,Riez,Declarative final focus,Overlong,LFP0256,171.620436229654,190.689373588504,63.2514542645378
LF07,Ries vs. Riez,Riez,Declarative final focus,Overlong,LFP0257,0,331.028736443534,60.8640971840359
LF07,Ries vs. Riez,Riez,Declarative final focus,Overlong,LFP0257,33.1028736443535,331.028736443534,65.6969691550254
LF07,Ries vs. Riez,Riez,Declarative final focus,Overlong,LFP0257,66.205747288707,331.028736443534,65.3980925179678
LF07,Ries vs. Riez,Riez,Declarative final focus,Overlong,LFP0257,99.3086209330603,331.028736443534,65.837047679995
LF07,Ries vs. Riez,Riez,Declarative final focus,Overlong,LFP0257,132.411494577414,331.028736443534,65.2565603481542
LF07,Ries vs. Riez,Riez,Declarative final focus,Overlong,LFP0257,165.514368221767,331.028736443534,65.6907952773559
LF07,Ries vs. Riez,Riez,Declarative final focus,Overlong,LFP0257,198.617241866121,331.028736443534,66.2366058982703
LF07,Ries vs. Riez,Riez,Declarative final focus,Overlong,LFP0257,231.720115510474,331.028736443534,60.9531449081879
LF07,Ries vs. Riez,Riez,Declarative final focus,Overlong,LFP0257,264.822989154828,331.028736443534,60.8171431989807
LF07,Ries vs. Riez,Riez,Declarative final focus,Overlong,LFP0257,297.925862799181,331.028736443534,62.110785975903
LF08,Ries vs. Riez,Riez,Declarative final focus,Overlong,LFP0258,0,217.091437384671,72.1093432721741
LF08,Ries vs. Riez,Riez,Declarative final focus,Overlong,LFP0258,21.7091437384671,217.091437384671,73.0730027692245
LF08,Ries vs. Riez,Riez,Declarative final focus,Overlong,LFP0258,43.4182874769342,217.091437384671,73.1852974206577
LF08,Ries vs. Riez,Riez,Declarative final focus,Overlong,LFP0258,65.1274312154011,217.091437384671,72.9259375157876
LF08,Ries vs. Riez,Riez,Declarative final focus,Overlong,LFP0258,86.8365749538682,217.091437384671,73.2795754424086
LF08,Ries vs. Riez,Riez,Declarative final focus,Overlong,LFP0258,108.545718692335,217.091437384671,71.6458393871593
LF08,Ries vs. Riez,Riez,Declarative final focus,Overlong,LFP0258,130.254862430802,217.091437384671,69.0896494940649
LF08,Ries vs. Riez,Riez,Declarative final focus,Overlong,LFP0258,151.96400616927,217.091437384671,67.6107091052373
LF08,Ries vs. Riez,Riez,Declarative final focus,Overlong,LFP0258,173.673149907736,217.091437384671,64.1101879553757
LF08,Ries vs. Riez,Riez,Declarative final focus,Overlong,LFP0258,195.382293646204,217.091437384671,63.025231503561
LF09,Ries vs. Riez,Riez,Declarative final focus,Overlong,LFP0259,0,222.169275351841,60.5496944591163
LF09,Ries vs. Riez,Riez,Declarative final focus,Overlong,LFP0259,22.216927535184,222.169275351841,61.9232538198504
LF09,Ries vs. Riez,Riez,Declarative final focus,Overlong,LFP0259,44.4338550703682,222.169275351841,63.2011691265746
LF09,Ries vs. Riez,Riez,Declarative final focus,Overlong,LFP0259,66.6507826055525,222.169275351841,62.5687455608393
LF09,Ries vs. Riez,Riez,Declarative final focus,Overlong,LFP0259,88.8677101407365,222.169275351841,60.807610658352
LF09,Ries vs. Riez,Riez,Declarative final focus,Overlong,LFP0259,111.08463767592,222.169275351841,58.0235512512837
LF09,Ries vs. Riez,Riez,Declarative final focus,Overlong,LFP0259,133.301565211105,222.169275351841,59.5386844684353
LF09,Ries vs. Riez,Riez,Declarative final focus,Overlong,LFP0259,155.518492746289,222.169275351841,62.6864798051304
LF09,Ries vs. Riez,Riez,Declarative final focus,Overlong,LFP0259,177.735420281473,222.169275351841,61.0761911768927
LF09,Ries vs. Riez,Riez,Declarative final focus,Overlong,LFP0259,199.952347816657,222.169275351841,57.4682743058533
LF10,Ries vs. Riez,Riez,Declarative final focus,Overlong,LFP0260,0,323.033340907213,68.7481731474226
LF10,Ries vs. Riez,Riez,Declarative final focus,Overlong,LFP0260,32.3033340907213,323.033340907213,71.891514109675
LF10,Ries vs. Riez,Riez,Declarative final focus,Overlong,LFP0260,64.6066681814426,323.033340907213,69.2467035673472
LF10,Ries vs. Riez,Riez,Declarative final focus,Overlong,LFP0260,96.9100022721641,323.033340907213,72.1034153971128
LF10,Ries vs. Riez,Riez,Declarative final focus,Overlong,LFP0260,129.213336362885,323.033340907213,65.7960981626124
LF10,Ries vs. Riez,Riez,Declarative final focus,Overlong,LFP0260,161.516670453607,323.033340907213,73.1236519368107
LF10,Ries vs. Riez,Riez,Declarative final focus,Overlong,LFP0260,193.820004544328,323.033340907213,69.4021593915827
LF10,Ries vs. Riez,Riez,Declarative final focus,Overlong,LFP0260,226.123338635049,323.033340907213,65.3252087517399
LF10,Ries vs. Riez,Riez,Declarative final focus,Overlong,LFP0260,258.426672725771,323.033340907213,70.7702556267276
LF10,Ries vs. Riez,Riez,Declarative final focus,Overlong,LFP0260,290.730006816492,323.033340907213,65.0289981208878
LF01,Rieten vs. Rieden,Rieden,Declarative final focus,Overlong,LFP0261,0,278.715529446277,59.6720892200257
LF01,Rieten vs. Rieden,Rieden,Declarative final focus,Overlong,LFP0261,27.8715529446278,278.715529446277,66.8745427079667
LF01,Rieten vs. Rieden,Rieden,Declarative final focus,Overlong,LFP0261,55.7431058892555,278.715529446277,68.4991519955846
LF01,Rieten vs. Rieden,Rieden,Declarative final focus,Overlong,LFP0261,83.6146588338831,278.715529446277,68.2030695564325
LF01,Rieten vs. Rieden,Rieden,Declarative final focus,Overlong,LFP0261,111.486211778511,278.715529446277,67.2309149622727
LF01,Rieten vs. Rieden,Rieden,Declarative final focus,Overlong,LFP0261,139.357764723139,278.715529446277,63.7789854326143
LF01,Rieten vs. Rieden,Rieden,Declarative final focus,Overlong,LFP0261,167.229317667766,278.715529446277,66.0339370462586
LF01,Rieten vs. Rieden,Rieden,Declarative final focus,Overlong,LFP0261,195.100870612394,278.715529446277,66.1105036491233
LF01,Rieten vs. Rieden,Rieden,Declarative final focus,Overlong,LFP0261,222.972423557022,278.715529446277,63.1655613600356
LF01,Rieten vs. Rieden,Rieden,Declarative final focus,Overlong,LFP0261,250.84397650165,278.715529446277,60.7277294214366
LF02,Rieten vs. Rieden,Rieden,Declarative final focus,Overlong,LFP0262,0,189.453222341568,62.5653210094286
LF02,Rieten vs. Rieden,Rieden,Declarative final focus,Overlong,LFP0262,18.9453222341569,189.453222341568,65.3738700950631
LF02,Rieten vs. Rieden,Rieden,Declarative final focus,Overlong,LFP0262,37.8906444683136,189.453222341568,64.4078170058056
LF02,Rieten vs. Rieden,Rieden,Declarative final focus,Overlong,LFP0262,56.8359667024705,189.453222341568,62.7810465811199
LF02,Rieten vs. Rieden,Rieden,Declarative final focus,Overlong,LFP0262,75.7812889366272,189.453222341568,64.2327154393287
LF02,Rieten vs. Rieden,Rieden,Declarative final focus,Overlong,LFP0262,94.7266111707841,189.453222341568,65.7900532951831
LF02,Rieten vs. Rieden,Rieden,Declarative final focus,Overlong,LFP0262,113.671933404941,189.453222341568,61.8093233268109
LF02,Rieten vs. Rieden,Rieden,Declarative final focus,Overlong,LFP0262,132.617255639098,189.453222341568,63.3456370598571
LF02,Rieten vs. Rieden,Rieden,Declarative final focus,Overlong,LFP0262,151.562577873255,189.453222341568,63.026723550538
LF02,Rieten vs. Rieden,Rieden,Declarative final focus,Overlong,LFP0262,170.507900107411,189.453222341568,58.9513420001861
LF03,Rieten vs. Rieden,Rieden,Declarative final focus,Overlong,LFP0263,0,320.555246136376,56.3966748210604
LF03,Rieten vs. Rieden,Rieden,Declarative final focus,Overlong,LFP0263,32.0555246136376,320.555246136376,66.0761456291125
LF03,Rieten vs. Rieden,Rieden,Declarative final focus,Overlong,LFP0263,64.1110492272752,320.555246136376,67.7447851802713
LF03,Rieten vs. Rieden,Rieden,Declarative final focus,Overlong,LFP0263,96.1665738409128,320.555246136376,63.3673796507434
LF03,Rieten vs. Rieden,Rieden,Declarative final focus,Overlong,LFP0263,128.22209845455,320.555246136376,66.7665459939276
LF03,Rieten vs. Rieden,Rieden,Declarative final focus,Overlong,LFP0263,160.277623068188,320.555246136376,61.6983039342905
LF03,Rieten vs. Rieden,Rieden,Declarative final focus,Overlong,LFP0263,192.333147681826,320.555246136376,64.0014019531664
LF03,Rieten vs. Rieden,Rieden,Declarative final focus,Overlong,LFP0263,224.388672295464,320.555246136376,60.9524338456099
LF03,Rieten vs. Rieden,Rieden,Declarative final focus,Overlong,LFP0263,256.444196909101,320.555246136376,60.2618299456312
LF03,Rieten vs. Rieden,Rieden,Declarative final focus,Overlong,LFP0263,288.499721522739,320.555246136376,63.2264588516199
LF04,Rieten vs. Rieden,Rieden,Declarative final focus,Overlong,LFP0264,0,187.258650572874,65.854182040426
LF04,Rieten vs. Rieden,Rieden,Declarative final focus,Overlong,LFP0264,18.7258650572874,187.258650572874,66.0282511019048
LF04,Rieten vs. Rieden,Rieden,Declarative final focus,Overlong,LFP0264,37.4517301145747,187.258650572874,64.0711238234964
LF04,Rieten vs. Rieden,Rieden,Declarative final focus,Overlong,LFP0264,56.1775951718621,187.258650572874,66.39790546199
LF04,Rieten vs. Rieden,Rieden,Declarative final focus,Overlong,LFP0264,74.9034602291494,187.258650572874,66.174541435776
LF04,Rieten vs. Rieden,Rieden,Declarative final focus,Overlong,LFP0264,93.6293252864369,187.258650572874,62.9146112895465
LF04,Rieten vs. Rieden,Rieden,Declarative final focus,Overlong,LFP0264,112.355190343724,187.258650572874,61.0201700031871
LF04,Rieten vs. Rieden,Rieden,Declarative final focus,Overlong,LFP0264,131.081055401011,187.258650572874,58.416368393587
LF04,Rieten vs. Rieden,Rieden,Declarative final focus,Overlong,LFP0264,149.806920458299,187.258650572874,60.2143551141589
LF04,Rieten vs. Rieden,Rieden,Declarative final focus,Overlong,LFP0264,168.532785515586,187.258650572874,64.0404142755563
LF05,Rieten vs. Rieden,Rieden,Declarative final focus,Overlong,LFP0265,0,117.924428378116,66.3329780817101
LF05,Rieten vs. Rieden,Rieden,Declarative final focus,Overlong,LFP0265,11.7924428378116,117.924428378116,66.6448432641542
LF05,Rieten vs. Rieden,Rieden,Declarative final focus,Overlong,LFP0265,23.5848856756233,117.924428378116,67.1419175394858
LF05,Rieten vs. Rieden,Rieden,Declarative final focus,Overlong,LFP0265,35.3773285134349,117.924428378116,67.9162233947969
LF05,Rieten vs. Rieden,Rieden,Declarative final focus,Overlong,LFP0265,47.1697713512467,117.924428378116,68.5012407582015
LF05,Rieten vs. Rieden,Rieden,Declarative final focus,Overlong,LFP0265,58.9622141890582,117.924428378116,66.5312455973815
LF05,Rieten vs. Rieden,Rieden,Declarative final focus,Overlong,LFP0265,70.7546570268698,117.924428378116,66.0953110792157
LF05,Rieten vs. Rieden,Rieden,Declarative final focus,Overlong,LFP0265,82.5470998646816,117.924428378116,65.1238672105942
LF05,Rieten vs. Rieden,Rieden,Declarative final focus,Overlong,LFP0265,94.3395427024931,117.924428378116,64.1917502453823
LF05,Rieten vs. Rieden,Rieden,Declarative final focus,Overlong,LFP0265,106.131985540305,117.924428378116,63.6120508265285
LF06,Rieten vs. Rieden,Rieden,Declarative final focus,Overlong,LFP0266,0,150.581561217604,73.1170758839937
LF06,Rieten vs. Rieden,Rieden,Declarative final focus,Overlong,LFP0266,15.0581561217604,150.581561217604,74.3283117716225
LF06,Rieten vs. Rieden,Rieden,Declarative final focus,Overlong,LFP0266,30.1163122435208,150.581561217604,74.5334079597634
LF06,Rieten vs. Rieden,Rieden,Declarative final focus,Overlong,LFP0266,45.1744683652813,150.581561217604,74.086805337664
LF06,Rieten vs. Rieden,Rieden,Declarative final focus,Overlong,LFP0266,60.2326244870417,150.581561217604,72.9546124693123
LF06,Rieten vs. Rieden,Rieden,Declarative final focus,Overlong,LFP0266,75.2907806088021,150.581561217604,71.9967825700694
LF06,Rieten vs. Rieden,Rieden,Declarative final focus,Overlong,LFP0266,90.3489367305628,150.581561217604,72.3635851055543
LF06,Rieten vs. Rieden,Rieden,Declarative final focus,Overlong,LFP0266,105.407092852323,150.581561217604,72.3931798664371
LF06,Rieten vs. Rieden,Rieden,Declarative final focus,Overlong,LFP0266,120.465248974084,150.581561217604,69.1548499618149
LF06,Rieten vs. Rieden,Rieden,Declarative final focus,Overlong,LFP0266,135.523405095844,150.581561217604,67.1908693070733
LF07,Rieten vs. Rieden,Rieden,Declarative final focus,Overlong,LFP0267,0,244.794513389933,66.182241970649
LF07,Rieten vs. Rieden,Rieden,Declarative final focus,Overlong,LFP0267,24.4794513389934,244.794513389933,71.7055114587556
LF07,Rieten vs. Rieden,Rieden,Declarative final focus,Overlong,LFP0267,48.9589026779866,244.794513389933,72.743273804599
LF07,Rieten vs. Rieden,Rieden,Declarative final focus,Overlong,LFP0267,73.4383540169801,244.794513389933,72.1173445041898
LF07,Rieten vs. Rieden,Rieden,Declarative final focus,Overlong,LFP0267,97.9178053559733,244.794513389933,71.4702781371485
LF07,Rieten vs. Rieden,Rieden,Declarative final focus,Overlong,LFP0267,122.397256694967,244.794513389933,71.3112024109808
LF07,Rieten vs. Rieden,Rieden,Declarative final focus,Overlong,LFP0267,146.87670803396,244.794513389933,70.6674708655994
LF07,Rieten vs. Rieden,Rieden,Declarative final focus,Overlong,LFP0267,171.356159372953,244.794513389933,70.7118763903412
LF07,Rieten vs. Rieden,Rieden,Declarative final focus,Overlong,LFP0267,195.835610711947,244.794513389933,66.594455471939
LF07,Rieten vs. Rieden,Rieden,Declarative final focus,Overlong,LFP0267,220.31506205094,244.794513389933,67.8477090909436
LF08,Rieten vs. Rieden,Rieden,Declarative final focus,Overlong,LFP0268,0,179.257028732546,71.0951076617043
LF08,Rieten vs. Rieden,Rieden,Declarative final focus,Overlong,LFP0268,17.9257028732545,179.257028732546,73.8158159970652
LF08,Rieten vs. Rieden,Rieden,Declarative final focus,Overlong,LFP0268,35.8514057465091,179.257028732546,74.4867746071467
LF08,Rieten vs. Rieden,Rieden,Declarative final focus,Overlong,LFP0268,53.7771086197638,179.257028732546,74.2675032528236
LF08,Rieten vs. Rieden,Rieden,Declarative final focus,Overlong,LFP0268,71.7028114930183,179.257028732546,72.9935634600981
LF08,Rieten vs. Rieden,Rieden,Declarative final focus,Overlong,LFP0268,89.6285143662727,179.257028732546,71.9553605140793
LF08,Rieten vs. Rieden,Rieden,Declarative final focus,Overlong,LFP0268,107.554217239527,179.257028732546,72.6423469534827
LF08,Rieten vs. Rieden,Rieden,Declarative final focus,Overlong,LFP0268,125.479920112782,179.257028732546,70.8531218682141
LF08,Rieten vs. Rieden,Rieden,Declarative final focus,Overlong,LFP0268,143.405622986037,179.257028732546,67.6996406964477
LF08,Rieten vs. Rieden,Rieden,Declarative final focus,Overlong,LFP0268,161.331325859291,179.257028732546,63.8201697200867
LF09,Rieten vs. Rieden,Rieden,Declarative final focus,Overlong,LFP0269,0,188.1563851249,70.5437688334032
LF09,Rieten vs. Rieden,Rieden,Declarative final focus,Overlong,LFP0269,18.81563851249,188.1563851249,69.0175330122222
LF09,Rieten vs. Rieden,Rieden,Declarative final focus,Overlong,LFP0269,37.63127702498,188.1563851249,63.8702536299378
LF09,Rieten vs. Rieden,Rieden,Declarative final focus,Overlong,LFP0269,56.4469155374701,188.1563851249,61.0297946781999
LF09,Rieten vs. Rieden,Rieden,Declarative final focus,Overlong,LFP0269,75.2625540499601,188.1563851249,62.506793613066
LF09,Rieten vs. Rieden,Rieden,Declarative final focus,Overlong,LFP0269,94.0781925624501,188.1563851249,59.7768111055376
LF09,Rieten vs. Rieden,Rieden,Declarative final focus,Overlong,LFP0269,112.89383107494,188.1563851249,61.5379024418996
LF09,Rieten vs. Rieden,Rieden,Declarative final focus,Overlong,LFP0269,131.70946958743,188.1563851249,59.2713355875007
LF09,Rieten vs. Rieden,Rieden,Declarative final focus,Overlong,LFP0269,150.52510809992,188.1563851249,62.0073227823596
LF09,Rieten vs. Rieden,Rieden,Declarative final focus,Overlong,LFP0269,169.34074661241,188.1563851249,65.2499365295001
LF10,Rieten vs. Rieden,Rieden,Declarative final focus,Overlong,LFP0270,0,149.192416136495,69.2013315588226
LF10,Rieten vs. Rieden,Rieden,Declarative final focus,Overlong,LFP0270,14.9192416136494,149.192416136495,72.9600929462559
LF10,Rieten vs. Rieden,Rieden,Declarative final focus,Overlong,LFP0270,29.8384832272991,149.192416136495,73.6566136333282
LF10,Rieten vs. Rieden,Rieden,Declarative final focus,Overlong,LFP0270,44.7577248409485,149.192416136495,72.8747125927517
LF10,Rieten vs. Rieden,Rieden,Declarative final focus,Overlong,LFP0270,59.676966454598,149.192416136495,73.1018250537635
LF10,Rieten vs. Rieden,Rieden,Declarative final focus,Overlong,LFP0270,74.5962080682474,149.192416136495,72.2668965563119
LF10,Rieten vs. Rieden,Rieden,Declarative final focus,Overlong,LFP0270,89.5154496818971,149.192416136495,70.406052653949
LF10,Rieten vs. Rieden,Rieden,Declarative final focus,Overlong,LFP0270,104.434691295547,149.192416136495,71.5162596845021
LF10,Rieten vs. Rieden,Rieden,Declarative final focus,Overlong,LFP0270,119.353932909196,149.192416136495,73.2556917820693
LF10,Rieten vs. Rieden,Rieden,Declarative final focus,Overlong,LFP0270,134.273174522846,149.192416136495,71.7766534739918
LF01,Siet vs. Sied,Sied,Declarative final focus,Overlong,LFP0271,0,293.827474064369,62.4413812734195
LF01,Siet vs. Sied,Sied,Declarative final focus,Overlong,LFP0271,29.382747406437,293.827474064369,67.4995352258227
LF01,Siet vs. Sied,Sied,Declarative final focus,Overlong,LFP0271,58.7654948128737,293.827474064369,69.2182436642091
LF01,Siet vs. Sied,Sied,Declarative final focus,Overlong,LFP0271,88.1482422193107,293.827474064369,65.3620795117144
LF01,Siet vs. Sied,Sied,Declarative final focus,Overlong,LFP0271,117.530989625747,293.827474064369,66.6151576340609
LF01,Siet vs. Sied,Sied,Declarative final focus,Overlong,LFP0271,146.913737032184,293.827474064369,60.9934433226128
LF01,Siet vs. Sied,Sied,Declarative final focus,Overlong,LFP0271,176.296484438621,293.827474064369,67.0583159083832
LF01,Siet vs. Sied,Sied,Declarative final focus,Overlong,LFP0271,205.679231845058,293.827474064369,66.2713809974979
LF01,Siet vs. Sied,Sied,Declarative final focus,Overlong,LFP0271,235.061979251495,293.827474064369,65.3165953357756
LF01,Siet vs. Sied,Sied,Declarative final focus,Overlong,LFP0271,264.444726657932,293.827474064369,65.3353573242186
LF02,Siet vs. Sied,Sied,Declarative final focus,Overlong,LFP0272,0,291.509933573632,59.4912243049364
LF02,Siet vs. Sied,Sied,Declarative final focus,Overlong,LFP0272,29.1509933573633,291.509933573632,65.7732925811374
LF02,Siet vs. Sied,Sied,Declarative final focus,Overlong,LFP0272,58.3019867147263,291.509933573632,63.5774402003966
LF02,Siet vs. Sied,Sied,Declarative final focus,Overlong,LFP0272,87.4529800720896,291.509933573632,63.218977687688
LF02,Siet vs. Sied,Sied,Declarative final focus,Overlong,LFP0272,116.603973429453,291.509933573632,65.4279517939983
LF02,Siet vs. Sied,Sied,Declarative final focus,Overlong,LFP0272,145.754966786816,291.509933573632,61.2815802269135
LF02,Siet vs. Sied,Sied,Declarative final focus,Overlong,LFP0272,174.905960144179,291.509933573632,58.7900476504268
LF02,Siet vs. Sied,Sied,Declarative final focus,Overlong,LFP0272,204.056953501542,291.509933573632,56.6167962955163
LF02,Siet vs. Sied,Sied,Declarative final focus,Overlong,LFP0272,233.207946858906,291.509933573632,52.4216697633909
LF02,Siet vs. Sied,Sied,Declarative final focus,Overlong,LFP0272,262.358940216269,291.509933573632,47.2610461481056
LF03,Siet vs. Sied,Sied,Declarative final focus,Overlong,LFP0273,0,343.879693299567,51.1274574227895
LF03,Siet vs. Sied,Sied,Declarative final focus,Overlong,LFP0273,34.3879693299567,343.879693299567,57.9805772780625
LF03,Siet vs. Sied,Sied,Declarative final focus,Overlong,LFP0273,68.7759386599134,343.879693299567,58.0789124737725
LF03,Siet vs. Sied,Sied,Declarative final focus,Overlong,LFP0273,103.16390798987,343.879693299567,60.3431309111326
LF03,Siet vs. Sied,Sied,Declarative final focus,Overlong,LFP0273,137.551877319827,343.879693299567,54.748344033095
LF03,Siet vs. Sied,Sied,Declarative final focus,Overlong,LFP0273,171.939846649783,343.879693299567,52.5545971540969
LF03,Siet vs. Sied,Sied,Declarative final focus,Overlong,LFP0273,206.32781597974,343.879693299567,48.8143544438194
LF03,Siet vs. Sied,Sied,Declarative final focus,Overlong,LFP0273,240.715785309697,343.879693299567,55.1706986083026
LF03,Siet vs. Sied,Sied,Declarative final focus,Overlong,LFP0273,275.103754639653,343.879693299567,51.3539551999069
LF03,Siet vs. Sied,Sied,Declarative final focus,Overlong,LFP0273,309.49172396961,343.879693299567,46.2963468944724
LF04,Siet vs. Sied,Sied,Declarative final focus,Overlong,LFP0274,0,319.139994247453,58.8318375905915
LF04,Siet vs. Sied,Sied,Declarative final focus,Overlong,LFP0274,31.9139994247453,319.139994247453,56.3747161966588
LF04,Siet vs. Sied,Sied,Declarative final focus,Overlong,LFP0274,63.8279988494905,319.139994247453,56.4051228856811
LF04,Siet vs. Sied,Sied,Declarative final focus,Overlong,LFP0274,95.741998274236,319.139994247453,62.2835183997714
LF04,Siet vs. Sied,Sied,Declarative final focus,Overlong,LFP0274,127.655997698981,319.139994247453,66.8271573839486
LF04,Siet vs. Sied,Sied,Declarative final focus,Overlong,LFP0274,159.569997123727,319.139994247453,62.495161920151
LF04,Siet vs. Sied,Sied,Declarative final focus,Overlong,LFP0274,191.483996548472,319.139994247453,65.0705886308855
LF04,Siet vs. Sied,Sied,Declarative final focus,Overlong,LFP0274,223.397995973217,319.139994247453,65.4463315715288
LF04,Siet vs. Sied,Sied,Declarative final focus,Overlong,LFP0274,255.311995397962,319.139994247453,54.9468387147621
LF04,Siet vs. Sied,Sied,Declarative final focus,Overlong,LFP0274,287.225994822708,319.139994247453,54.001407197304
LF05,Siet vs. Sied,Sied,Declarative final focus,Overlong,LFP0275,0,327.931195511899,51.0679550004029
LF05,Siet vs. Sied,Sied,Declarative final focus,Overlong,LFP0275,32.7931195511899,327.931195511899,63.0187204651279
LF05,Siet vs. Sied,Sied,Declarative final focus,Overlong,LFP0275,65.5862391023798,327.931195511899,67.0825578758303
LF05,Siet vs. Sied,Sied,Declarative final focus,Overlong,LFP0275,98.3793586535697,327.931195511899,67.7117978634822
LF05,Siet vs. Sied,Sied,Declarative final focus,Overlong,LFP0275,131.17247820476,327.931195511899,66.5075590767226
LF05,Siet vs. Sied,Sied,Declarative final focus,Overlong,LFP0275,163.965597755949,327.931195511899,64.4980352941218
LF05,Siet vs. Sied,Sied,Declarative final focus,Overlong,LFP0275,196.758717307139,327.931195511899,65.1445034307903
LF05,Siet vs. Sied,Sied,Declarative final focus,Overlong,LFP0275,229.551836858329,327.931195511899,60.8287722889014
LF05,Siet vs. Sied,Sied,Declarative final focus,Overlong,LFP0275,262.344956409519,327.931195511899,56.4539832049649
LF05,Siet vs. Sied,Sied,Declarative final focus,Overlong,LFP0275,295.138075960709,327.931195511899,47.8971301687303
LF06,Siet vs. Sied,Sied,Declarative final focus,Overlong,LFP0276,0,273.340834916963,64.4908776927714
LF06,Siet vs. Sied,Sied,Declarative final focus,Overlong,LFP0276,27.3340834916962,273.340834916963,69.9895530759282
LF06,Siet vs. Sied,Sied,Declarative final focus,Overlong,LFP0276,54.6681669833926,273.340834916963,72.7134012003233
LF06,Siet vs. Sied,Sied,Declarative final focus,Overlong,LFP0276,82.0022504750888,273.340834916963,70.7808035571284
LF06,Siet vs. Sied,Sied,Declarative final focus,Overlong,LFP0276,109.336333966785,273.340834916963,66.9786489479646
LF06,Siet vs. Sied,Sied,Declarative final focus,Overlong,LFP0276,136.670417458481,273.340834916963,64.9142831852163
LF06,Siet vs. Sied,Sied,Declarative final focus,Overlong,LFP0276,164.004500950178,273.340834916963,62.1111560389385
LF06,Siet vs. Sied,Sied,Declarative final focus,Overlong,LFP0276,191.338584441874,273.340834916963,61.5214729005987
LF06,Siet vs. Sied,Sied,Declarative final focus,Overlong,LFP0276,218.67266793357,273.340834916963,57.2084157509969
LF06,Siet vs. Sied,Sied,Declarative final focus,Overlong,LFP0276,246.006751425267,273.340834916963,46.6799163505612
LF07,Siet vs. Sied,Sied,Declarative final focus,Overlong,LFP0277,0,279.368092352219,67.5354067920441
LF07,Siet vs. Sied,Sied,Declarative final focus,Overlong,LFP0277,27.9368092352219,279.368092352219,68.3895655879676
LF07,Siet vs. Sied,Sied,Declarative final focus,Overlong,LFP0277,55.8736184704438,279.368092352219,65.3966067257471
LF07,Siet vs. Sied,Sied,Declarative final focus,Overlong,LFP0277,83.8104277056657,279.368092352219,65.6716491725052
LF07,Siet vs. Sied,Sied,Declarative final focus,Overlong,LFP0277,111.747236940888,279.368092352219,65.6811866131943
LF07,Siet vs. Sied,Sied,Declarative final focus,Overlong,LFP0277,139.68404617611,279.368092352219,66.3143059838286
LF07,Siet vs. Sied,Sied,Declarative final focus,Overlong,LFP0277,167.620855411331,279.368092352219,63.7516392705484
LF07,Siet vs. Sied,Sied,Declarative final focus,Overlong,LFP0277,195.557664646553,279.368092352219,64.3458032022136
LF07,Siet vs. Sied,Sied,Declarative final focus,Overlong,LFP0277,223.494473881775,279.368092352219,63.2156195962861
LF07,Siet vs. Sied,Sied,Declarative final focus,Overlong,LFP0277,251.431283116997,279.368092352219,59.2196615546874
LF08,Siet vs. Sied,Sied,Declarative final focus,Overlong,LFP0278,0,254.187790561569,68.0525082611582
LF08,Siet vs. Sied,Sied,Declarative final focus,Overlong,LFP0278,25.4187790561569,254.187790561569,72.3378983854554
LF08,Siet vs. Sied,Sied,Declarative final focus,Overlong,LFP0278,50.8375581123137,254.187790561569,71.9263503623101
LF08,Siet vs. Sied,Sied,Declarative final focus,Overlong,LFP0278,76.2563371684706,254.187790561569,68.2758596087871
LF08,Siet vs. Sied,Sied,Declarative final focus,Overlong,LFP0278,101.675116224627,254.187790561569,65.285737031031
LF08,Siet vs. Sied,Sied,Declarative final focus,Overlong,LFP0278,127.093895280785,254.187790561569,63.7816377089461
LF08,Siet vs. Sied,Sied,Declarative final focus,Overlong,LFP0278,152.512674336941,254.187790561569,61.4136520050293
LF08,Siet vs. Sied,Sied,Declarative final focus,Overlong,LFP0278,177.931453393098,254.187790561569,61.2876955090352
LF08,Siet vs. Sied,Sied,Declarative final focus,Overlong,LFP0278,203.350232449255,254.187790561569,56.0814103038309
LF08,Siet vs. Sied,Sied,Declarative final focus,Overlong,LFP0278,228.769011505412,254.187790561569,46.3098968089081
LF09,Siet vs. Sied,Sied,Declarative final focus,Overlong,LFP0279,0,184.555518259935,60.3827449572502
LF09,Siet vs. Sied,Sied,Declarative final focus,Overlong,LFP0279,18.4555518259935,184.555518259935,60.0135181536407
LF09,Siet vs. Sied,Sied,Declarative final focus,Overlong,LFP0279,36.9111036519871,184.555518259935,60.2035214687169
LF09,Siet vs. Sied,Sied,Declarative final focus,Overlong,LFP0279,55.3666554779806,184.555518259935,58.6791884054012
LF09,Siet vs. Sied,Sied,Declarative final focus,Overlong,LFP0279,73.8222073039743,184.555518259935,58.9243078608262
LF09,Siet vs. Sied,Sied,Declarative final focus,Overlong,LFP0279,92.2777591299677,184.555518259935,59.8618609117398
LF09,Siet vs. Sied,Sied,Declarative final focus,Overlong,LFP0279,110.733310955961,184.555518259935,57.5947701178097
LF09,Siet vs. Sied,Sied,Declarative final focus,Overlong,LFP0279,129.188862781955,184.555518259935,59.1883475862091
LF09,Siet vs. Sied,Sied,Declarative final focus,Overlong,LFP0279,147.644414607948,184.555518259935,61.8152336580532
LF09,Siet vs. Sied,Sied,Declarative final focus,Overlong,LFP0279,166.099966433942,184.555518259935,60.0092758966696
LF10,Siet vs. Sied,Sied,Declarative final focus,Overlong,LFP0280,0,290.349317231953,67.5172979421136
LF10,Siet vs. Sied,Sied,Declarative final focus,Overlong,LFP0280,29.0349317231953,290.349317231953,71.6693411596459
LF10,Siet vs. Sied,Sied,Declarative final focus,Overlong,LFP0280,58.0698634463908,290.349317231953,68.2715093691593
LF10,Siet vs. Sied,Sied,Declarative final focus,Overlong,LFP0280,87.104795169586,290.349317231953,65.5074914853361
LF10,Siet vs. Sied,Sied,Declarative final focus,Overlong,LFP0280,116.139726892781,290.349317231953,60.8031592979772
LF10,Siet vs. Sied,Sied,Declarative final focus,Overlong,LFP0280,145.174658615977,290.349317231953,62.831705005707
LF10,Siet vs. Sied,Sied,Declarative final focus,Overlong,LFP0280,174.209590339172,290.349317231953,65.1615052603325
LF10,Siet vs. Sied,Sied,Declarative final focus,Overlong,LFP0280,203.244522062367,290.349317231953,64.9502935303725
LF10,Siet vs. Sied,Sied,Declarative final focus,Overlong,LFP0280,232.279453785563,290.349317231953,59.8394329530314
LF10,Siet vs. Sied,Sied,Declarative final focus,Overlong,LFP0280,261.314385508758,290.349317231953,60.3075870906466
LF01,Swien vs. Swiien,Swiien,Declarative final focus,Overlong,LFP0281,0,335.636778661004,56.61855206558
LF01,Swien vs. Swiien,Swiien,Declarative final focus,Overlong,LFP0281,33.5636778661004,335.636778661004,62.3532820705254
LF01,Swien vs. Swiien,Swiien,Declarative final focus,Overlong,LFP0281,67.127355732201,335.636778661004,59.0761375245559
LF01,Swien vs. Swiien,Swiien,Declarative final focus,Overlong,LFP0281,100.691033598301,335.636778661004,61.8282891869879
LF01,Swien vs. Swiien,Swiien,Declarative final focus,Overlong,LFP0281,134.254711464402,335.636778661004,68.3916752632547
LF01,Swien vs. Swiien,Swiien,Declarative final focus,Overlong,LFP0281,167.818389330502,335.636778661004,68.1781343027914
LF01,Swien vs. Swiien,Swiien,Declarative final focus,Overlong,LFP0281,201.382067196603,335.636778661004,65.7619407995474
LF01,Swien vs. Swiien,Swiien,Declarative final focus,Overlong,LFP0281,234.945745062703,335.636778661004,65.407780960502
LF01,Swien vs. Swiien,Swiien,Declarative final focus,Overlong,LFP0281,268.509422928804,335.636778661004,68.5752989655003
LF01,Swien vs. Swiien,Swiien,Declarative final focus,Overlong,LFP0281,302.073100794904,335.636778661004,65.1994277393124
LF02,Swien vs. Swiien,Swiien,Declarative final focus,Overlong,LFP0282,0,130.84671474359,65.1781306417077
LF02,Swien vs. Swiien,Swiien,Declarative final focus,Overlong,LFP0282,13.0846714743589,130.84671474359,64.3885641836656
LF02,Swien vs. Swiien,Swiien,Declarative final focus,Overlong,LFP0282,26.169342948718,130.84671474359,66.7633293800295
LF02,Swien vs. Swiien,Swiien,Declarative final focus,Overlong,LFP0282,39.2540144230771,130.84671474359,68.6823223741605
LF02,Swien vs. Swiien,Swiien,Declarative final focus,Overlong,LFP0282,52.338685897436,130.84671474359,69.7485677508517
LF02,Swien vs. Swiien,Swiien,Declarative final focus,Overlong,LFP0282,65.4233573717948,130.84671474359,70.3454213001474
LF02,Swien vs. Swiien,Swiien,Declarative final focus,Overlong,LFP0282,78.5080288461539,130.84671474359,70.1026748408422
LF02,Swien vs. Swiien,Swiien,Declarative final focus,Overlong,LFP0282,91.592700320513,130.84671474359,68.2007824299385
LF02,Swien vs. Swiien,Swiien,Declarative final focus,Overlong,LFP0282,104.677371794872,130.84671474359,66.7493651812921
LF02,Swien vs. Swiien,Swiien,Declarative final focus,Overlong,LFP0282,117.762043269231,130.84671474359,66.4971581652101
LF03,Swien vs. Swiien,Swiien,Declarative final focus,Overlong,LFP0283,0,256.8980552974,58.7269606002106
LF03,Swien vs. Swiien,Swiien,Declarative final focus,Overlong,LFP0283,25.6898055297399,256.8980552974,66.3714652070474
LF03,Swien vs. Swiien,Swiien,Declarative final focus,Overlong,LFP0283,51.37961105948,256.8980552974,65.9792503382434
LF03,Swien vs. Swiien,Swiien,Declarative final focus,Overlong,LFP0283,77.0694165892198,256.8980552974,63.3032431833496
LF03,Swien vs. Swiien,Swiien,Declarative final focus,Overlong,LFP0283,102.75922211896,256.8980552974,61.1811800413268
LF03,Swien vs. Swiien,Swiien,Declarative final focus,Overlong,LFP0283,128.4490276487,256.8980552974,64.433340583344
LF03,Swien vs. Swiien,Swiien,Declarative final focus,Overlong,LFP0283,154.13883317844,256.8980552974,65.8821462217904
LF03,Swien vs. Swiien,Swiien,Declarative final focus,Overlong,LFP0283,179.82863870818,256.8980552974,62.3953873370539
LF03,Swien vs. Swiien,Swiien,Declarative final focus,Overlong,LFP0283,205.51844423792,256.8980552974,64.9952744963096
LF03,Swien vs. Swiien,Swiien,Declarative final focus,Overlong,LFP0283,231.20824976766,256.8980552974,63.5336357920792
LF04,Swien vs. Swiien,Swiien,Declarative final focus,Overlong,LFP0284,0,185.024391610971,65.4540821651636
LF04,Swien vs. Swiien,Swiien,Declarative final focus,Overlong,LFP0284,18.5024391610971,185.024391610971,68.7913922838951
LF04,Swien vs. Swiien,Swiien,Declarative final focus,Overlong,LFP0284,37.0048783221941,185.024391610971,68.4681500958447
LF04,Swien vs. Swiien,Swiien,Declarative final focus,Overlong,LFP0284,55.5073174832912,185.024391610971,70.140070428812
LF04,Swien vs. Swiien,Swiien,Declarative final focus,Overlong,LFP0284,74.0097566443882,185.024391610971,68.9274871978789
LF04,Swien vs. Swiien,Swiien,Declarative final focus,Overlong,LFP0284,92.5121958054853,185.024391610971,65.2016722534392
LF04,Swien vs. Swiien,Swiien,Declarative final focus,Overlong,LFP0284,111.014634966582,185.024391610971,66.0384140749628
LF04,Swien vs. Swiien,Swiien,Declarative final focus,Overlong,LFP0284,129.517074127679,185.024391610971,67.0135724159992
LF04,Swien vs. Swiien,Swiien,Declarative final focus,Overlong,LFP0284,148.019513288776,185.024391610971,66.50428865991
LF04,Swien vs. Swiien,Swiien,Declarative final focus,Overlong,LFP0284,166.521952449874,185.024391610971,61.9404126413365
LF05,Swien vs. Swiien,Swiien,Declarative final focus,Overlong,LFP0285,0,210.957515544668,62.9444234976875
LF05,Swien vs. Swiien,Swiien,Declarative final focus,Overlong,LFP0285,21.0957515544667,210.957515544668,63.4944662298148
LF05,Swien vs. Swiien,Swiien,Declarative final focus,Overlong,LFP0285,42.1915031089335,210.957515544668,66.0754828462259
LF05,Swien vs. Swiien,Swiien,Declarative final focus,Overlong,LFP0285,63.2872546634002,210.957515544668,69.3343116324316
LF05,Swien vs. Swiien,Swiien,Declarative final focus,Overlong,LFP0285,84.383006217867,210.957515544668,70.1995613324814
LF05,Swien vs. Swiien,Swiien,Declarative final focus,Overlong,LFP0285,105.478757772334,210.957515544668,66.7216265720694
LF05,Swien vs. Swiien,Swiien,Declarative final focus,Overlong,LFP0285,126.574509326801,210.957515544668,66.1934384851861
LF05,Swien vs. Swiien,Swiien,Declarative final focus,Overlong,LFP0285,147.670260881267,210.957515544668,64.5758656519589
LF05,Swien vs. Swiien,Swiien,Declarative final focus,Overlong,LFP0285,168.766012435734,210.957515544668,63.9709241796406
LF05,Swien vs. Swiien,Swiien,Declarative final focus,Overlong,LFP0285,189.861763990201,210.957515544668,61.7199852626519
LF06,Swien vs. Swiien,Swiien,Declarative final focus,Overlong,LFP0286,0,232.223973997494,79.3848219344381
LF06,Swien vs. Swiien,Swiien,Declarative final focus,Overlong,LFP0286,23.2223973997494,232.223973997494,81.8004570844298
LF06,Swien vs. Swiien,Swiien,Declarative final focus,Overlong,LFP0286,46.4447947994987,232.223973997494,80.9950034309461
LF06,Swien vs. Swiien,Swiien,Declarative final focus,Overlong,LFP0286,69.6671921992481,232.223973997494,79.5235542513862
LF06,Swien vs. Swiien,Swiien,Declarative final focus,Overlong,LFP0286,92.8895895989975,232.223973997494,75.3053577758956
LF06,Swien vs. Swiien,Swiien,Declarative final focus,Overlong,LFP0286,116.111986998747,232.223973997494,76.4242646122584
LF06,Swien vs. Swiien,Swiien,Declarative final focus,Overlong,LFP0286,139.334384398496,232.223973997494,75.5068737929607
LF06,Swien vs. Swiien,Swiien,Declarative final focus,Overlong,LFP0286,162.556781798246,232.223973997494,73.2290321870334
LF06,Swien vs. Swiien,Swiien,Declarative final focus,Overlong,LFP0286,185.779179197995,232.223973997494,73.4156064887612
LF06,Swien vs. Swiien,Swiien,Declarative final focus,Overlong,LFP0286,209.001576597744,232.223973997494,69.5117865220192
LF07,Swien vs. Swiien,Swiien,Declarative final focus,Overlong,LFP0287,0,228.97537371748,66.036989168357
LF07,Swien vs. Swiien,Swiien,Declarative final focus,Overlong,LFP0287,22.8975373717479,228.97537371748,67.5082856092447
LF07,Swien vs. Swiien,Swiien,Declarative final focus,Overlong,LFP0287,45.7950747434959,228.97537371748,67.5585486832009
LF07,Swien vs. Swiien,Swiien,Declarative final focus,Overlong,LFP0287,68.692612115244,228.97537371748,70.812596258862
LF07,Swien vs. Swiien,Swiien,Declarative final focus,Overlong,LFP0287,91.590149486992,228.97537371748,71.0818486564362
LF07,Swien vs. Swiien,Swiien,Declarative final focus,Overlong,LFP0287,114.48768685874,228.97537371748,68.3124851069731
LF07,Swien vs. Swiien,Swiien,Declarative final focus,Overlong,LFP0287,137.385224230488,228.97537371748,67.2384274226419
LF07,Swien vs. Swiien,Swiien,Declarative final focus,Overlong,LFP0287,160.282761602236,228.97537371748,66.8964749192253
LF07,Swien vs. Swiien,Swiien,Declarative final focus,Overlong,LFP0287,183.180298973984,228.97537371748,67.1507744941865
LF07,Swien vs. Swiien,Swiien,Declarative final focus,Overlong,LFP0287,206.077836345732,228.97537371748,66.9762243565461
LF08,Swien vs. Swiien,Swiien,Declarative final focus,Overlong,LFP0288,0,250.728848735851,80.5502568103092
LF08,Swien vs. Swiien,Swiien,Declarative final focus,Overlong,LFP0288,25.0728848735851,250.728848735851,81.6823189328434
LF08,Swien vs. Swiien,Swiien,Declarative final focus,Overlong,LFP0288,50.1457697471701,250.728848735851,80.5643125724593
LF08,Swien vs. Swiien,Swiien,Declarative final focus,Overlong,LFP0288,75.2186546207552,250.728848735851,77.4751498317293
LF08,Swien vs. Swiien,Swiien,Declarative final focus,Overlong,LFP0288,100.29153949434,250.728848735851,76.2334669736282
LF08,Swien vs. Swiien,Swiien,Declarative final focus,Overlong,LFP0288,125.364424367925,250.728848735851,76.0678035074316
LF08,Swien vs. Swiien,Swiien,Declarative final focus,Overlong,LFP0288,150.43730924151,250.728848735851,73.5654958351571
LF08,Swien vs. Swiien,Swiien,Declarative final focus,Overlong,LFP0288,175.510194115095,250.728848735851,73.5053919320031
LF08,Swien vs. Swiien,Swiien,Declarative final focus,Overlong,LFP0288,200.583078988681,250.728848735851,69.8770259951994
LF08,Swien vs. Swiien,Swiien,Declarative final focus,Overlong,LFP0288,225.655963862266,250.728848735851,67.2224193230442
LF09,Swien vs. Swiien,Swiien,Declarative final focus,Overlong,LFP0289,0,263.976883400121,67.6777064001736
LF09,Swien vs. Swiien,Swiien,Declarative final focus,Overlong,LFP0289,26.3976883400121,263.976883400121,69.6279135780331
LF09,Swien vs. Swiien,Swiien,Declarative final focus,Overlong,LFP0289,52.7953766800242,263.976883400121,64.7815007841227
LF09,Swien vs. Swiien,Swiien,Declarative final focus,Overlong,LFP0289,79.1930650200363,263.976883400121,65.1221786823083
LF09,Swien vs. Swiien,Swiien,Declarative final focus,Overlong,LFP0289,105.590753360048,263.976883400121,63.6340582888532
LF09,Swien vs. Swiien,Swiien,Declarative final focus,Overlong,LFP0289,131.988441700061,263.976883400121,61.6527672321159
LF09,Swien vs. Swiien,Swiien,Declarative final focus,Overlong,LFP0289,158.386130040073,263.976883400121,62.6099264573929
LF09,Swien vs. Swiien,Swiien,Declarative final focus,Overlong,LFP0289,184.783818380085,263.976883400121,58.8473978599477
LF09,Swien vs. Swiien,Swiien,Declarative final focus,Overlong,LFP0289,211.181506720097,263.976883400121,59.8539968060957
LF09,Swien vs. Swiien,Swiien,Declarative final focus,Overlong,LFP0289,237.579195060109,263.976883400121,58.8346944173396
LF10,Swien vs. Swiien,Swiien,Declarative final focus,Overlong,LFP0290,0,232.529576861109,65.0077610167226
LF10,Swien vs. Swiien,Swiien,Declarative final focus,Overlong,LFP0290,23.2529576861109,232.529576861109,69.0089979588792
LF10,Swien vs. Swiien,Swiien,Declarative final focus,Overlong,LFP0290,46.5059153722218,232.529576861109,69.8095204028097
LF10,Swien vs. Swiien,Swiien,Declarative final focus,Overlong,LFP0290,69.7588730583327,232.529576861109,72.9699685995894
LF10,Swien vs. Swiien,Swiien,Declarative final focus,Overlong,LFP0290,93.0118307444436,232.529576861109,71.4682077543819
LF10,Swien vs. Swiien,Swiien,Declarative final focus,Overlong,LFP0290,116.264788430554,232.529576861109,73.0029707652137
LF10,Swien vs. Swiien,Swiien,Declarative final focus,Overlong,LFP0290,139.517746116665,232.529576861109,71.2113241021543
LF10,Swien vs. Swiien,Swiien,Declarative final focus,Overlong,LFP0290,162.770703802776,232.529576861109,68.3850816664172
LF10,Swien vs. Swiien,Swiien,Declarative final focus,Overlong,LFP0290,186.023661488887,232.529576861109,67.1566373378784
LF10,Swien vs. Swiien,Swiien,Declarative final focus,Overlong,LFP0290,209.276619174998,232.529576861109,69.0352387625318
LF01,Weken vs. Wegen,Wegen,Declarative final focus,Overlong,LFP0291,0,235.082887062386,59.7543105548873
LF01,Weken vs. Wegen,Wegen,Declarative final focus,Overlong,LFP0291,23.5082887062386,235.082887062386,67.6763995817415
LF01,Weken vs. Wegen,Wegen,Declarative final focus,Overlong,LFP0291,47.0165774124771,235.082887062386,69.0856481237233
LF01,Weken vs. Wegen,Wegen,Declarative final focus,Overlong,LFP0291,70.5248661187158,235.082887062386,68.8313506936632
LF01,Weken vs. Wegen,Wegen,Declarative final focus,Overlong,LFP0291,94.0331548249543,235.082887062386,69.3071890347934
LF01,Weken vs. Wegen,Wegen,Declarative final focus,Overlong,LFP0291,117.541443531193,235.082887062386,65.2601379024961
LF01,Weken vs. Wegen,Wegen,Declarative final focus,Overlong,LFP0291,141.049732237432,235.082887062386,61.754366436713
LF01,Weken vs. Wegen,Wegen,Declarative final focus,Overlong,LFP0291,164.55802094367,235.082887062386,65.2137606113655
LF01,Weken vs. Wegen,Wegen,Declarative final focus,Overlong,LFP0291,188.066309649909,235.082887062386,65.7098295055175
LF01,Weken vs. Wegen,Wegen,Declarative final focus,Overlong,LFP0291,211.574598356147,235.082887062386,62.5015092755853
LF02,Weken vs. Wegen,Wegen,Declarative final focus,Overlong,LFP0292,0,157.596551474841,65.8727805562384
LF02,Weken vs. Wegen,Wegen,Declarative final focus,Overlong,LFP0292,15.7596551474841,157.596551474841,66.2351253027014
LF02,Weken vs. Wegen,Wegen,Declarative final focus,Overlong,LFP0292,31.5193102949682,157.596551474841,65.2595129290695
LF02,Weken vs. Wegen,Wegen,Declarative final focus,Overlong,LFP0292,47.2789654424524,157.596551474841,65.2749753570877
LF02,Weken vs. Wegen,Wegen,Declarative final focus,Overlong,LFP0292,63.0386205899365,157.596551474841,66.0560167540724
LF02,Weken vs. Wegen,Wegen,Declarative final focus,Overlong,LFP0292,78.7982757374204,157.596551474841,65.7912858395137
LF02,Weken vs. Wegen,Wegen,Declarative final focus,Overlong,LFP0292,94.5579308849045,157.596551474841,63.841216822682
LF02,Weken vs. Wegen,Wegen,Declarative final focus,Overlong,LFP0292,110.317586032389,157.596551474841,63.414379303115
LF02,Weken vs. Wegen,Wegen,Declarative final focus,Overlong,LFP0292,126.077241179873,157.596551474841,63.5339324065734
LF02,Weken vs. Wegen,Wegen,Declarative final focus,Overlong,LFP0292,141.836896327357,157.596551474841,64.8305958742477
LF03,Weken vs. Wegen,Wegen,Declarative final focus,Overlong,LFP0293,0,248.698158254567,60.6027354700683
LF03,Weken vs. Wegen,Wegen,Declarative final focus,Overlong,LFP0293,24.8698158254568,248.698158254567,67.0485846113915
LF03,Weken vs. Wegen,Wegen,Declarative final focus,Overlong,LFP0293,49.7396316509133,248.698158254567,69.7371771623946
LF03,Weken vs. Wegen,Wegen,Declarative final focus,Overlong,LFP0293,74.6094474763701,248.698158254567,68.0343752124665
LF03,Weken vs. Wegen,Wegen,Declarative final focus,Overlong,LFP0293,99.4792633018267,248.698158254567,65.3734940213816
LF03,Weken vs. Wegen,Wegen,Declarative final focus,Overlong,LFP0293,124.349079127283,248.698158254567,67.1076915769756
LF03,Weken vs. Wegen,Wegen,Declarative final focus,Overlong,LFP0293,149.21889495274,248.698158254567,69.144816335128
LF03,Weken vs. Wegen,Wegen,Declarative final focus,Overlong,LFP0293,174.088710778197,248.698158254567,66.540976869502
LF03,Weken vs. Wegen,Wegen,Declarative final focus,Overlong,LFP0293,198.958526603654,248.698158254567,62.8831271115885
LF03,Weken vs. Wegen,Wegen,Declarative final focus,Overlong,LFP0293,223.82834242911,248.698158254567,62.0935007383224
LF04,Weken vs. Wegen,Wegen,Declarative final focus,Overlong,LFP0294,0,222.119263834843,67.4547460277382
LF04,Weken vs. Wegen,Wegen,Declarative final focus,Overlong,LFP0294,22.2119263834843,222.119263834843,66.1558791603999
LF04,Weken vs. Wegen,Wegen,Declarative final focus,Overlong,LFP0294,44.4238527669686,222.119263834843,66.4456246221623
LF04,Weken vs. Wegen,Wegen,Declarative final focus,Overlong,LFP0294,66.6357791504529,222.119263834843,67.8774540825409
LF04,Weken vs. Wegen,Wegen,Declarative final focus,Overlong,LFP0294,88.8477055339372,222.119263834843,69.754625265902
LF04,Weken vs. Wegen,Wegen,Declarative final focus,Overlong,LFP0294,111.059631917422,222.119263834843,72.3438387493298
LF04,Weken vs. Wegen,Wegen,Declarative final focus,Overlong,LFP0294,133.271558300906,222.119263834843,71.7056155045976
LF04,Weken vs. Wegen,Wegen,Declarative final focus,Overlong,LFP0294,155.48348468439,222.119263834843,66.8058880614269
LF04,Weken vs. Wegen,Wegen,Declarative final focus,Overlong,LFP0294,177.695411067874,222.119263834843,65.8516131814063
LF04,Weken vs. Wegen,Wegen,Declarative final focus,Overlong,LFP0294,199.907337451359,222.119263834843,67.6903166048606
LF05,Weken vs. Wegen,Wegen,Declarative final focus,Overlong,LFP0295,0,206.43854803933,67.5874974962821
LF05,Weken vs. Wegen,Wegen,Declarative final focus,Overlong,LFP0295,20.6438548039329,206.43854803933,70.2427060423657
LF05,Weken vs. Wegen,Wegen,Declarative final focus,Overlong,LFP0295,41.2877096078661,206.43854803933,70.1412601764118
LF05,Weken vs. Wegen,Wegen,Declarative final focus,Overlong,LFP0295,61.931564411799,206.43854803933,70.8425858314193
LF05,Weken vs. Wegen,Wegen,Declarative final focus,Overlong,LFP0295,82.5754192157322,206.43854803933,73.4460509986969
LF05,Weken vs. Wegen,Wegen,Declarative final focus,Overlong,LFP0295,103.219274019665,206.43854803933,72.9964723930953
LF05,Weken vs. Wegen,Wegen,Declarative final focus,Overlong,LFP0295,123.863128823598,206.43854803933,72.1764849777357
LF05,Weken vs. Wegen,Wegen,Declarative final focus,Overlong,LFP0295,144.506983627531,206.43854803933,68.5470496205737
LF05,Weken vs. Wegen,Wegen,Declarative final focus,Overlong,LFP0295,165.150838431464,206.43854803933,68.7264921360031
LF05,Weken vs. Wegen,Wegen,Declarative final focus,Overlong,LFP0295,185.794693235397,206.43854803933,65.8855050870024
LF06,Weken vs. Wegen,Wegen,Declarative final focus,Overlong,LFP0296,0,219.961967504613,74.2102456530343
LF06,Weken vs. Wegen,Wegen,Declarative final focus,Overlong,LFP0296,21.9961967504614,219.961967504613,76.4380045934171
LF06,Weken vs. Wegen,Wegen,Declarative final focus,Overlong,LFP0296,43.9923935009225,219.961967504613,76.0313604185301
LF06,Weken vs. Wegen,Wegen,Declarative final focus,Overlong,LFP0296,65.9885902513839,219.961967504613,77.1213918368191
LF06,Weken vs. Wegen,Wegen,Declarative final focus,Overlong,LFP0296,87.9847870018453,219.961967504613,78.5613903784331
LF06,Weken vs. Wegen,Wegen,Declarative final focus,Overlong,LFP0296,109.980983752307,219.961967504613,76.1659256708685
LF06,Weken vs. Wegen,Wegen,Declarative final focus,Overlong,LFP0296,131.977180502768,219.961967504613,74.1880183604151
LF06,Weken vs. Wegen,Wegen,Declarative final focus,Overlong,LFP0296,153.973377253229,219.961967504613,72.2406075614455
LF06,Weken vs. Wegen,Wegen,Declarative final focus,Overlong,LFP0296,175.969574003691,219.961967504613,68.9209525262147
LF06,Weken vs. Wegen,Wegen,Declarative final focus,Overlong,LFP0296,197.965770754152,219.961967504613,67.844991492224
LF07,Weken vs. Wegen,Wegen,Declarative final focus,Overlong,LFP0297,0,247.867572117991,65.3413315136159
LF07,Weken vs. Wegen,Wegen,Declarative final focus,Overlong,LFP0297,24.786757211799,247.867572117991,71.4093961979254
LF07,Weken vs. Wegen,Wegen,Declarative final focus,Overlong,LFP0297,49.5735144235983,247.867572117991,76.4213001172262
LF07,Weken vs. Wegen,Wegen,Declarative final focus,Overlong,LFP0297,74.3602716353973,247.867572117991,74.3142597561731
LF07,Weken vs. Wegen,Wegen,Declarative final focus,Overlong,LFP0297,99.1470288471965,247.867572117991,73.6701795688033
LF07,Weken vs. Wegen,Wegen,Declarative final focus,Overlong,LFP0297,123.933786058996,247.867572117991,73.7371814283372
LF07,Weken vs. Wegen,Wegen,Declarative final focus,Overlong,LFP0297,148.720543270795,247.867572117991,71.1867624297071
LF07,Weken vs. Wegen,Wegen,Declarative final focus,Overlong,LFP0297,173.507300482594,247.867572117991,68.0504159850937
LF07,Weken vs. Wegen,Wegen,Declarative final focus,Overlong,LFP0297,198.294057694393,247.867572117991,69.0381502312464
LF07,Weken vs. Wegen,Wegen,Declarative final focus,Overlong,LFP0297,223.080814906192,247.867572117991,66.8952646901695
LF08,Weken vs. Wegen,Wegen,Declarative final focus,Overlong,LFP0298,0,229.901360544218,74.9845939908991
LF08,Weken vs. Wegen,Wegen,Declarative final focus,Overlong,LFP0298,22.9901360544218,229.901360544218,76.4105849971615
LF08,Weken vs. Wegen,Wegen,Declarative final focus,Overlong,LFP0298,45.9802721088436,229.901360544218,75.8622424996838
LF08,Weken vs. Wegen,Wegen,Declarative final focus,Overlong,LFP0298,68.9704081632654,229.901360544218,78.0226221460861
LF08,Weken vs. Wegen,Wegen,Declarative final focus,Overlong,LFP0298,91.9605442176872,229.901360544218,77.5972262379826
LF08,Weken vs. Wegen,Wegen,Declarative final focus,Overlong,LFP0298,114.950680272109,229.901360544218,75.6692077342514
LF08,Weken vs. Wegen,Wegen,Declarative final focus,Overlong,LFP0298,137.940816326531,229.901360544218,73.5217622989104
LF08,Weken vs. Wegen,Wegen,Declarative final focus,Overlong,LFP0298,160.930952380952,229.901360544218,70.6184889513866
LF08,Weken vs. Wegen,Wegen,Declarative final focus,Overlong,LFP0298,183.921088435374,229.901360544218,68.1333361439214
LF08,Weken vs. Wegen,Wegen,Declarative final focus,Overlong,LFP0298,206.911224489796,229.901360544218,65.8476585518702
LF09,Weken vs. Wegen,Wegen,Declarative final focus,Overlong,LFP0299,0,180.412936875155,66.81208949922
LF09,Weken vs. Wegen,Wegen,Declarative final focus,Overlong,LFP0299,18.0412936875154,180.412936875155,67.7274322449179
LF09,Weken vs. Wegen,Wegen,Declarative final focus,Overlong,LFP0299,36.082587375031,180.412936875155,70.0039793806612
LF09,Weken vs. Wegen,Wegen,Declarative final focus,Overlong,LFP0299,54.1238810625464,180.412936875155,71.2159617118519
LF09,Weken vs. Wegen,Wegen,Declarative final focus,Overlong,LFP0299,72.165174750062,180.412936875155,72.0882296402001
LF09,Weken vs. Wegen,Wegen,Declarative final focus,Overlong,LFP0299,90.2064684375774,180.412936875155,69.052506575728
LF09,Weken vs. Wegen,Wegen,Declarative final focus,Overlong,LFP0299,108.247762125093,180.412936875155,71.0968985391701
LF09,Weken vs. Wegen,Wegen,Declarative final focus,Overlong,LFP0299,126.289055812608,180.412936875155,68.3671260639133
LF09,Weken vs. Wegen,Wegen,Declarative final focus,Overlong,LFP0299,144.330349500124,180.412936875155,65.9453686187878
LF09,Weken vs. Wegen,Wegen,Declarative final focus,Overlong,LFP0299,162.371643187639,180.412936875155,63.4251483968134
LF10,Weken vs. Wegen,Wegen,Declarative final focus,Overlong,LFP0300,0,174.530449578617,74.3600826310199
LF10,Weken vs. Wegen,Wegen,Declarative final focus,Overlong,LFP0300,17.4530449578616,174.530449578617,74.9585520826489
LF10,Weken vs. Wegen,Wegen,Declarative final focus,Overlong,LFP0300,34.9060899157234,174.530449578617,74.2200022389407
LF10,Weken vs. Wegen,Wegen,Declarative final focus,Overlong,LFP0300,52.359134873585,174.530449578617,73.5772068545475
LF10,Weken vs. Wegen,Wegen,Declarative final focus,Overlong,LFP0300,69.8121798314468,174.530449578617,71.9578698430493
LF10,Weken vs. Wegen,Wegen,Declarative final focus,Overlong,LFP0300,87.2652247893084,174.530449578617,68.1634492113513
LF10,Weken vs. Wegen,Wegen,Declarative final focus,Overlong,LFP0300,104.71826974717,174.530449578617,66.8785002302745
LF10,Weken vs. Wegen,Wegen,Declarative final focus,Overlong,LFP0300,122.171314705032,174.530449578617,65.9735470788327
LF10,Weken vs. Wegen,Wegen,Declarative final focus,Overlong,LFP0300,139.624359662893,174.530449578617,66.0503415791116
LF10,Weken vs. Wegen,Wegen,Declarative final focus,Overlong,LFP0300,157.077404620755,174.530449578617,62.019220610534
LF01,Laten vs. Laden,Laden,Declarative non-final focus,Overlong,LFP0301,0,196.02904479404,68.0995067115276
LF01,Laten vs. Laden,Laden,Declarative non-final focus,Overlong,LFP0301,19.6029044794039,196.02904479404,72.8274840202164
LF01,Laten vs. Laden,Laden,Declarative non-final focus,Overlong,LFP0301,39.2058089588081,196.02904479404,74.7669002362459
LF01,Laten vs. Laden,Laden,Declarative non-final focus,Overlong,LFP0301,58.808713438212,196.02904479404,74.759654797071
LF01,Laten vs. Laden,Laden,Declarative non-final focus,Overlong,LFP0301,78.4116179176162,196.02904479404,71.0705299674875
LF01,Laten vs. Laden,Laden,Declarative non-final focus,Overlong,LFP0301,98.0145223970201,196.02904479404,72.196812594754
LF01,Laten vs. Laden,Laden,Declarative non-final focus,Overlong,LFP0301,117.617426876424,196.02904479404,71.2498257789185
LF01,Laten vs. Laden,Laden,Declarative non-final focus,Overlong,LFP0301,137.220331355828,196.02904479404,69.5399366349185
LF01,Laten vs. Laden,Laden,Declarative non-final focus,Overlong,LFP0301,156.823235835232,196.02904479404,68.4518020159973
LF01,Laten vs. Laden,Laden,Declarative non-final focus,Overlong,LFP0301,176.426140314636,196.02904479404,68.5741332976146
LF02,Laten vs. Laden,Laden,Declarative non-final focus,Overlong,LFP0302,0,212.44292266122,64.1085440727076
LF02,Laten vs. Laden,Laden,Declarative non-final focus,Overlong,LFP0302,21.244292266122,212.44292266122,64.9558285943933
LF02,Laten vs. Laden,Laden,Declarative non-final focus,Overlong,LFP0302,42.488584532244,212.44292266122,64.8947992438365
LF02,Laten vs. Laden,Laden,Declarative non-final focus,Overlong,LFP0302,63.732876798366,212.44292266122,66.3930498193967
LF02,Laten vs. Laden,Laden,Declarative non-final focus,Overlong,LFP0302,84.977169064488,212.44292266122,68.0139385938551
LF02,Laten vs. Laden,Laden,Declarative non-final focus,Overlong,LFP0302,106.22146133061,212.44292266122,66.9693629465474
LF02,Laten vs. Laden,Laden,Declarative non-final focus,Overlong,LFP0302,127.465753596732,212.44292266122,65.1249837414949
LF02,Laten vs. Laden,Laden,Declarative non-final focus,Overlong,LFP0302,148.710045862854,212.44292266122,65.0556407695898
LF02,Laten vs. Laden,Laden,Declarative non-final focus,Overlong,LFP0302,169.954338128976,212.44292266122,64.868960730098
LF02,Laten vs. Laden,Laden,Declarative non-final focus,Overlong,LFP0302,191.198630395098,212.44292266122,62.6650935339096
LF03,Laten vs. Laden,Laden,Declarative non-final focus,Overlong,LFP0303,0,289.222532409818,66.3628348878365
LF03,Laten vs. Laden,Laden,Declarative non-final focus,Overlong,LFP0303,28.9222532409819,289.222532409818,71.6939375398989
LF03,Laten vs. Laden,Laden,Declarative non-final focus,Overlong,LFP0303,57.8445064819635,289.222532409818,74.5323273957744
LF03,Laten vs. Laden,Laden,Declarative non-final focus,Overlong,LFP0303,86.7667597229456,289.222532409818,76.2659227780961
LF03,Laten vs. Laden,Laden,Declarative non-final focus,Overlong,LFP0303,115.689012963927,289.222532409818,75.6527712230469
LF03,Laten vs. Laden,Laden,Declarative non-final focus,Overlong,LFP0303,144.611266204909,289.222532409818,73.3534374478225
LF03,Laten vs. Laden,Laden,Declarative non-final focus,Overlong,LFP0303,173.533519445891,289.222532409818,74.2759736808146
LF03,Laten vs. Laden,Laden,Declarative non-final focus,Overlong,LFP0303,202.455772686873,289.222532409818,73.9321336994167
LF03,Laten vs. Laden,Laden,Declarative non-final focus,Overlong,LFP0303,231.378025927855,289.222532409818,72.0794861767074
LF03,Laten vs. Laden,Laden,Declarative non-final focus,Overlong,LFP0303,260.300279168836,289.222532409818,70.8550932215569
LF04,Laten vs. Laden,Laden,Declarative non-final focus,Overlong,LFP0304,0,201.342117436332,62.4279008601405
LF04,Laten vs. Laden,Laden,Declarative non-final focus,Overlong,LFP0304,20.1342117436332,201.342117436332,67.4373729187903
LF04,Laten vs. Laden,Laden,Declarative non-final focus,Overlong,LFP0304,40.2684234872663,201.342117436332,67.1318064543092
LF04,Laten vs. Laden,Laden,Declarative non-final focus,Overlong,LFP0304,60.4026352308996,201.342117436332,66.1519489705123
LF04,Laten vs. Laden,Laden,Declarative non-final focus,Overlong,LFP0304,80.5368469745328,201.342117436332,67.5311006157487
LF04,Laten vs. Laden,Laden,Declarative non-final focus,Overlong,LFP0304,100.671058718166,201.342117436332,68.2796789969475
LF04,Laten vs. Laden,Laden,Declarative non-final focus,Overlong,LFP0304,120.805270461799,201.342117436332,67.7211382670516
LF04,Laten vs. Laden,Laden,Declarative non-final focus,Overlong,LFP0304,140.939482205432,201.342117436332,65.6766397015918
LF04,Laten vs. Laden,Laden,Declarative non-final focus,Overlong,LFP0304,161.073693949066,201.342117436332,64.0254355027194
LF04,Laten vs. Laden,Laden,Declarative non-final focus,Overlong,LFP0304,181.207905692699,201.342117436332,65.3392520035517
LF05,Laten vs. Laden,Laden,Declarative non-final focus,Overlong,LFP0305,0,183.268161207924,70.2754299666345
LF05,Laten vs. Laden,Laden,Declarative non-final focus,Overlong,LFP0305,18.3268161207923,183.268161207924,71.1403740148879
LF05,Laten vs. Laden,Laden,Declarative non-final focus,Overlong,LFP0305,36.6536322415849,183.268161207924,72.651552668008
LF05,Laten vs. Laden,Laden,Declarative non-final focus,Overlong,LFP0305,54.9804483623773,183.268161207924,72.3734565462627
LF05,Laten vs. Laden,Laden,Declarative non-final focus,Overlong,LFP0305,73.3072644831698,183.268161207924,72.4924035324732
LF05,Laten vs. Laden,Laden,Declarative non-final focus,Overlong,LFP0305,91.6340806039622,183.268161207924,73.2872795745843
LF05,Laten vs. Laden,Laden,Declarative non-final focus,Overlong,LFP0305,109.960896724755,183.268161207924,71.4165271385314
LF05,Laten vs. Laden,Laden,Declarative non-final focus,Overlong,LFP0305,128.287712845547,183.268161207924,73.4334487279586
LF05,Laten vs. Laden,Laden,Declarative non-final focus,Overlong,LFP0305,146.614528966339,183.268161207924,71.3226138764945
LF05,Laten vs. Laden,Laden,Declarative non-final focus,Overlong,LFP0305,164.941345087132,183.268161207924,71.9198014438238
LF06,Laten vs. Laden,Laden,Declarative non-final focus,Overlong,LFP0306,0,203.35834503842,78.4045417157296
LF06,Laten vs. Laden,Laden,Declarative non-final focus,Overlong,LFP0306,20.335834503842,203.35834503842,82.7822238534265
LF06,Laten vs. Laden,Laden,Declarative non-final focus,Overlong,LFP0306,40.671669007684,203.35834503842,84.2571056916284
LF06,Laten vs. Laden,Laden,Declarative non-final focus,Overlong,LFP0306,61.0075035115261,203.35834503842,85.4991215107498
LF06,Laten vs. Laden,Laden,Declarative non-final focus,Overlong,LFP0306,81.3433380153681,203.35834503842,85.1522799101781
LF06,Laten vs. Laden,Laden,Declarative non-final focus,Overlong,LFP0306,101.67917251921,203.35834503842,83.716967452681
LF06,Laten vs. Laden,Laden,Declarative non-final focus,Overlong,LFP0306,122.015007023052,203.35834503842,82.4335991246697
LF06,Laten vs. Laden,Laden,Declarative non-final focus,Overlong,LFP0306,142.350841526894,203.35834503842,79.1799773891786
LF06,Laten vs. Laden,Laden,Declarative non-final focus,Overlong,LFP0306,162.686676030736,203.35834503842,79.137923926604
LF06,Laten vs. Laden,Laden,Declarative non-final focus,Overlong,LFP0306,183.022510534578,203.35834503842,78.3943030516802
LF07,Laten vs. Laden,Laden,Declarative non-final focus,Overlong,LFP0307,0,223.93941897143,66.9596929429126
LF07,Laten vs. Laden,Laden,Declarative non-final focus,Overlong,LFP0307,22.3939418971431,223.93941897143,74.3654117132604
LF07,Laten vs. Laden,Laden,Declarative non-final focus,Overlong,LFP0307,44.7878837942861,223.93941897143,74.9358773770781
LF07,Laten vs. Laden,Laden,Declarative non-final focus,Overlong,LFP0307,67.1818256914289,223.93941897143,77.0698915033986
LF07,Laten vs. Laden,Laden,Declarative non-final focus,Overlong,LFP0307,89.575767588572,223.93941897143,76.0610092221094
LF07,Laten vs. Laden,Laden,Declarative non-final focus,Overlong,LFP0307,111.969709485715,223.93941897143,75.1808461947723
LF07,Laten vs. Laden,Laden,Declarative non-final focus,Overlong,LFP0307,134.363651382858,223.93941897143,75.6515581247599
LF07,Laten vs. Laden,Laden,Declarative non-final focus,Overlong,LFP0307,156.757593280001,223.93941897143,73.6508173043142
LF07,Laten vs. Laden,Laden,Declarative non-final focus,Overlong,LFP0307,179.151535177144,223.93941897143,73.1312738288596
LF07,Laten vs. Laden,Laden,Declarative non-final focus,Overlong,LFP0307,201.545477074287,223.93941897143,72.8727039319332
LF08,Laten vs. Laden,Laden,Declarative non-final focus,Overlong,LFP0308,0,202.158614427552,76.705452878576
LF08,Laten vs. Laden,Laden,Declarative non-final focus,Overlong,LFP0308,20.2158614427552,202.158614427552,82.0463836134901
LF08,Laten vs. Laden,Laden,Declarative non-final focus,Overlong,LFP0308,40.4317228855104,202.158614427552,83.8594226291712
LF08,Laten vs. Laden,Laden,Declarative non-final focus,Overlong,LFP0308,60.6475843282657,202.158614427552,85.2720399807713
LF08,Laten vs. Laden,Laden,Declarative non-final focus,Overlong,LFP0308,80.8634457710209,202.158614427552,85.4155790304
LF08,Laten vs. Laden,Laden,Declarative non-final focus,Overlong,LFP0308,101.079307213776,202.158614427552,84.1472289611406
LF08,Laten vs. Laden,Laden,Declarative non-final focus,Overlong,LFP0308,121.295168656532,202.158614427552,82.9248798624898
LF08,Laten vs. Laden,Laden,Declarative non-final focus,Overlong,LFP0308,141.511030099287,202.158614427552,80.0845960381728
LF08,Laten vs. Laden,Laden,Declarative non-final focus,Overlong,LFP0308,161.726891542042,202.158614427552,79.2282670797038
LF08,Laten vs. Laden,Laden,Declarative non-final focus,Overlong,LFP0308,181.942752984797,202.158614427552,78.576727846044
LF09,Laten vs. Laden,Laden,Declarative non-final focus,Overlong,LFP0309,0,233.796025821766,69.522397440602
LF09,Laten vs. Laden,Laden,Declarative non-final focus,Overlong,LFP0309,23.3796025821766,233.796025821766,74.7149389638027
LF09,Laten vs. Laden,Laden,Declarative non-final focus,Overlong,LFP0309,46.7592051643533,233.796025821766,77.6090932893944
LF09,Laten vs. Laden,Laden,Declarative non-final focus,Overlong,LFP0309,70.1388077465297,233.796025821766,77.505836160557
LF09,Laten vs. Laden,Laden,Declarative non-final focus,Overlong,LFP0309,93.5184103287063,233.796025821766,78.1371932544058
LF09,Laten vs. Laden,Laden,Declarative non-final focus,Overlong,LFP0309,116.898012910883,233.796025821766,77.8588981777651
LF09,Laten vs. Laden,Laden,Declarative non-final focus,Overlong,LFP0309,140.27761549306,233.796025821766,78.0704234321817
LF09,Laten vs. Laden,Laden,Declarative non-final focus,Overlong,LFP0309,163.657218075236,233.796025821766,76.6978382406455
LF09,Laten vs. Laden,Laden,Declarative non-final focus,Overlong,LFP0309,187.036820657413,233.796025821766,70.7688122086977
LF09,Laten vs. Laden,Laden,Declarative non-final focus,Overlong,LFP0309,210.416423239589,233.796025821766,66.1548488170818
LF10,Laten vs. Laden,Laden,Declarative non-final focus,Overlong,LFP0310,0,281.255091196398,77.8293120167912
LF10,Laten vs. Laden,Laden,Declarative non-final focus,Overlong,LFP0310,28.1255091196397,281.255091196398,77.9262988624849
LF10,Laten vs. Laden,Laden,Declarative non-final focus,Overlong,LFP0310,56.2510182392795,281.255091196398,78.5726213910147
LF10,Laten vs. Laden,Laden,Declarative non-final focus,Overlong,LFP0310,84.3765273589192,281.255091196398,77.6471316945911
LF10,Laten vs. Laden,Laden,Declarative non-final focus,Overlong,LFP0310,112.502036478559,281.255091196398,77.4701568804875
LF10,Laten vs. Laden,Laden,Declarative non-final focus,Overlong,LFP0310,140.627545598199,281.255091196398,81.1697485505516
LF10,Laten vs. Laden,Laden,Declarative non-final focus,Overlong,LFP0310,168.753054717839,281.255091196398,77.1102190513337
LF10,Laten vs. Laden,Laden,Declarative non-final focus,Overlong,LFP0310,196.878563837478,281.255091196398,76.8907995368319
LF10,Laten vs. Laden,Laden,Declarative non-final focus,Overlong,LFP0310,225.004072957118,281.255091196398,76.2966932628084
LF10,Laten vs. Laden,Laden,Declarative non-final focus,Overlong,LFP0310,253.129582076758,281.255091196398,68.3855978102805
LF01,Ries vs. Riez,Riez,Declarative non-final focus,Overlong,LFP0311,0,245.213931908461,64.5523721989899
LF01,Ries vs. Riez,Riez,Declarative non-final focus,Overlong,LFP0311,24.5213931908461,245.213931908461,62.5921824246032
LF01,Ries vs. Riez,Riez,Declarative non-final focus,Overlong,LFP0311,49.0427863816922,245.213931908461,63.3665368194514
LF01,Ries vs. Riez,Riez,Declarative non-final focus,Overlong,LFP0311,73.5641795725381,245.213931908461,64.7803150142574
LF01,Ries vs. Riez,Riez,Declarative non-final focus,Overlong,LFP0311,98.0855727633842,245.213931908461,67.0215060491636
LF01,Ries vs. Riez,Riez,Declarative non-final focus,Overlong,LFP0311,122.60696595423,245.213931908461,64.8489774973718
LF01,Ries vs. Riez,Riez,Declarative non-final focus,Overlong,LFP0311,147.128359145077,245.213931908461,66.4365709604199
LF01,Ries vs. Riez,Riez,Declarative non-final focus,Overlong,LFP0311,171.649752335923,245.213931908461,64.3920910690776
LF01,Ries vs. Riez,Riez,Declarative non-final focus,Overlong,LFP0311,196.171145526768,245.213931908461,66.7055480663752
LF01,Ries vs. Riez,Riez,Declarative non-final focus,Overlong,LFP0311,220.692538717615,245.213931908461,59.9227063561221
LF02,Ries vs. Riez,Riez,Declarative non-final focus,Overlong,LFP0312,0,187.317454221061,62.4667285074096
LF02,Ries vs. Riez,Riez,Declarative non-final focus,Overlong,LFP0312,18.7317454221061,187.317454221061,64.5329168723305
LF02,Ries vs. Riez,Riez,Declarative non-final focus,Overlong,LFP0312,37.4634908442122,187.317454221061,66.1292388746369
LF02,Ries vs. Riez,Riez,Declarative non-final focus,Overlong,LFP0312,56.1952362663183,187.317454221061,65.7813445658565
LF02,Ries vs. Riez,Riez,Declarative non-final focus,Overlong,LFP0312,74.9269816884244,187.317454221061,64.7956603504703
LF02,Ries vs. Riez,Riez,Declarative non-final focus,Overlong,LFP0312,93.6587271105305,187.317454221061,65.5349524202572
LF02,Ries vs. Riez,Riez,Declarative non-final focus,Overlong,LFP0312,112.390472532637,187.317454221061,66.9834059664054
LF02,Ries vs. Riez,Riez,Declarative non-final focus,Overlong,LFP0312,131.122217954743,187.317454221061,62.7688512232485
LF02,Ries vs. Riez,Riez,Declarative non-final focus,Overlong,LFP0312,149.853963376849,187.317454221061,63.8506270834796
LF02,Ries vs. Riez,Riez,Declarative non-final focus,Overlong,LFP0312,168.585708798955,187.317454221061,64.702458102897
LF03,Ries vs. Riez,Riez,Declarative non-final focus,Overlong,LFP0313,0,262.862283348479,59.695633819313
LF03,Ries vs. Riez,Riez,Declarative non-final focus,Overlong,LFP0313,26.2862283348479,262.862283348479,60.0932711263283
LF03,Ries vs. Riez,Riez,Declarative non-final focus,Overlong,LFP0313,52.5724566696957,262.862283348479,59.9483293357074
LF03,Ries vs. Riez,Riez,Declarative non-final focus,Overlong,LFP0313,78.8586850045436,262.862283348479,61.9891924256451
LF03,Ries vs. Riez,Riez,Declarative non-final focus,Overlong,LFP0313,105.144913339392,262.862283348479,57.0840759967022
LF03,Ries vs. Riez,Riez,Declarative non-final focus,Overlong,LFP0313,131.431141674239,262.862283348479,60.161327297137
LF03,Ries vs. Riez,Riez,Declarative non-final focus,Overlong,LFP0313,157.717370009087,262.862283348479,63.8786275772023
LF03,Ries vs. Riez,Riez,Declarative non-final focus,Overlong,LFP0313,184.003598343935,262.862283348479,60.5616098695448
LF03,Ries vs. Riez,Riez,Declarative non-final focus,Overlong,LFP0313,210.289826678783,262.862283348479,59.5621432770238
LF03,Ries vs. Riez,Riez,Declarative non-final focus,Overlong,LFP0313,236.576055013631,262.862283348479,55.7504425739275
LF04,Ries vs. Riez,Riez,Declarative non-final focus,Overlong,LFP0314,0,219.39449522491,66.629812130355
LF04,Ries vs. Riez,Riez,Declarative non-final focus,Overlong,LFP0314,21.9394495224909,219.39449522491,68.55482865727
LF04,Ries vs. Riez,Riez,Declarative non-final focus,Overlong,LFP0314,43.8788990449819,219.39449522491,69.2116012721341
LF04,Ries vs. Riez,Riez,Declarative non-final focus,Overlong,LFP0314,65.8183485674728,219.39449522491,64.18964134099
LF04,Ries vs. Riez,Riez,Declarative non-final focus,Overlong,LFP0314,87.7577980899638,219.39449522491,68.4902490732708
LF04,Ries vs. Riez,Riez,Declarative non-final focus,Overlong,LFP0314,109.697247612455,219.39449522491,68.0297654986918
LF04,Ries vs. Riez,Riez,Declarative non-final focus,Overlong,LFP0314,131.636697134946,219.39449522491,67.3541481689515
LF04,Ries vs. Riez,Riez,Declarative non-final focus,Overlong,LFP0314,153.576146657437,219.39449522491,66.6622296715856
LF04,Ries vs. Riez,Riez,Declarative non-final focus,Overlong,LFP0314,175.515596179928,219.39449522491,65.6845912106161
LF04,Ries vs. Riez,Riez,Declarative non-final focus,Overlong,LFP0314,197.455045702419,219.39449522491,62.0687317670133
LF05,Ries vs. Riez,Riez,Declarative non-final focus,Overlong,LFP0315,0,181.988503557645,64.4825650023628
LF05,Ries vs. Riez,Riez,Declarative non-final focus,Overlong,LFP0315,18.1988503557644,181.988503557645,66.7876103488556
LF05,Ries vs. Riez,Riez,Declarative non-final focus,Overlong,LFP0315,36.3977007115288,181.988503557645,68.2642540498914
LF05,Ries vs. Riez,Riez,Declarative non-final focus,Overlong,LFP0315,54.5965510672934,181.988503557645,68.1744595909064
LF05,Ries vs. Riez,Riez,Declarative non-final focus,Overlong,LFP0315,72.7954014230579,181.988503557645,67.8847696134337
LF05,Ries vs. Riez,Riez,Declarative non-final focus,Overlong,LFP0315,90.9942517788223,181.988503557645,66.7084593597252
LF05,Ries vs. Riez,Riez,Declarative non-final focus,Overlong,LFP0315,109.193102134587,181.988503557645,69.5871651433301
LF05,Ries vs. Riez,Riez,Declarative non-final focus,Overlong,LFP0315,127.391952490351,181.988503557645,71.7511105308413
LF05,Ries vs. Riez,Riez,Declarative non-final focus,Overlong,LFP0315,145.590802846116,181.988503557645,72.5952667084625
LF05,Ries vs. Riez,Riez,Declarative non-final focus,Overlong,LFP0315,163.78965320188,181.988503557645,71.7677874555354
LF06,Ries vs. Riez,Riez,Declarative non-final focus,Overlong,LFP0316,0,176.271713624721,74.1451390738051
LF06,Ries vs. Riez,Riez,Declarative non-final focus,Overlong,LFP0316,17.627171362472,176.271713624721,74.1902409009904
LF06,Ries vs. Riez,Riez,Declarative non-final focus,Overlong,LFP0316,35.2543427249443,176.271713624721,74.4489324013651
LF06,Ries vs. Riez,Riez,Declarative non-final focus,Overlong,LFP0316,52.8815140874164,176.271713624721,73.6524911428558
LF06,Ries vs. Riez,Riez,Declarative non-final focus,Overlong,LFP0316,70.5086854498884,176.271713624721,72.1301914018282
LF06,Ries vs. Riez,Riez,Declarative non-final focus,Overlong,LFP0316,88.1358568123607,176.271713624721,70.7401460773092
LF06,Ries vs. Riez,Riez,Declarative non-final focus,Overlong,LFP0316,105.763028174833,176.271713624721,70.5543586658949
LF06,Ries vs. Riez,Riez,Declarative non-final focus,Overlong,LFP0316,123.390199537305,176.271713624721,72.2519156504324
LF06,Ries vs. Riez,Riez,Declarative non-final focus,Overlong,LFP0316,141.017370899777,176.271713624721,73.4385907209982
LF06,Ries vs. Riez,Riez,Declarative non-final focus,Overlong,LFP0316,158.644542262249,176.271713624721,73.3420365062028
LF07,Ries vs. Riez,Riez,Declarative non-final focus,Overlong,LFP0317,0,260.008784445897,65.4538429182387
LF07,Ries vs. Riez,Riez,Declarative non-final focus,Overlong,LFP0317,26.0008784445898,260.008784445897,68.6419834623909
LF07,Ries vs. Riez,Riez,Declarative non-final focus,Overlong,LFP0317,52.0017568891793,260.008784445897,67.8825825096329
LF07,Ries vs. Riez,Riez,Declarative non-final focus,Overlong,LFP0317,78.002635333769,260.008784445897,69.46977284424
LF07,Ries vs. Riez,Riez,Declarative non-final focus,Overlong,LFP0317,104.003513778359,260.008784445897,67.7915868020176
LF07,Ries vs. Riez,Riez,Declarative non-final focus,Overlong,LFP0317,130.004392222948,260.008784445897,66.0856900130276
LF07,Ries vs. Riez,Riez,Declarative non-final focus,Overlong,LFP0317,156.005270667538,260.008784445897,65.4624913325502
LF07,Ries vs. Riez,Riez,Declarative non-final focus,Overlong,LFP0317,182.006149112128,260.008784445897,66.4119707312019
LF07,Ries vs. Riez,Riez,Declarative non-final focus,Overlong,LFP0317,208.007027556717,260.008784445897,65.4925722793897
LF07,Ries vs. Riez,Riez,Declarative non-final focus,Overlong,LFP0317,234.007906001307,260.008784445897,65.7649827836922
LF08,Ries vs. Riez,Riez,Declarative non-final focus,Overlong,LFP0318,0,203.206573525159,73.0947932732845
LF08,Ries vs. Riez,Riez,Declarative non-final focus,Overlong,LFP0318,20.3206573525159,203.206573525159,74.1436168705597
LF08,Ries vs. Riez,Riez,Declarative non-final focus,Overlong,LFP0318,40.6413147050317,203.206573525159,74.2290063469577
LF08,Ries vs. Riez,Riez,Declarative non-final focus,Overlong,LFP0318,60.9619720575478,203.206573525159,74.3649686814643
LF08,Ries vs. Riez,Riez,Declarative non-final focus,Overlong,LFP0318,81.2826294100637,203.206573525159,72.9210794693862
LF08,Ries vs. Riez,Riez,Declarative non-final focus,Overlong,LFP0318,101.60328676258,203.206573525159,71.1522449762268
LF08,Ries vs. Riez,Riez,Declarative non-final focus,Overlong,LFP0318,121.923944115095,203.206573525159,70.4142621383305
LF08,Ries vs. Riez,Riez,Declarative non-final focus,Overlong,LFP0318,142.244601467611,203.206573525159,72.158821771892
LF08,Ries vs. Riez,Riez,Declarative non-final focus,Overlong,LFP0318,162.565258820127,203.206573525159,73.461689052331
LF08,Ries vs. Riez,Riez,Declarative non-final focus,Overlong,LFP0318,182.885916172643,203.206573525159,73.2560649418608
LF09,Ries vs. Riez,Riez,Declarative non-final focus,Overlong,LFP0319,0,170.121628590707,68.6965998728822
LF09,Ries vs. Riez,Riez,Declarative non-final focus,Overlong,LFP0319,17.0121628590709,170.121628590707,69.5472887788784
LF09,Ries vs. Riez,Riez,Declarative non-final focus,Overlong,LFP0319,34.0243257181414,170.121628590707,70.462411194292
LF09,Ries vs. Riez,Riez,Declarative non-final focus,Overlong,LFP0319,51.0364885772123,170.121628590707,70.7662148046196
LF09,Ries vs. Riez,Riez,Declarative non-final focus,Overlong,LFP0319,68.0486514362828,170.121628590707,69.9627638111778
LF09,Ries vs. Riez,Riez,Declarative non-final focus,Overlong,LFP0319,85.0608142953537,170.121628590707,66.7184729910745
LF09,Ries vs. Riez,Riez,Declarative non-final focus,Overlong,LFP0319,102.072977154425,170.121628590707,62.1785279392663
LF09,Ries vs. Riez,Riez,Declarative non-final focus,Overlong,LFP0319,119.085140013495,170.121628590707,65.0678197312908
LF09,Ries vs. Riez,Riez,Declarative non-final focus,Overlong,LFP0319,136.097302872566,170.121628590707,62.9482952490484
LF09,Ries vs. Riez,Riez,Declarative non-final focus,Overlong,LFP0319,153.109465731637,170.121628590707,61.1497796335306
LF10,Ries vs. Riez,Riez,Declarative non-final focus,Overlong,LFP0320,0,255.941821070534,68.4801746678949
LF10,Ries vs. Riez,Riez,Declarative non-final focus,Overlong,LFP0320,25.5941821070533,255.941821070534,70.7539605065825
LF10,Ries vs. Riez,Riez,Declarative non-final focus,Overlong,LFP0320,51.1883642141067,255.941821070534,72.5602073027066
LF10,Ries vs. Riez,Riez,Declarative non-final focus,Overlong,LFP0320,76.78254632116,255.941821070534,70.3340651484335
LF10,Ries vs. Riez,Riez,Declarative non-final focus,Overlong,LFP0320,102.376728428213,255.941821070534,67.2096018580947
LF10,Ries vs. Riez,Riez,Declarative non-final focus,Overlong,LFP0320,127.970910535267,255.941821070534,68.150883431396
LF10,Ries vs. Riez,Riez,Declarative non-final focus,Overlong,LFP0320,153.56509264232,255.941821070534,67.9177030642601
LF10,Ries vs. Riez,Riez,Declarative non-final focus,Overlong,LFP0320,179.159274749374,255.941821070534,72.0479295915431
LF10,Ries vs. Riez,Riez,Declarative non-final focus,Overlong,LFP0320,204.753456856427,255.941821070534,70.3762822324478
LF10,Ries vs. Riez,Riez,Declarative non-final focus,Overlong,LFP0320,230.34763896348,255.941821070534,66.6998144488398
LF01,Rieten vs. Rieden,Rieden,Declarative non-final focus,Overlong,LFP0321,0,231.316564467541,62.3189389247004
LF01,Rieten vs. Rieden,Rieden,Declarative non-final focus,Overlong,LFP0321,23.1316564467541,231.316564467541,69.1980592938185
LF01,Rieten vs. Rieden,Rieden,Declarative non-final focus,Overlong,LFP0321,46.2633128935082,231.316564467541,73.0016542046586
LF01,Rieten vs. Rieden,Rieden,Declarative non-final focus,Overlong,LFP0321,69.3949693402622,231.316564467541,71.5948208932327
LF01,Rieten vs. Rieden,Rieden,Declarative non-final focus,Overlong,LFP0321,92.5266257870163,231.316564467541,66.242225804329
LF01,Rieten vs. Rieden,Rieden,Declarative non-final focus,Overlong,LFP0321,115.65828223377,231.316564467541,68.3948177276787
LF01,Rieten vs. Rieden,Rieden,Declarative non-final focus,Overlong,LFP0321,138.789938680525,231.316564467541,64.5935143621788
LF01,Rieten vs. Rieden,Rieden,Declarative non-final focus,Overlong,LFP0321,161.921595127279,231.316564467541,65.1608525396908
LF01,Rieten vs. Rieden,Rieden,Declarative non-final focus,Overlong,LFP0321,185.053251574033,231.316564467541,69.9687009286755
LF01,Rieten vs. Rieden,Rieden,Declarative non-final focus,Overlong,LFP0321,208.184908020787,231.316564467541,62.0212592048785
LF02,Rieten vs. Rieden,Rieden,Declarative non-final focus,Overlong,LFP0322,0,150.192093558071,64.53918271755
LF02,Rieten vs. Rieden,Rieden,Declarative non-final focus,Overlong,LFP0322,15.019209355807,150.192093558071,66.1852948694504
LF02,Rieten vs. Rieden,Rieden,Declarative non-final focus,Overlong,LFP0322,30.0384187116143,150.192093558071,66.9490850646227
LF02,Rieten vs. Rieden,Rieden,Declarative non-final focus,Overlong,LFP0322,45.0576280674213,150.192093558071,65.7926128209816
LF02,Rieten vs. Rieden,Rieden,Declarative non-final focus,Overlong,LFP0322,60.0768374232283,150.192093558071,65.5996202175062
LF02,Rieten vs. Rieden,Rieden,Declarative non-final focus,Overlong,LFP0322,75.0960467790354,150.192093558071,65.172325970032
LF02,Rieten vs. Rieden,Rieden,Declarative non-final focus,Overlong,LFP0322,90.1152561348426,150.192093558071,65.0854267847984
LF02,Rieten vs. Rieden,Rieden,Declarative non-final focus,Overlong,LFP0322,105.13446549065,150.192093558071,66.1416008394148
LF02,Rieten vs. Rieden,Rieden,Declarative non-final focus,Overlong,LFP0322,120.153674846457,150.192093558071,63.1076221641929
LF02,Rieten vs. Rieden,Rieden,Declarative non-final focus,Overlong,LFP0322,135.172884202264,150.192093558071,62.8775766534316
LF03,Rieten vs. Rieden,Rieden,Declarative non-final focus,Overlong,LFP0323,0,190.046193823724,56.4924102258464
LF03,Rieten vs. Rieden,Rieden,Declarative non-final focus,Overlong,LFP0323,19.0046193823725,190.046193823724,62.4927343570076
LF03,Rieten vs. Rieden,Rieden,Declarative non-final focus,Overlong,LFP0323,38.0092387647448,190.046193823724,65.2494655312006
LF03,Rieten vs. Rieden,Rieden,Declarative non-final focus,Overlong,LFP0323,57.0138581471171,190.046193823724,63.16067997083
LF03,Rieten vs. Rieden,Rieden,Declarative non-final focus,Overlong,LFP0323,76.0184775294896,190.046193823724,63.5803817138995
LF03,Rieten vs. Rieden,Rieden,Declarative non-final focus,Overlong,LFP0323,95.0230969118622,190.046193823724,63.4597131742703
LF03,Rieten vs. Rieden,Rieden,Declarative non-final focus,Overlong,LFP0323,114.027716294234,190.046193823724,68.0390140238674
LF03,Rieten vs. Rieden,Rieden,Declarative non-final focus,Overlong,LFP0323,133.032335676607,190.046193823724,65.8560512468519
LF03,Rieten vs. Rieden,Rieden,Declarative non-final focus,Overlong,LFP0323,152.036955058979,190.046193823724,64.9383391547489
LF03,Rieten vs. Rieden,Rieden,Declarative non-final focus,Overlong,LFP0323,171.041574441352,190.046193823724,65.1168250736163
LF04,Rieten vs. Rieden,Rieden,Declarative non-final focus,Overlong,LFP0324,0,144.35777066628,69.2299686544232
LF04,Rieten vs. Rieden,Rieden,Declarative non-final focus,Overlong,LFP0324,14.435777066628,144.35777066628,69.7534665097437
LF04,Rieten vs. Rieden,Rieden,Declarative non-final focus,Overlong,LFP0324,28.871554133256,144.35777066628,69.5295262948798
LF04,Rieten vs. Rieden,Rieden,Declarative non-final focus,Overlong,LFP0324,43.3073311998841,144.35777066628,70.3647902943895
LF04,Rieten vs. Rieden,Rieden,Declarative non-final focus,Overlong,LFP0324,57.7431082665121,144.35777066628,69.1556850596808
LF04,Rieten vs. Rieden,Rieden,Declarative non-final focus,Overlong,LFP0324,72.1788853331401,144.35777066628,63.3878996410314
LF04,Rieten vs. Rieden,Rieden,Declarative non-final focus,Overlong,LFP0324,86.6146623997681,144.35777066628,63.9554338045266
LF04,Rieten vs. Rieden,Rieden,Declarative non-final focus,Overlong,LFP0324,101.050439466396,144.35777066628,68.8050732084647
LF04,Rieten vs. Rieden,Rieden,Declarative non-final focus,Overlong,LFP0324,115.486216533024,144.35777066628,68.9499732810114
LF04,Rieten vs. Rieden,Rieden,Declarative non-final focus,Overlong,LFP0324,129.921993599652,144.35777066628,63.938882895768
LF05,Rieten vs. Rieden,Rieden,Declarative non-final focus,Overlong,LFP0325,0,174.412467130097,62.1114965175127
LF05,Rieten vs. Rieden,Rieden,Declarative non-final focus,Overlong,LFP0325,17.4412467130096,174.412467130097,65.384632119983
LF05,Rieten vs. Rieden,Rieden,Declarative non-final focus,Overlong,LFP0325,34.8824934260192,174.412467130097,66.8673094342164
LF05,Rieten vs. Rieden,Rieden,Declarative non-final focus,Overlong,LFP0325,52.3237401390291,174.412467130097,66.136112334357
LF05,Rieten vs. Rieden,Rieden,Declarative non-final focus,Overlong,LFP0325,69.7649868520387,174.412467130097,66.6782724422918
LF05,Rieten vs. Rieden,Rieden,Declarative non-final focus,Overlong,LFP0325,87.2062335650483,174.412467130097,67.762591428296
LF05,Rieten vs. Rieden,Rieden,Declarative non-final focus,Overlong,LFP0325,104.647480278058,174.412467130097,69.5426789165312
LF05,Rieten vs. Rieden,Rieden,Declarative non-final focus,Overlong,LFP0325,122.088726991068,174.412467130097,69.904175927938
LF05,Rieten vs. Rieden,Rieden,Declarative non-final focus,Overlong,LFP0325,139.529973704077,174.412467130097,67.7940086022612
LF05,Rieten vs. Rieden,Rieden,Declarative non-final focus,Overlong,LFP0325,156.971220417087,174.412467130097,68.0023866774688
LF06,Rieten vs. Rieden,Rieden,Declarative non-final focus,Overlong,LFP0326,0,134.085231364813,73.9240979718322
LF06,Rieten vs. Rieden,Rieden,Declarative non-final focus,Overlong,LFP0326,13.4085231364813,134.085231364813,75.309829169269
LF06,Rieten vs. Rieden,Rieden,Declarative non-final focus,Overlong,LFP0326,26.8170462729627,134.085231364813,75.9108269726728
LF06,Rieten vs. Rieden,Rieden,Declarative non-final focus,Overlong,LFP0326,40.225569409444,134.085231364813,76.1641361206453
LF06,Rieten vs. Rieden,Rieden,Declarative non-final focus,Overlong,LFP0326,53.6340925459253,134.085231364813,76.0055683728044
LF06,Rieten vs. Rieden,Rieden,Declarative non-final focus,Overlong,LFP0326,67.0426156824067,134.085231364813,75.9033710239017
LF06,Rieten vs. Rieden,Rieden,Declarative non-final focus,Overlong,LFP0326,80.451138818888,134.085231364813,75.446373584399
LF06,Rieten vs. Rieden,Rieden,Declarative non-final focus,Overlong,LFP0326,93.8596619553693,134.085231364813,74.5532572622999
LF06,Rieten vs. Rieden,Rieden,Declarative non-final focus,Overlong,LFP0326,107.268185091851,134.085231364813,73.0455842175968
LF06,Rieten vs. Rieden,Rieden,Declarative non-final focus,Overlong,LFP0326,120.676708228332,134.085231364813,72.2383246779422
LF07,Rieten vs. Rieden,Rieden,Declarative non-final focus,Overlong,LFP0327,0,214.642953018298,64.3582205579142
LF07,Rieten vs. Rieden,Rieden,Declarative non-final focus,Overlong,LFP0327,21.4642953018298,214.642953018298,67.926505078157
LF07,Rieten vs. Rieden,Rieden,Declarative non-final focus,Overlong,LFP0327,42.9285906036596,214.642953018298,69.4116287071085
LF07,Rieten vs. Rieden,Rieden,Declarative non-final focus,Overlong,LFP0327,64.3928859054894,214.642953018298,69.7595163746727
LF07,Rieten vs. Rieden,Rieden,Declarative non-final focus,Overlong,LFP0327,85.8571812073192,214.642953018298,69.76202931377
LF07,Rieten vs. Rieden,Rieden,Declarative non-final focus,Overlong,LFP0327,107.321476509149,214.642953018298,70.2381145239526
LF07,Rieten vs. Rieden,Rieden,Declarative non-final focus,Overlong,LFP0327,128.785771810979,214.642953018298,70.4888653119777
LF07,Rieten vs. Rieden,Rieden,Declarative non-final focus,Overlong,LFP0327,150.250067112808,214.642953018298,69.5320324003007
LF07,Rieten vs. Rieden,Rieden,Declarative non-final focus,Overlong,LFP0327,171.714362414638,214.642953018298,68.4573593587671
LF07,Rieten vs. Rieden,Rieden,Declarative non-final focus,Overlong,LFP0327,193.178657716468,214.642953018298,65.5152649015263
LF08,Rieten vs. Rieden,Rieden,Declarative non-final focus,Overlong,LFP0328,0,171.236690842835,72.450258769578
LF08,Rieten vs. Rieden,Rieden,Declarative non-final focus,Overlong,LFP0328,17.1236690842835,171.236690842835,75.2353124456701
LF08,Rieten vs. Rieden,Rieden,Declarative non-final focus,Overlong,LFP0328,34.2473381685671,171.236690842835,75.9953580450359
LF08,Rieten vs. Rieden,Rieden,Declarative non-final focus,Overlong,LFP0328,51.3710072528506,171.236690842835,76.1101467873718
LF08,Rieten vs. Rieden,Rieden,Declarative non-final focus,Overlong,LFP0328,68.4946763371341,171.236690842835,75.944572264913
LF08,Rieten vs. Rieden,Rieden,Declarative non-final focus,Overlong,LFP0328,85.6183454214177,171.236690842835,75.4495025775527
LF08,Rieten vs. Rieden,Rieden,Declarative non-final focus,Overlong,LFP0328,102.742014505701,171.236690842835,74.1735213628344
LF08,Rieten vs. Rieden,Rieden,Declarative non-final focus,Overlong,LFP0328,119.865683589985,171.236690842835,72.2604468505755
LF08,Rieten vs. Rieden,Rieden,Declarative non-final focus,Overlong,LFP0328,136.989352674268,171.236690842835,73.4293489407121
LF08,Rieten vs. Rieden,Rieden,Declarative non-final focus,Overlong,LFP0328,154.113021758552,171.236690842835,72.5700563069185
LF09,Rieten vs. Rieden,Rieden,Declarative non-final focus,Overlong,LFP0329,0,179.992515070299,65.4192496183196
LF09,Rieten vs. Rieden,Rieden,Declarative non-final focus,Overlong,LFP0329,17.99925150703,179.992515070299,65.2253357053052
LF09,Rieten vs. Rieden,Rieden,Declarative non-final focus,Overlong,LFP0329,35.9985030140599,179.992515070299,66.9292135189244
LF09,Rieten vs. Rieden,Rieden,Declarative non-final focus,Overlong,LFP0329,53.9977545210899,179.992515070299,69.2615626591046
LF09,Rieten vs. Rieden,Rieden,Declarative non-final focus,Overlong,LFP0329,71.9970060281199,179.992515070299,69.0286638414495
LF09,Rieten vs. Rieden,Rieden,Declarative non-final focus,Overlong,LFP0329,89.9962575351496,179.992515070299,72.260864165108
LF09,Rieten vs. Rieden,Rieden,Declarative non-final focus,Overlong,LFP0329,107.99550904218,179.992515070299,68.8542392988318
LF09,Rieten vs. Rieden,Rieden,Declarative non-final focus,Overlong,LFP0329,125.99476054921,179.992515070299,63.2853204343929
LF09,Rieten vs. Rieden,Rieden,Declarative non-final focus,Overlong,LFP0329,143.99401205624,179.992515070299,65.6255007797832
LF09,Rieten vs. Rieden,Rieden,Declarative non-final focus,Overlong,LFP0329,161.993263563269,179.992515070299,62.0366501175781
LF10,Rieten vs. Rieden,Rieden,Declarative non-final focus,Overlong,LFP0330,0,208.92234983062,68.6485917912376
LF10,Rieten vs. Rieden,Rieden,Declarative non-final focus,Overlong,LFP0330,20.892234983062,208.92234983062,73.991050076032
LF10,Rieten vs. Rieden,Rieden,Declarative non-final focus,Overlong,LFP0330,41.7844699661241,208.92234983062,77.6328493791336
LF10,Rieten vs. Rieden,Rieden,Declarative non-final focus,Overlong,LFP0330,62.6767049491861,208.92234983062,77.7301624925659
LF10,Rieten vs. Rieden,Rieden,Declarative non-final focus,Overlong,LFP0330,83.5689399322481,208.92234983062,73.7285830064774
LF10,Rieten vs. Rieden,Rieden,Declarative non-final focus,Overlong,LFP0330,104.46117491531,208.92234983062,75.1860468642119
LF10,Rieten vs. Rieden,Rieden,Declarative non-final focus,Overlong,LFP0330,125.353409898372,208.92234983062,71.7389780600124
LF10,Rieten vs. Rieden,Rieden,Declarative non-final focus,Overlong,LFP0330,146.245644881434,208.92234983062,72.2348798644238
LF10,Rieten vs. Rieden,Rieden,Declarative non-final focus,Overlong,LFP0330,167.137879864496,208.92234983062,72.9224133196639
LF10,Rieten vs. Rieden,Rieden,Declarative non-final focus,Overlong,LFP0330,188.030114847558,208.92234983062,71.1359976622876
LF01,Siet vs. Sied,Sied,Declarative non-final focus,Overlong,LFP0331,0,221.498459653221,61.6342863449473
LF01,Siet vs. Sied,Sied,Declarative non-final focus,Overlong,LFP0331,22.1498459653222,221.498459653221,66.8898870199013
LF01,Siet vs. Sied,Sied,Declarative non-final focus,Overlong,LFP0331,44.2996919306442,221.498459653221,66.1624518606135
LF01,Siet vs. Sied,Sied,Declarative non-final focus,Overlong,LFP0331,66.4495378959664,221.498459653221,65.2910368167237
LF01,Siet vs. Sied,Sied,Declarative non-final focus,Overlong,LFP0331,88.5993838612886,221.498459653221,67.1850488072815
LF01,Siet vs. Sied,Sied,Declarative non-final focus,Overlong,LFP0331,110.749229826611,221.498459653221,63.20190079273
LF01,Siet vs. Sied,Sied,Declarative non-final focus,Overlong,LFP0331,132.899075791933,221.498459653221,63.1296773115538
LF01,Siet vs. Sied,Sied,Declarative non-final focus,Overlong,LFP0331,155.048921757255,221.498459653221,64.8156573109519
LF01,Siet vs. Sied,Sied,Declarative non-final focus,Overlong,LFP0331,177.198767722577,221.498459653221,65.6570828870497
LF01,Siet vs. Sied,Sied,Declarative non-final focus,Overlong,LFP0331,199.348613687899,221.498459653221,61.2892402702613
LF02,Siet vs. Sied,Sied,Declarative non-final focus,Overlong,LFP0332,0,234.630429611116,62.8700918344417
LF02,Siet vs. Sied,Sied,Declarative non-final focus,Overlong,LFP0332,23.4630429611116,234.630429611116,66.330624273712
LF02,Siet vs. Sied,Sied,Declarative non-final focus,Overlong,LFP0332,46.9260859222231,234.630429611116,64.6100603003213
LF02,Siet vs. Sied,Sied,Declarative non-final focus,Overlong,LFP0332,70.3891288833347,234.630429611116,64.0687539751353
LF02,Siet vs. Sied,Sied,Declarative non-final focus,Overlong,LFP0332,93.8521718444463,234.630429611116,63.4931862483958
LF02,Siet vs. Sied,Sied,Declarative non-final focus,Overlong,LFP0332,117.315214805558,234.630429611116,63.0900596170726
LF02,Siet vs. Sied,Sied,Declarative non-final focus,Overlong,LFP0332,140.778257766669,234.630429611116,62.172019137408
LF02,Siet vs. Sied,Sied,Declarative non-final focus,Overlong,LFP0332,164.241300727781,234.630429611116,58.502519880129
LF02,Siet vs. Sied,Sied,Declarative non-final focus,Overlong,LFP0332,187.704343688893,234.630429611116,54.9301023808161
LF02,Siet vs. Sied,Sied,Declarative non-final focus,Overlong,LFP0332,211.167386650004,234.630429611116,52.6583800349635
LF03,Siet vs. Sied,Sied,Declarative non-final focus,Overlong,LFP0333,0,372.330077438458,55.5778631014148
LF03,Siet vs. Sied,Sied,Declarative non-final focus,Overlong,LFP0333,37.2330077438456,372.330077438458,64.8678096452416
LF03,Siet vs. Sied,Sied,Declarative non-final focus,Overlong,LFP0333,74.4660154876917,372.330077438458,67.2287402040571
LF03,Siet vs. Sied,Sied,Declarative non-final focus,Overlong,LFP0333,111.699023231537,372.330077438458,67.8125041669645
LF03,Siet vs. Sied,Sied,Declarative non-final focus,Overlong,LFP0333,148.932030975383,372.330077438458,62.1978233601033
LF03,Siet vs. Sied,Sied,Declarative non-final focus,Overlong,LFP0333,186.165038719229,372.330077438458,61.8590260842669
LF03,Siet vs. Sied,Sied,Declarative non-final focus,Overlong,LFP0333,223.398046463075,372.330077438458,67.0178968356934
LF03,Siet vs. Sied,Sied,Declarative non-final focus,Overlong,LFP0333,260.631054206921,372.330077438458,62.5885843580885
LF03,Siet vs. Sied,Sied,Declarative non-final focus,Overlong,LFP0333,297.864061950766,372.330077438458,60.1137903356956
LF03,Siet vs. Sied,Sied,Declarative non-final focus,Overlong,LFP0333,335.097069694613,372.330077438458,53.2734575033802
LF04,Siet vs. Sied,Sied,Declarative non-final focus,Overlong,LFP0334,0,288.563706767314,61.092559427589
LF04,Siet vs. Sied,Sied,Declarative non-final focus,Overlong,LFP0334,28.8563706767313,288.563706767314,61.0207980549274
LF04,Siet vs. Sied,Sied,Declarative non-final focus,Overlong,LFP0334,57.7127413534628,288.563706767314,57.9289452562956
LF04,Siet vs. Sied,Sied,Declarative non-final focus,Overlong,LFP0334,86.5691120301941,288.563706767314,60.2120018064361
LF04,Siet vs. Sied,Sied,Declarative non-final focus,Overlong,LFP0334,115.425482706925,288.563706767314,61.8333476534607
LF04,Siet vs. Sied,Sied,Declarative non-final focus,Overlong,LFP0334,144.281853383657,288.563706767314,65.353978919761
LF04,Siet vs. Sied,Sied,Declarative non-final focus,Overlong,LFP0334,173.138224060388,288.563706767314,63.9371467978508
LF04,Siet vs. Sied,Sied,Declarative non-final focus,Overlong,LFP0334,201.99459473712,288.563706767314,62.8641835939998
LF04,Siet vs. Sied,Sied,Declarative non-final focus,Overlong,LFP0334,230.850965413851,288.563706767314,59.0992498020756
LF04,Siet vs. Sied,Sied,Declarative non-final focus,Overlong,LFP0334,259.707336090582,288.563706767314,53.9360160774548
LF05,Siet vs. Sied,Sied,Declarative non-final focus,Overlong,LFP0335,0,334.078992189678,59.4184664964549
LF05,Siet vs. Sied,Sied,Declarative non-final focus,Overlong,LFP0335,33.4078992189677,334.078992189678,64.6934188023827
LF05,Siet vs. Sied,Sied,Declarative non-final focus,Overlong,LFP0335,66.8157984379356,334.078992189678,67.2498062337476
LF05,Siet vs. Sied,Sied,Declarative non-final focus,Overlong,LFP0335,100.223697656903,334.078992189678,69.5721230971077
LF05,Siet vs. Sied,Sied,Declarative non-final focus,Overlong,LFP0335,133.631596875871,334.078992189678,67.6928154369949
LF05,Siet vs. Sied,Sied,Declarative non-final focus,Overlong,LFP0335,167.039496094839,334.078992189678,66.3054428414868
LF05,Siet vs. Sied,Sied,Declarative non-final focus,Overlong,LFP0335,200.447395313807,334.078992189678,64.9161303086815
LF05,Siet vs. Sied,Sied,Declarative non-final focus,Overlong,LFP0335,233.855294532775,334.078992189678,64.0593144881577
LF05,Siet vs. Sied,Sied,Declarative non-final focus,Overlong,LFP0335,267.263193751742,334.078992189678,57.54178519589
LF05,Siet vs. Sied,Sied,Declarative non-final focus,Overlong,LFP0335,300.67109297071,334.078992189678,48.7619432107856
LF06,Siet vs. Sied,Sied,Declarative non-final focus,Overlong,LFP0336,0,266.817896733592,70.5609264899524
LF06,Siet vs. Sied,Sied,Declarative non-final focus,Overlong,LFP0336,26.6817896733593,266.817896733592,76.0947817142353
LF06,Siet vs. Sied,Sied,Declarative non-final focus,Overlong,LFP0336,53.3635793467184,266.817896733592,77.7248399678328
LF06,Siet vs. Sied,Sied,Declarative non-final focus,Overlong,LFP0336,80.0453690200777,266.817896733592,77.4567122078478
LF06,Siet vs. Sied,Sied,Declarative non-final focus,Overlong,LFP0336,106.727158693437,266.817896733592,74.9293627700738
LF06,Siet vs. Sied,Sied,Declarative non-final focus,Overlong,LFP0336,133.408948366796,266.817896733592,75.8454452990194
LF06,Siet vs. Sied,Sied,Declarative non-final focus,Overlong,LFP0336,160.090738040155,266.817896733592,72.4144522397273
LF06,Siet vs. Sied,Sied,Declarative non-final focus,Overlong,LFP0336,186.772527713515,266.817896733592,71.3905146068927
LF06,Siet vs. Sied,Sied,Declarative non-final focus,Overlong,LFP0336,213.454317386874,266.817896733592,63.8318444279339
LF06,Siet vs. Sied,Sied,Declarative non-final focus,Overlong,LFP0336,240.136107060233,266.817896733592,56.1751417486359
LF07,Siet vs. Sied,Sied,Declarative non-final focus,Overlong,LFP0337,0,235.806067171496,65.2523045572396
LF07,Siet vs. Sied,Sied,Declarative non-final focus,Overlong,LFP0337,23.5806067171496,235.806067171496,64.2047116375944
LF07,Siet vs. Sied,Sied,Declarative non-final focus,Overlong,LFP0337,47.1612134342991,235.806067171496,64.9829080206854
LF07,Siet vs. Sied,Sied,Declarative non-final focus,Overlong,LFP0337,70.7418201514487,235.806067171496,67.4664677660533
LF07,Siet vs. Sied,Sied,Declarative non-final focus,Overlong,LFP0337,94.3224268685983,235.806067171496,67.2109947175781
LF07,Siet vs. Sied,Sied,Declarative non-final focus,Overlong,LFP0337,117.903033585748,235.806067171496,64.8855080958092
LF07,Siet vs. Sied,Sied,Declarative non-final focus,Overlong,LFP0337,141.483640302898,235.806067171496,65.5919968341089
LF07,Siet vs. Sied,Sied,Declarative non-final focus,Overlong,LFP0337,165.064247020047,235.806067171496,66.2687138684816
LF07,Siet vs. Sied,Sied,Declarative non-final focus,Overlong,LFP0337,188.644853737197,235.806067171496,65.9018565086047
LF07,Siet vs. Sied,Sied,Declarative non-final focus,Overlong,LFP0337,212.225460454346,235.806067171496,66.6313187245335
LF08,Siet vs. Sied,Sied,Declarative non-final focus,Overlong,LFP0338,0,270.600074533862,68.2168744520844
LF08,Siet vs. Sied,Sied,Declarative non-final focus,Overlong,LFP0338,27.0600074533862,270.600074533862,72.3762447839419
LF08,Siet vs. Sied,Sied,Declarative non-final focus,Overlong,LFP0338,54.1200149067724,270.600074533862,77.1954062408961
LF08,Siet vs. Sied,Sied,Declarative non-final focus,Overlong,LFP0338,81.1800223601586,270.600074533862,77.6858398138462
LF08,Siet vs. Sied,Sied,Declarative non-final focus,Overlong,LFP0338,108.240029813545,270.600074533862,76.6691621462862
LF08,Siet vs. Sied,Sied,Declarative non-final focus,Overlong,LFP0338,135.300037266931,270.600074533862,75.5614013734003
LF08,Siet vs. Sied,Sied,Declarative non-final focus,Overlong,LFP0338,162.360044720317,270.600074533862,74.6294965341107
LF08,Siet vs. Sied,Sied,Declarative non-final focus,Overlong,LFP0338,189.420052173704,270.600074533862,72.3590552385875
LF08,Siet vs. Sied,Sied,Declarative non-final focus,Overlong,LFP0338,216.48005962709,270.600074533862,67.8841507766936
LF08,Siet vs. Sied,Sied,Declarative non-final focus,Overlong,LFP0338,243.540067080476,270.600074533862,61.1010028509442
LF09,Siet vs. Sied,Sied,Declarative non-final focus,Overlong,LFP0339,0,171.297173092415,61.5590726034065
LF09,Siet vs. Sied,Sied,Declarative non-final focus,Overlong,LFP0339,17.1297173092415,171.297173092415,62.6407576720772
LF09,Siet vs. Sied,Sied,Declarative non-final focus,Overlong,LFP0339,34.259434618483,171.297173092415,63.0947006461991
LF09,Siet vs. Sied,Sied,Declarative non-final focus,Overlong,LFP0339,51.3891519277245,171.297173092415,61.8613185380187
LF09,Siet vs. Sied,Sied,Declarative non-final focus,Overlong,LFP0339,68.518869236966,171.297173092415,60.8732432179594
LF09,Siet vs. Sied,Sied,Declarative non-final focus,Overlong,LFP0339,85.6485865462076,171.297173092415,64.4297730835696
LF09,Siet vs. Sied,Sied,Declarative non-final focus,Overlong,LFP0339,102.778303855449,171.297173092415,61.2896912683518
LF09,Siet vs. Sied,Sied,Declarative non-final focus,Overlong,LFP0339,119.908021164691,171.297173092415,61.4369335839516
LF09,Siet vs. Sied,Sied,Declarative non-final focus,Overlong,LFP0339,137.037738473932,171.297173092415,58.3921980708267
LF09,Siet vs. Sied,Sied,Declarative non-final focus,Overlong,LFP0339,154.167455783174,171.297173092415,56.1740446106326
LF10,Siet vs. Sied,Sied,Declarative non-final focus,Overlong,LFP0340,0,273.642883995703,67.1435814054083
LF10,Siet vs. Sied,Sied,Declarative non-final focus,Overlong,LFP0340,27.3642883995704,273.642883995703,72.3036393151901
LF10,Siet vs. Sied,Sied,Declarative non-final focus,Overlong,LFP0340,54.7285767991408,273.642883995703,72.6550161486086
LF10,Siet vs. Sied,Sied,Declarative non-final focus,Overlong,LFP0340,82.092865198711,273.642883995703,69.1185381331944
LF10,Siet vs. Sied,Sied,Declarative non-final focus,Overlong,LFP0340,109.457153598281,273.642883995703,74.40019815208
LF10,Siet vs. Sied,Sied,Declarative non-final focus,Overlong,LFP0340,136.821441997852,273.642883995703,72.4139603112445
LF10,Siet vs. Sied,Sied,Declarative non-final focus,Overlong,LFP0340,164.185730397422,273.642883995703,69.0535339225397
LF10,Siet vs. Sied,Sied,Declarative non-final focus,Overlong,LFP0340,191.550018796992,273.642883995703,66.0175741298598
LF10,Siet vs. Sied,Sied,Declarative non-final focus,Overlong,LFP0340,218.914307196563,273.642883995703,66.7426735126805
LF10,Siet vs. Sied,Sied,Declarative non-final focus,Overlong,LFP0340,246.278595596133,273.642883995703,61.2053153254383
LF01,Swien vs. Swiien,Swiien,Declarative non-final focus,Overlong,LFP0341,0,156.540093045922,60.7892397188489
LF01,Swien vs. Swiien,Swiien,Declarative non-final focus,Overlong,LFP0341,15.6540093045923,156.540093045922,65.3276624542731
LF01,Swien vs. Swiien,Swiien,Declarative non-final focus,Overlong,LFP0341,31.3080186091843,156.540093045922,68.6899852394258
LF01,Swien vs. Swiien,Swiien,Declarative non-final focus,Overlong,LFP0341,46.9620279137764,156.540093045922,71.2380878484158
LF01,Swien vs. Swiien,Swiien,Declarative non-final focus,Overlong,LFP0341,62.6160372183686,156.540093045922,71.4241617768826
LF01,Swien vs. Swiien,Swiien,Declarative non-final focus,Overlong,LFP0341,78.2700465229609,156.540093045922,73.3593017180393
LF01,Swien vs. Swiien,Swiien,Declarative non-final focus,Overlong,LFP0341,93.9240558275529,156.540093045922,71.3561228763063
LF01,Swien vs. Swiien,Swiien,Declarative non-final focus,Overlong,LFP0341,109.578065132145,156.540093045922,71.0978243708659
LF01,Swien vs. Swiien,Swiien,Declarative non-final focus,Overlong,LFP0341,125.232074436737,156.540093045922,70.4821808747176
LF01,Swien vs. Swiien,Swiien,Declarative non-final focus,Overlong,LFP0341,140.886083741329,156.540093045922,64.295056694257
LF02,Swien vs. Swiien,Swiien,Declarative non-final focus,Overlong,LFP0342,0,117.146981572234,65.5157346830154
LF02,Swien vs. Swiien,Swiien,Declarative non-final focus,Overlong,LFP0342,11.7146981572234,117.146981572234,66.7591615982511
LF02,Swien vs. Swiien,Swiien,Declarative non-final focus,Overlong,LFP0342,23.4293963144467,117.146981572234,68.0207910362924
LF02,Swien vs. Swiien,Swiien,Declarative non-final focus,Overlong,LFP0342,35.1440944716701,117.146981572234,68.8388730494757
LF02,Swien vs. Swiien,Swiien,Declarative non-final focus,Overlong,LFP0342,46.8587926288935,117.146981572234,68.8258203443154
LF02,Swien vs. Swiien,Swiien,Declarative non-final focus,Overlong,LFP0342,58.5734907861171,117.146981572234,68.6619676517144
LF02,Swien vs. Swiien,Swiien,Declarative non-final focus,Overlong,LFP0342,70.2881889433404,117.146981572234,68.4782632958031
LF02,Swien vs. Swiien,Swiien,Declarative non-final focus,Overlong,LFP0342,82.0028871005638,117.146981572234,69.7059471470258
LF02,Swien vs. Swiien,Swiien,Declarative non-final focus,Overlong,LFP0342,93.7175852577872,117.146981572234,69.7388484392573
LF02,Swien vs. Swiien,Swiien,Declarative non-final focus,Overlong,LFP0342,105.432283415011,117.146981572234,66.6863170590631
LF03,Swien vs. Swiien,Swiien,Declarative non-final focus,Overlong,LFP0343,0,282.394765099953,64.1502699745342
LF03,Swien vs. Swiien,Swiien,Declarative non-final focus,Overlong,LFP0343,28.2394765099954,282.394765099953,69.0429777957048
LF03,Swien vs. Swiien,Swiien,Declarative non-final focus,Overlong,LFP0343,56.4789530199907,282.394765099953,64.5140355102904
LF03,Swien vs. Swiien,Swiien,Declarative non-final focus,Overlong,LFP0343,84.7184295299861,282.394765099953,65.8402687708606
LF03,Swien vs. Swiien,Swiien,Declarative non-final focus,Overlong,LFP0343,112.957906039981,282.394765099953,63.1150132031295
LF03,Swien vs. Swiien,Swiien,Declarative non-final focus,Overlong,LFP0343,141.197382549977,282.394765099953,65.4678484543706
LF03,Swien vs. Swiien,Swiien,Declarative non-final focus,Overlong,LFP0343,169.436859059972,282.394765099953,68.2325549597556
LF03,Swien vs. Swiien,Swiien,Declarative non-final focus,Overlong,LFP0343,197.676335569967,282.394765099953,69.4765393327374
LF03,Swien vs. Swiien,Swiien,Declarative non-final focus,Overlong,LFP0343,225.915812079963,282.394765099953,69.172563527017
LF03,Swien vs. Swiien,Swiien,Declarative non-final focus,Overlong,LFP0343,254.155288589958,282.394765099953,66.5951808936844
LF04,Swien vs. Swiien,Swiien,Declarative non-final focus,Overlong,LFP0344,0,175.665382989893,68.1159594649249
LF04,Swien vs. Swiien,Swiien,Declarative non-final focus,Overlong,LFP0344,17.5665382989894,175.665382989893,68.2108931418127
LF04,Swien vs. Swiien,Swiien,Declarative non-final focus,Overlong,LFP0344,35.1330765979785,175.665382989893,67.2767626031214
LF04,Swien vs. Swiien,Swiien,Declarative non-final focus,Overlong,LFP0344,52.6996148969678,175.665382989893,66.3154761601208
LF04,Swien vs. Swiien,Swiien,Declarative non-final focus,Overlong,LFP0344,70.266153195957,175.665382989893,64.9062577894326
LF04,Swien vs. Swiien,Swiien,Declarative non-final focus,Overlong,LFP0344,87.8326914949463,175.665382989893,62.5807343313474
LF04,Swien vs. Swiien,Swiien,Declarative non-final focus,Overlong,LFP0344,105.399229793936,175.665382989893,61.3671881071078
LF04,Swien vs. Swiien,Swiien,Declarative non-final focus,Overlong,LFP0344,122.965768092925,175.665382989893,63.4699266531932
LF04,Swien vs. Swiien,Swiien,Declarative non-final focus,Overlong,LFP0344,140.532306391914,175.665382989893,63.5025571178277
LF04,Swien vs. Swiien,Swiien,Declarative non-final focus,Overlong,LFP0344,158.098844690903,175.665382989893,65.2220879232808
LF05,Swien vs. Swiien,Swiien,Declarative non-final focus,Overlong,LFP0345,0,136.700674848789,66.1512195669672
LF05,Swien vs. Swiien,Swiien,Declarative non-final focus,Overlong,LFP0345,13.6700674848789,136.700674848789,65.0230618238083
LF05,Swien vs. Swiien,Swiien,Declarative non-final focus,Overlong,LFP0345,27.340134969758,136.700674848789,65.5172925104034
LF05,Swien vs. Swiien,Swiien,Declarative non-final focus,Overlong,LFP0345,41.0102024546368,136.700674848789,66.3262619726093
LF05,Swien vs. Swiien,Swiien,Declarative non-final focus,Overlong,LFP0345,54.6802699395157,136.700674848789,67.5555080823985
LF05,Swien vs. Swiien,Swiien,Declarative non-final focus,Overlong,LFP0345,68.3503374243948,136.700674848789,68.8902060745357
LF05,Swien vs. Swiien,Swiien,Declarative non-final focus,Overlong,LFP0345,82.0204049092737,136.700674848789,71.6192155274548
LF05,Swien vs. Swiien,Swiien,Declarative non-final focus,Overlong,LFP0345,95.6904723941525,136.700674848789,72.6893014961825
LF05,Swien vs. Swiien,Swiien,Declarative non-final focus,Overlong,LFP0345,109.360539879031,136.700674848789,71.4811082743774
LF05,Swien vs. Swiien,Swiien,Declarative non-final focus,Overlong,LFP0345,123.03060736391,136.700674848789,69.7395364869744
LF06,Swien vs. Swiien,Swiien,Declarative non-final focus,Overlong,LFP0346,0,179.683279197306,73.1084241974013
LF06,Swien vs. Swiien,Swiien,Declarative non-final focus,Overlong,LFP0346,17.9683279197307,179.683279197306,72.9044347640063
LF06,Swien vs. Swiien,Swiien,Declarative non-final focus,Overlong,LFP0346,35.9366558394614,179.683279197306,73.4527710175064
LF06,Swien vs. Swiien,Swiien,Declarative non-final focus,Overlong,LFP0346,53.9049837591918,179.683279197306,73.0334105018413
LF06,Swien vs. Swiien,Swiien,Declarative non-final focus,Overlong,LFP0346,71.8733116789225,179.683279197306,73.3829565343262
LF06,Swien vs. Swiien,Swiien,Declarative non-final focus,Overlong,LFP0346,89.8416395986532,179.683279197306,73.32846928503
LF06,Swien vs. Swiien,Swiien,Declarative non-final focus,Overlong,LFP0346,107.809967518384,179.683279197306,72.6571064535073
LF06,Swien vs. Swiien,Swiien,Declarative non-final focus,Overlong,LFP0346,125.778295438115,179.683279197306,71.7794090130884
LF06,Swien vs. Swiien,Swiien,Declarative non-final focus,Overlong,LFP0346,143.746623357845,179.683279197306,72.6481188042945
LF06,Swien vs. Swiien,Swiien,Declarative non-final focus,Overlong,LFP0346,161.714951277576,179.683279197306,72.2855857928431
LF07,Swien vs. Swiien,Swiien,Declarative non-final focus,Overlong,LFP0347,0,197.761291230878,64.5197274716251
LF07,Swien vs. Swiien,Swiien,Declarative non-final focus,Overlong,LFP0347,19.7761291230878,197.761291230878,65.1651929266297
LF07,Swien vs. Swiien,Swiien,Declarative non-final focus,Overlong,LFP0347,39.5522582461756,197.761291230878,67.3179477087483
LF07,Swien vs. Swiien,Swiien,Declarative non-final focus,Overlong,LFP0347,59.3283873692634,197.761291230878,69.8941938115085
LF07,Swien vs. Swiien,Swiien,Declarative non-final focus,Overlong,LFP0347,79.1045164923512,197.761291230878,71.456292705948
LF07,Swien vs. Swiien,Swiien,Declarative non-final focus,Overlong,LFP0347,98.880645615439,197.761291230878,68.5491758228835
LF07,Swien vs. Swiien,Swiien,Declarative non-final focus,Overlong,LFP0347,118.656774738527,197.761291230878,67.6129859034661
LF07,Swien vs. Swiien,Swiien,Declarative non-final focus,Overlong,LFP0347,138.432903861615,197.761291230878,66.9160685537534
LF07,Swien vs. Swiien,Swiien,Declarative non-final focus,Overlong,LFP0347,158.209032984703,197.761291230878,68.0056212133366
LF07,Swien vs. Swiien,Swiien,Declarative non-final focus,Overlong,LFP0347,177.98516210779,197.761291230878,66.9492737128618
LF08,Swien vs. Swiien,Swiien,Declarative non-final focus,Overlong,LFP0348,0,191.639139572833,73.475965605961
LF08,Swien vs. Swiien,Swiien,Declarative non-final focus,Overlong,LFP0348,19.1639139572832,191.639139572833,72.7831839399319
LF08,Swien vs. Swiien,Swiien,Declarative non-final focus,Overlong,LFP0348,38.3278279145667,191.639139572833,73.255977491589
LF08,Swien vs. Swiien,Swiien,Declarative non-final focus,Overlong,LFP0348,57.4917418718499,191.639139572833,73.2934536912129
LF08,Swien vs. Swiien,Swiien,Declarative non-final focus,Overlong,LFP0348,76.6556558291334,191.639139572833,73.1660689100595
LF08,Swien vs. Swiien,Swiien,Declarative non-final focus,Overlong,LFP0348,95.8195697864166,191.639139572833,73.3548306275865
LF08,Swien vs. Swiien,Swiien,Declarative non-final focus,Overlong,LFP0348,114.9834837437,191.639139572833,73.0736507999976
LF08,Swien vs. Swiien,Swiien,Declarative non-final focus,Overlong,LFP0348,134.147397700983,191.639139572833,71.7802530003164
LF08,Swien vs. Swiien,Swiien,Declarative non-final focus,Overlong,LFP0348,153.311311658267,191.639139572833,72.5095656600287
LF08,Swien vs. Swiien,Swiien,Declarative non-final focus,Overlong,LFP0348,172.47522561555,191.639139572833,72.3937102377995
LF09,Swien vs. Swiien,Swiien,Declarative non-final focus,Overlong,LFP0349,0,230.710944428379,63.3449172356532
LF09,Swien vs. Swiien,Swiien,Declarative non-final focus,Overlong,LFP0349,23.0710944428378,230.710944428379,66.3862630188999
LF09,Swien vs. Swiien,Swiien,Declarative non-final focus,Overlong,LFP0349,46.1421888856757,230.710944428379,69.6187495247274
LF09,Swien vs. Swiien,Swiien,Declarative non-final focus,Overlong,LFP0349,69.2132833285137,230.710944428379,73.4736953451785
LF09,Swien vs. Swiien,Swiien,Declarative non-final focus,Overlong,LFP0349,92.2843777713516,230.710944428379,71.6062563690585
LF09,Swien vs. Swiien,Swiien,Declarative non-final focus,Overlong,LFP0349,115.355472214189,230.710944428379,69.0064911359789
LF09,Swien vs. Swiien,Swiien,Declarative non-final focus,Overlong,LFP0349,138.426566657027,230.710944428379,70.0427339144095
LF09,Swien vs. Swiien,Swiien,Declarative non-final focus,Overlong,LFP0349,161.497661099865,230.710944428379,68.1542474048319
LF09,Swien vs. Swiien,Swiien,Declarative non-final focus,Overlong,LFP0349,184.568755542703,230.710944428379,65.4460921113872
LF09,Swien vs. Swiien,Swiien,Declarative non-final focus,Overlong,LFP0349,207.639849985541,230.710944428379,63.6331346826281
LF10,Swien vs. Swiien,Swiien,Declarative non-final focus,Overlong,LFP0350,0,270.420846071222,71.9172722107928
LF10,Swien vs. Swiien,Swiien,Declarative non-final focus,Overlong,LFP0350,27.0420846071222,270.420846071222,71.5251095615248
LF10,Swien vs. Swiien,Swiien,Declarative non-final focus,Overlong,LFP0350,54.0841692142444,270.420846071222,72.6327751858428
LF10,Swien vs. Swiien,Swiien,Declarative non-final focus,Overlong,LFP0350,81.1262538213666,270.420846071222,69.8857021630076
LF10,Swien vs. Swiien,Swiien,Declarative non-final focus,Overlong,LFP0350,108.168338428489,270.420846071222,74.2773363898462
LF10,Swien vs. Swiien,Swiien,Declarative non-final focus,Overlong,LFP0350,135.210423035611,270.420846071222,75.6570498114765
LF10,Swien vs. Swiien,Swiien,Declarative non-final focus,Overlong,LFP0350,162.252507642733,270.420846071222,77.2508054932996
LF10,Swien vs. Swiien,Swiien,Declarative non-final focus,Overlong,LFP0350,189.294592249855,270.420846071222,75.7364362311776
LF10,Swien vs. Swiien,Swiien,Declarative non-final focus,Overlong,LFP0350,216.336676856977,270.420846071222,71.2188929023366
LF10,Swien vs. Swiien,Swiien,Declarative non-final focus,Overlong,LFP0350,243.3787614641,270.420846071222,70.2410443441397
LF01,Weken vs. Wegen,Wegen,Declarative non-final focus,Overlong,LFP0351,0,192.272127701445,59.7976914686896
LF01,Weken vs. Wegen,Wegen,Declarative non-final focus,Overlong,LFP0351,19.2272127701445,192.272127701445,67.5532172629386
LF01,Weken vs. Wegen,Wegen,Declarative non-final focus,Overlong,LFP0351,38.454425540289,192.272127701445,69.6099253614229
LF01,Weken vs. Wegen,Wegen,Declarative non-final focus,Overlong,LFP0351,57.6816383104335,192.272127701445,71.551516434903
LF01,Weken vs. Wegen,Wegen,Declarative non-final focus,Overlong,LFP0351,76.908851080578,192.272127701445,68.4011889557291
LF01,Weken vs. Wegen,Wegen,Declarative non-final focus,Overlong,LFP0351,96.1360638507225,192.272127701445,63.5787985988904
LF01,Weken vs. Wegen,Wegen,Declarative non-final focus,Overlong,LFP0351,115.363276620867,192.272127701445,65.7551881419268
LF01,Weken vs. Wegen,Wegen,Declarative non-final focus,Overlong,LFP0351,134.590489391012,192.272127701445,72.4904301836276
LF01,Weken vs. Wegen,Wegen,Declarative non-final focus,Overlong,LFP0351,153.817702161156,192.272127701445,71.1730145532293
LF01,Weken vs. Wegen,Wegen,Declarative non-final focus,Overlong,LFP0351,173.044914931301,192.272127701445,72.8770799769945
LF02,Weken vs. Wegen,Wegen,Declarative non-final focus,Overlong,LFP0352,0,155.131401821862,60.5800400363225
LF02,Weken vs. Wegen,Wegen,Declarative non-final focus,Overlong,LFP0352,15.5131401821862,155.131401821862,63.8767535094978
LF02,Weken vs. Wegen,Wegen,Declarative non-final focus,Overlong,LFP0352,31.0262803643724,155.131401821862,64.6923980727199
LF02,Weken vs. Wegen,Wegen,Declarative non-final focus,Overlong,LFP0352,46.5394205465588,155.131401821862,65.5196190076646
LF02,Weken vs. Wegen,Wegen,Declarative non-final focus,Overlong,LFP0352,62.052560728745,155.131401821862,66.9889559145565
LF02,Weken vs. Wegen,Wegen,Declarative non-final focus,Overlong,LFP0352,77.5657009109312,155.131401821862,66.4251447269903
LF02,Weken vs. Wegen,Wegen,Declarative non-final focus,Overlong,LFP0352,93.0788410931174,155.131401821862,65.104821772012
LF02,Weken vs. Wegen,Wegen,Declarative non-final focus,Overlong,LFP0352,108.591981275304,155.131401821862,66.2406452833976
LF02,Weken vs. Wegen,Wegen,Declarative non-final focus,Overlong,LFP0352,124.10512145749,155.131401821862,65.0241097251311
LF02,Weken vs. Wegen,Wegen,Declarative non-final focus,Overlong,LFP0352,139.618261639676,155.131401821862,64.4035416782645
LF03,Weken vs. Wegen,Wegen,Declarative non-final focus,Overlong,LFP0353,0,237.713752287998,64.0840350452746
LF03,Weken vs. Wegen,Wegen,Declarative non-final focus,Overlong,LFP0353,23.7713752287998,237.713752287998,66.1316243411759
LF03,Weken vs. Wegen,Wegen,Declarative non-final focus,Overlong,LFP0353,47.5427504575996,237.713752287998,69.8789770007915
LF03,Weken vs. Wegen,Wegen,Declarative non-final focus,Overlong,LFP0353,71.3141256863996,237.713752287998,70.729416650272
LF03,Weken vs. Wegen,Wegen,Declarative non-final focus,Overlong,LFP0353,95.0855009151994,237.713752287998,68.978869725687
LF03,Weken vs. Wegen,Wegen,Declarative non-final focus,Overlong,LFP0353,118.856876143999,237.713752287998,69.4978498372291
LF03,Weken vs. Wegen,Wegen,Declarative non-final focus,Overlong,LFP0353,142.628251372799,237.713752287998,66.8467758514021
LF03,Weken vs. Wegen,Wegen,Declarative non-final focus,Overlong,LFP0353,166.399626601599,237.713752287998,68.2091825253941
LF03,Weken vs. Wegen,Wegen,Declarative non-final focus,Overlong,LFP0353,190.171001830399,237.713752287998,66.0550120661517
LF03,Weken vs. Wegen,Wegen,Declarative non-final focus,Overlong,LFP0353,213.942377059199,237.713752287998,64.9132631977139
LF04,Weken vs. Wegen,Wegen,Declarative non-final focus,Overlong,LFP0354,0,170.288836152687,69.5598894297823
LF04,Weken vs. Wegen,Wegen,Declarative non-final focus,Overlong,LFP0354,17.0288836152687,170.288836152687,70.4516253157512
LF04,Weken vs. Wegen,Wegen,Declarative non-final focus,Overlong,LFP0354,34.0577672305373,170.288836152687,72.1796120234653
LF04,Weken vs. Wegen,Wegen,Declarative non-final focus,Overlong,LFP0354,51.086650845806,170.288836152687,71.0312516964132
LF04,Weken vs. Wegen,Wegen,Declarative non-final focus,Overlong,LFP0354,68.1155344610747,170.288836152687,68.683769844058
LF04,Weken vs. Wegen,Wegen,Declarative non-final focus,Overlong,LFP0354,85.1444180763433,170.288836152687,70.7216917712129
LF04,Weken vs. Wegen,Wegen,Declarative non-final focus,Overlong,LFP0354,102.173301691612,170.288836152687,72.0116889679694
LF04,Weken vs. Wegen,Wegen,Declarative non-final focus,Overlong,LFP0354,119.202185306881,170.288836152687,69.6964692480871
LF04,Weken vs. Wegen,Wegen,Declarative non-final focus,Overlong,LFP0354,136.231068922149,170.288836152687,71.7119179025303
LF04,Weken vs. Wegen,Wegen,Declarative non-final focus,Overlong,LFP0354,153.259952537418,170.288836152687,69.1708403676193
LF05,Weken vs. Wegen,Wegen,Declarative non-final focus,Overlong,LFP0355,0,155.857096287275,72.2619801145973
LF05,Weken vs. Wegen,Wegen,Declarative non-final focus,Overlong,LFP0355,15.5857096287275,155.857096287275,73.1895867477406
LF05,Weken vs. Wegen,Wegen,Declarative non-final focus,Overlong,LFP0355,31.171419257455,155.857096287275,71.0167694019242
LF05,Weken vs. Wegen,Wegen,Declarative non-final focus,Overlong,LFP0355,46.7571288861826,155.857096287275,69.5365694473751
LF05,Weken vs. Wegen,Wegen,Declarative non-final focus,Overlong,LFP0355,62.3428385149101,155.857096287275,70.8778865227302
LF05,Weken vs. Wegen,Wegen,Declarative non-final focus,Overlong,LFP0355,77.9285481436376,155.857096287275,71.503644840403
LF05,Weken vs. Wegen,Wegen,Declarative non-final focus,Overlong,LFP0355,93.5142577723651,155.857096287275,73.1040534441607
LF05,Weken vs. Wegen,Wegen,Declarative non-final focus,Overlong,LFP0355,109.099967401093,155.857096287275,74.569176908102
LF05,Weken vs. Wegen,Wegen,Declarative non-final focus,Overlong,LFP0355,124.68567702982,155.857096287275,72.5065009924029
LF05,Weken vs. Wegen,Wegen,Declarative non-final focus,Overlong,LFP0355,140.271386658548,155.857096287275,72.0624147919102
LF06,Weken vs. Wegen,Wegen,Declarative non-final focus,Overlong,LFP0356,0,197.489982339089,70.6997304921272
LF06,Weken vs. Wegen,Wegen,Declarative non-final focus,Overlong,LFP0356,19.748998233909,197.489982339089,78.0605895049817
LF06,Weken vs. Wegen,Wegen,Declarative non-final focus,Overlong,LFP0356,39.4979964678179,197.489982339089,78.45556517969
LF06,Weken vs. Wegen,Wegen,Declarative non-final focus,Overlong,LFP0356,59.2469947017269,197.489982339089,78.8792154226303
LF06,Weken vs. Wegen,Wegen,Declarative non-final focus,Overlong,LFP0356,78.9959929356359,197.489982339089,78.6329948335874
LF06,Weken vs. Wegen,Wegen,Declarative non-final focus,Overlong,LFP0356,98.7449911695446,197.489982339089,76.6844637465658
LF06,Weken vs. Wegen,Wegen,Declarative non-final focus,Overlong,LFP0356,118.493989403454,197.489982339089,76.5313573728285
LF06,Weken vs. Wegen,Wegen,Declarative non-final focus,Overlong,LFP0356,138.242987637363,197.489982339089,76.3074325339329
LF06,Weken vs. Wegen,Wegen,Declarative non-final focus,Overlong,LFP0356,157.991985871272,197.489982339089,76.2237329722617
LF06,Weken vs. Wegen,Wegen,Declarative non-final focus,Overlong,LFP0356,177.74098410518,197.489982339089,74.3566090089813
LF07,Weken vs. Wegen,Wegen,Declarative non-final focus,Overlong,LFP0357,0,210.208744056337,70.49685582333
LF07,Weken vs. Wegen,Wegen,Declarative non-final focus,Overlong,LFP0357,21.0208744056337,210.208744056337,75.5251234168533
LF07,Weken vs. Wegen,Wegen,Declarative non-final focus,Overlong,LFP0357,42.0417488112674,210.208744056337,75.9866194580532
LF07,Weken vs. Wegen,Wegen,Declarative non-final focus,Overlong,LFP0357,63.0626232169011,210.208744056337,74.0144031301568
LF07,Weken vs. Wegen,Wegen,Declarative non-final focus,Overlong,LFP0357,84.0834976225349,210.208744056337,70.8526011919694
LF07,Weken vs. Wegen,Wegen,Declarative non-final focus,Overlong,LFP0357,105.104372028169,210.208744056337,72.2340100771687
LF07,Weken vs. Wegen,Wegen,Declarative non-final focus,Overlong,LFP0357,126.125246433803,210.208744056337,72.9037882888649
LF07,Weken vs. Wegen,Wegen,Declarative non-final focus,Overlong,LFP0357,147.146120839436,210.208744056337,72.2660689289992
LF07,Weken vs. Wegen,Wegen,Declarative non-final focus,Overlong,LFP0357,168.16699524507,210.208744056337,71.6648238731778
LF07,Weken vs. Wegen,Wegen,Declarative non-final focus,Overlong,LFP0357,189.187869650704,210.208744056337,72.3568707443053
LF08,Weken vs. Wegen,Wegen,Declarative non-final focus,Overlong,LFP0358,0,204.199890350877,72.9301913955972
LF08,Weken vs. Wegen,Wegen,Declarative non-final focus,Overlong,LFP0358,20.4199890350878,204.199890350877,78.5969746456322
LF08,Weken vs. Wegen,Wegen,Declarative non-final focus,Overlong,LFP0358,40.8399780701754,204.199890350877,78.3026660444181
LF08,Weken vs. Wegen,Wegen,Declarative non-final focus,Overlong,LFP0358,61.2599671052632,204.199890350877,79.2562184907577
LF08,Weken vs. Wegen,Wegen,Declarative non-final focus,Overlong,LFP0358,81.679956140351,204.199890350877,77.5922104150409
LF08,Weken vs. Wegen,Wegen,Declarative non-final focus,Overlong,LFP0358,102.099945175439,204.199890350877,76.7434342394691
LF08,Weken vs. Wegen,Wegen,Declarative non-final focus,Overlong,LFP0358,122.519934210526,204.199890350877,76.8617330847273
LF08,Weken vs. Wegen,Wegen,Declarative non-final focus,Overlong,LFP0358,142.939923245614,204.199890350877,76.0312634940161
LF08,Weken vs. Wegen,Wegen,Declarative non-final focus,Overlong,LFP0358,163.359912280702,204.199890350877,75.6443057938122
LF08,Weken vs. Wegen,Wegen,Declarative non-final focus,Overlong,LFP0358,183.779901315789,204.199890350877,72.7279983555552
LF09,Weken vs. Wegen,Wegen,Declarative non-final focus,Overlong,LFP0359,0,227.635087030764,68.1371713326171
LF09,Weken vs. Wegen,Wegen,Declarative non-final focus,Overlong,LFP0359,22.7635087030764,227.635087030764,67.2605225946325
LF09,Weken vs. Wegen,Wegen,Declarative non-final focus,Overlong,LFP0359,45.5270174061528,227.635087030764,67.9219887431924
LF09,Weken vs. Wegen,Wegen,Declarative non-final focus,Overlong,LFP0359,68.290526109229,227.635087030764,72.5259322706328
LF09,Weken vs. Wegen,Wegen,Declarative non-final focus,Overlong,LFP0359,91.0540348123054,227.635087030764,70.8083255494599
LF09,Weken vs. Wegen,Wegen,Declarative non-final focus,Overlong,LFP0359,113.817543515382,227.635087030764,72.8768984276815
LF09,Weken vs. Wegen,Wegen,Declarative non-final focus,Overlong,LFP0359,136.581052218458,227.635087030764,70.1494822810033
LF09,Weken vs. Wegen,Wegen,Declarative non-final focus,Overlong,LFP0359,159.344560921535,227.635087030764,69.9451005259776
LF09,Weken vs. Wegen,Wegen,Declarative non-final focus,Overlong,LFP0359,182.108069624611,227.635087030764,68.8801090197966
LF09,Weken vs. Wegen,Wegen,Declarative non-final focus,Overlong,LFP0359,204.871578327687,227.635087030764,63.9580346059623
LF10,Weken vs. Wegen,Wegen,Declarative non-final focus,Overlong,LFP0360,0,191.658923063152,72.9468496948336
LF10,Weken vs. Wegen,Wegen,Declarative non-final focus,Overlong,LFP0360,19.1658923063152,191.658923063152,75.5819742770799
LF10,Weken vs. Wegen,Wegen,Declarative non-final focus,Overlong,LFP0360,38.3317846126305,191.658923063152,76.8202336283215
LF10,Weken vs. Wegen,Wegen,Declarative non-final focus,Overlong,LFP0360,57.4976769189457,191.658923063152,77.2482227087042
LF10,Weken vs. Wegen,Wegen,Declarative non-final focus,Overlong,LFP0360,76.6635692252611,191.658923063152,77.2623113021799
LF10,Weken vs. Wegen,Wegen,Declarative non-final focus,Overlong,LFP0360,95.8294615315762,191.658923063152,77.6482377172385
LF10,Weken vs. Wegen,Wegen,Declarative non-final focus,Overlong,LFP0360,114.995353837891,191.658923063152,77.6801772194907
LF10,Weken vs. Wegen,Wegen,Declarative non-final focus,Overlong,LFP0360,134.161246144207,191.658923063152,74.5569436379795
LF10,Weken vs. Wegen,Wegen,Declarative non-final focus,Overlong,LFP0360,153.327138450522,191.658923063152,71.7480840653358
LF10,Weken vs. Wegen,Wegen,Declarative non-final focus,Overlong,LFP0360,172.493030756837,191.658923063152,67.0350139142329
LF01,Laten vs. Laden,Laden,Interrogative final focus,Overlong,LFP0361,0,240.851559349926,69.2532030888036
LF01,Laten vs. Laden,Laden,Interrogative final focus,Overlong,LFP0361,24.0851559349925,240.851559349926,67.323754683699
LF01,Laten vs. Laden,Laden,Interrogative final focus,Overlong,LFP0361,48.1703118699851,240.851559349926,68.1179631398366
LF01,Laten vs. Laden,Laden,Interrogative final focus,Overlong,LFP0361,72.2554678049777,240.851559349926,67.9066264406573
LF01,Laten vs. Laden,Laden,Interrogative final focus,Overlong,LFP0361,96.3406237399702,240.851559349926,68.900887473529
LF01,Laten vs. Laden,Laden,Interrogative final focus,Overlong,LFP0361,120.425779674963,240.851559349926,68.3348107349967
LF01,Laten vs. Laden,Laden,Interrogative final focus,Overlong,LFP0361,144.510935609955,240.851559349926,66.8618765927433
LF01,Laten vs. Laden,Laden,Interrogative final focus,Overlong,LFP0361,168.596091544948,240.851559349926,67.8721944523324
LF01,Laten vs. Laden,Laden,Interrogative final focus,Overlong,LFP0361,192.68124747994,240.851559349926,68.921488388035
LF01,Laten vs. Laden,Laden,Interrogative final focus,Overlong,LFP0361,216.766403414933,240.851559349926,65.3911441959015
LF02,Laten vs. Laden,Laden,Interrogative final focus,Overlong,LFP0362,0,271.979259963095,60.4526680399463
LF02,Laten vs. Laden,Laden,Interrogative final focus,Overlong,LFP0362,27.1979259963095,271.979259963095,61.5728718543317
LF02,Laten vs. Laden,Laden,Interrogative final focus,Overlong,LFP0362,54.3958519926189,271.979259963095,63.7109186138475
LF02,Laten vs. Laden,Laden,Interrogative final focus,Overlong,LFP0362,81.5937779889284,271.979259963095,64.7920058492061
LF02,Laten vs. Laden,Laden,Interrogative final focus,Overlong,LFP0362,108.791703985238,271.979259963095,65.8256341764954
LF02,Laten vs. Laden,Laden,Interrogative final focus,Overlong,LFP0362,135.989629981547,271.979259963095,66.8128360991311
LF02,Laten vs. Laden,Laden,Interrogative final focus,Overlong,LFP0362,163.187555977857,271.979259963095,66.7723790133122
LF02,Laten vs. Laden,Laden,Interrogative final focus,Overlong,LFP0362,190.385481974166,271.979259963095,65.4191355801492
LF02,Laten vs. Laden,Laden,Interrogative final focus,Overlong,LFP0362,217.583407970476,271.979259963095,64.6901846724544
LF02,Laten vs. Laden,Laden,Interrogative final focus,Overlong,LFP0362,244.781333966785,271.979259963095,66.3569661628379
LF03,Laten vs. Laden,Laden,Interrogative final focus,Overlong,LFP0363,0,261.723145944923,66.0905402828541
LF03,Laten vs. Laden,Laden,Interrogative final focus,Overlong,LFP0363,26.1723145944922,261.723145944923,66.8203831737507
LF03,Laten vs. Laden,Laden,Interrogative final focus,Overlong,LFP0363,52.3446291889845,261.723145944923,67.982176830987
LF03,Laten vs. Laden,Laden,Interrogative final focus,Overlong,LFP0363,78.5169437834768,261.723145944923,68.1291319895979
LF03,Laten vs. Laden,Laden,Interrogative final focus,Overlong,LFP0363,104.689258377969,261.723145944923,69.4825554207208
LF03,Laten vs. Laden,Laden,Interrogative final focus,Overlong,LFP0363,130.861572972461,261.723145944923,64.0810811887229
LF03,Laten vs. Laden,Laden,Interrogative final focus,Overlong,LFP0363,157.033887566954,261.723145944923,66.4837976223992
LF03,Laten vs. Laden,Laden,Interrogative final focus,Overlong,LFP0363,183.206202161446,261.723145944923,66.7091463149112
LF03,Laten vs. Laden,Laden,Interrogative final focus,Overlong,LFP0363,209.378516755938,261.723145944923,66.5740081548911
LF03,Laten vs. Laden,Laden,Interrogative final focus,Overlong,LFP0363,235.55083135043,261.723145944923,65.0085360274699
LF04,Laten vs. Laden,Laden,Interrogative final focus,Overlong,LFP0364,0,265.674051860423,68.1741110966253
LF04,Laten vs. Laden,Laden,Interrogative final focus,Overlong,LFP0364,26.5674051860423,265.674051860423,67.4651589905315
LF04,Laten vs. Laden,Laden,Interrogative final focus,Overlong,LFP0364,53.1348103720847,265.674051860423,66.4732959707988
LF04,Laten vs. Laden,Laden,Interrogative final focus,Overlong,LFP0364,79.702215558127,265.674051860423,68.3792287220358
LF04,Laten vs. Laden,Laden,Interrogative final focus,Overlong,LFP0364,106.269620744169,265.674051860423,71.9631733838165
LF04,Laten vs. Laden,Laden,Interrogative final focus,Overlong,LFP0364,132.837025930212,265.674051860423,72.2892433108247
LF04,Laten vs. Laden,Laden,Interrogative final focus,Overlong,LFP0364,159.404431116254,265.674051860423,72.2517909600411
LF04,Laten vs. Laden,Laden,Interrogative final focus,Overlong,LFP0364,185.971836302296,265.674051860423,72.9875698756494
LF04,Laten vs. Laden,Laden,Interrogative final focus,Overlong,LFP0364,212.539241488339,265.674051860423,73.1194400656863
LF04,Laten vs. Laden,Laden,Interrogative final focus,Overlong,LFP0364,239.106646674381,265.674051860423,70.3047023186802
LF05,Laten vs. Laden,Laden,Interrogative final focus,Overlong,LFP0365,0,256.578918363212,75.210361750168
LF05,Laten vs. Laden,Laden,Interrogative final focus,Overlong,LFP0365,25.6578918363213,256.578918363212,75.2694019850786
LF05,Laten vs. Laden,Laden,Interrogative final focus,Overlong,LFP0365,51.3157836726423,256.578918363212,73.8673068571276
LF05,Laten vs. Laden,Laden,Interrogative final focus,Overlong,LFP0365,76.9736755089636,256.578918363212,74.7527190919723
LF05,Laten vs. Laden,Laden,Interrogative final focus,Overlong,LFP0365,102.631567345285,256.578918363212,75.9818996868415
LF05,Laten vs. Laden,Laden,Interrogative final focus,Overlong,LFP0365,128.289459181606,256.578918363212,76.0199127742491
LF05,Laten vs. Laden,Laden,Interrogative final focus,Overlong,LFP0365,153.947351017927,256.578918363212,76.39370914872
LF05,Laten vs. Laden,Laden,Interrogative final focus,Overlong,LFP0365,179.605242854249,256.578918363212,76.3404701884015
LF05,Laten vs. Laden,Laden,Interrogative final focus,Overlong,LFP0365,205.26313469057,256.578918363212,73.5641165798111
LF05,Laten vs. Laden,Laden,Interrogative final focus,Overlong,LFP0365,230.921026526891,256.578918363212,73.5424679555233
LF06,Laten vs. Laden,Laden,Interrogative final focus,Overlong,LFP0366,0,245.115679480294,75.0365444833908
LF06,Laten vs. Laden,Laden,Interrogative final focus,Overlong,LFP0366,24.5115679480294,245.115679480294,75.9580577945077
LF06,Laten vs. Laden,Laden,Interrogative final focus,Overlong,LFP0366,49.0231358960589,245.115679480294,77.2421028700932
LF06,Laten vs. Laden,Laden,Interrogative final focus,Overlong,LFP0366,73.5347038440882,245.115679480294,77.9919995169852
LF06,Laten vs. Laden,Laden,Interrogative final focus,Overlong,LFP0366,98.0462717921178,245.115679480294,79.1569962093282
LF06,Laten vs. Laden,Laden,Interrogative final focus,Overlong,LFP0366,122.557839740147,245.115679480294,78.4321284414336
LF06,Laten vs. Laden,Laden,Interrogative final focus,Overlong,LFP0366,147.069407688176,245.115679480294,77.7054360790644
LF06,Laten vs. Laden,Laden,Interrogative final focus,Overlong,LFP0366,171.580975636206,245.115679480294,77.5110054920146
LF06,Laten vs. Laden,Laden,Interrogative final focus,Overlong,LFP0366,196.092543584235,245.115679480294,77.4671421569327
LF06,Laten vs. Laden,Laden,Interrogative final focus,Overlong,LFP0366,220.604111532265,245.115679480294,77.5304070716888
LF07,Laten vs. Laden,Laden,Interrogative final focus,Overlong,LFP0367,0,280.961788712654,70.2131589868224
LF07,Laten vs. Laden,Laden,Interrogative final focus,Overlong,LFP0367,28.0961788712654,280.961788712654,71.9692708688039
LF07,Laten vs. Laden,Laden,Interrogative final focus,Overlong,LFP0367,56.1923577425308,280.961788712654,74.9045731651978
LF07,Laten vs. Laden,Laden,Interrogative final focus,Overlong,LFP0367,84.2885366137963,280.961788712654,72.8526201979707
LF07,Laten vs. Laden,Laden,Interrogative final focus,Overlong,LFP0367,112.384715485062,280.961788712654,73.2177843256913
LF07,Laten vs. Laden,Laden,Interrogative final focus,Overlong,LFP0367,140.480894356327,280.961788712654,72.9947674750541
LF07,Laten vs. Laden,Laden,Interrogative final focus,Overlong,LFP0367,168.577073227593,280.961788712654,72.2008350058167
LF07,Laten vs. Laden,Laden,Interrogative final focus,Overlong,LFP0367,196.673252098858,280.961788712654,72.6376979617939
LF07,Laten vs. Laden,Laden,Interrogative final focus,Overlong,LFP0367,224.769430970123,280.961788712654,72.8651714396765
LF07,Laten vs. Laden,Laden,Interrogative final focus,Overlong,LFP0367,252.865609841389,280.961788712654,72.6143597795923
LF08,Laten vs. Laden,Laden,Interrogative final focus,Overlong,LFP0368,0,247.365632746013,75.1551239739041
LF08,Laten vs. Laden,Laden,Interrogative final focus,Overlong,LFP0368,24.7365632746014,247.365632746013,76.1679490746761
LF08,Laten vs. Laden,Laden,Interrogative final focus,Overlong,LFP0368,49.4731265492028,247.365632746013,77.4084471453941
LF08,Laten vs. Laden,Laden,Interrogative final focus,Overlong,LFP0368,74.209689823804,247.365632746013,78.2882574930052
LF08,Laten vs. Laden,Laden,Interrogative final focus,Overlong,LFP0368,98.9462530984053,247.365632746013,79.1031400194894
LF08,Laten vs. Laden,Laden,Interrogative final focus,Overlong,LFP0368,123.682816373007,247.365632746013,78.27741174386
LF08,Laten vs. Laden,Laden,Interrogative final focus,Overlong,LFP0368,148.419379647608,247.365632746013,77.5530745230634
LF08,Laten vs. Laden,Laden,Interrogative final focus,Overlong,LFP0368,173.155942922209,247.365632746013,77.6356426218873
LF08,Laten vs. Laden,Laden,Interrogative final focus,Overlong,LFP0368,197.892506196811,247.365632746013,77.161447727514
LF08,Laten vs. Laden,Laden,Interrogative final focus,Overlong,LFP0368,222.629069471412,247.365632746013,77.5964373530149
LF09,Laten vs. Laden,Laden,Interrogative final focus,Overlong,LFP0369,0,213.864962887989,68.765476684857
LF09,Laten vs. Laden,Laden,Interrogative final focus,Overlong,LFP0369,21.386496288799,213.864962887989,68.9876425084265
LF09,Laten vs. Laden,Laden,Interrogative final focus,Overlong,LFP0369,42.7729925775978,213.864962887989,70.3614148284798
LF09,Laten vs. Laden,Laden,Interrogative final focus,Overlong,LFP0369,64.1594888663968,213.864962887989,72.7351353793058
LF09,Laten vs. Laden,Laden,Interrogative final focus,Overlong,LFP0369,85.5459851551957,213.864962887989,74.1186738036294
LF09,Laten vs. Laden,Laden,Interrogative final focus,Overlong,LFP0369,106.932481443995,213.864962887989,73.3226060359583
LF09,Laten vs. Laden,Laden,Interrogative final focus,Overlong,LFP0369,128.318977732794,213.864962887989,73.3159374157537
LF09,Laten vs. Laden,Laden,Interrogative final focus,Overlong,LFP0369,149.705474021593,213.864962887989,73.5035864856443
LF09,Laten vs. Laden,Laden,Interrogative final focus,Overlong,LFP0369,171.091970310391,213.864962887989,72.9303112649208
LF09,Laten vs. Laden,Laden,Interrogative final focus,Overlong,LFP0369,192.47846659919,213.864962887989,70.7897685872734
LF10,Laten vs. Laden,Laden,Interrogative final focus,Overlong,LFP0370,0,270.3851271379,80.340452087947
LF10,Laten vs. Laden,Laden,Interrogative final focus,Overlong,LFP0370,27.03851271379,270.3851271379,82.0191850853096
LF10,Laten vs. Laden,Laden,Interrogative final focus,Overlong,LFP0370,54.07702542758,270.3851271379,79.967413652178
LF10,Laten vs. Laden,Laden,Interrogative final focus,Overlong,LFP0370,81.11553814137,270.3851271379,83.0114113577389
LF10,Laten vs. Laden,Laden,Interrogative final focus,Overlong,LFP0370,108.15405085516,270.3851271379,83.6459922445402
LF10,Laten vs. Laden,Laden,Interrogative final focus,Overlong,LFP0370,135.19256356895,270.3851271379,82.3204224212455
LF10,Laten vs. Laden,Laden,Interrogative final focus,Overlong,LFP0370,162.23107628274,270.3851271379,81.426455187341
LF10,Laten vs. Laden,Laden,Interrogative final focus,Overlong,LFP0370,189.26958899653,270.3851271379,80.1909885476963
LF10,Laten vs. Laden,Laden,Interrogative final focus,Overlong,LFP0370,216.30810171032,270.3851271379,79.6891386477318
LF10,Laten vs. Laden,Laden,Interrogative final focus,Overlong,LFP0370,243.34661442411,270.3851271379,77.2050009395113
LF01,Ries vs. Riez,Riez,Interrogative final focus,Overlong,LFP0371,0,304.857937097018,65.9625757861175
LF01,Ries vs. Riez,Riez,Interrogative final focus,Overlong,LFP0371,30.4857937097018,304.857937097018,71.2351736535915
LF01,Ries vs. Riez,Riez,Interrogative final focus,Overlong,LFP0371,60.9715874194037,304.857937097018,69.3211268355791
LF01,Ries vs. Riez,Riez,Interrogative final focus,Overlong,LFP0371,91.4573811291053,304.857937097018,68.7564094412688
LF01,Ries vs. Riez,Riez,Interrogative final focus,Overlong,LFP0371,121.943174838807,304.857937097018,68.502019364281
LF01,Ries vs. Riez,Riez,Interrogative final focus,Overlong,LFP0371,152.428968548509,304.857937097018,67.9438742454867
LF01,Ries vs. Riez,Riez,Interrogative final focus,Overlong,LFP0371,182.914762258211,304.857937097018,65.2344453965063
LF01,Ries vs. Riez,Riez,Interrogative final focus,Overlong,LFP0371,213.400555967913,304.857937097018,64.0049740785366
LF01,Ries vs. Riez,Riez,Interrogative final focus,Overlong,LFP0371,243.886349677614,304.857937097018,65.6130502577246
LF01,Ries vs. Riez,Riez,Interrogative final focus,Overlong,LFP0371,274.372143387316,304.857937097018,67.1916276254948
LF02,Ries vs. Riez,Riez,Interrogative final focus,Overlong,LFP0372,0,243.777645521772,63.6478549486997
LF02,Ries vs. Riez,Riez,Interrogative final focus,Overlong,LFP0372,24.3777645521772,243.777645521772,65.1115451844749
LF02,Ries vs. Riez,Riez,Interrogative final focus,Overlong,LFP0372,48.7555291043544,243.777645521772,66.157605883026
LF02,Ries vs. Riez,Riez,Interrogative final focus,Overlong,LFP0372,73.1332936565314,243.777645521772,66.5535377655792
LF02,Ries vs. Riez,Riez,Interrogative final focus,Overlong,LFP0372,97.5110582087086,243.777645521772,65.0717666808303
LF02,Ries vs. Riez,Riez,Interrogative final focus,Overlong,LFP0372,121.888822760886,243.777645521772,62.3383629119421
LF02,Ries vs. Riez,Riez,Interrogative final focus,Overlong,LFP0372,146.266587313063,243.777645521772,61.1617428721425
LF02,Ries vs. Riez,Riez,Interrogative final focus,Overlong,LFP0372,170.64435186524,243.777645521772,62.1098389031242
LF02,Ries vs. Riez,Riez,Interrogative final focus,Overlong,LFP0372,195.022116417417,243.777645521772,66.3063229103689
LF02,Ries vs. Riez,Riez,Interrogative final focus,Overlong,LFP0372,219.399880969595,243.777645521772,69.4664669954186
LF03,Ries vs. Riez,Riez,Interrogative final focus,Overlong,LFP0373,0,383.514345116353,57.156631226229
LF03,Ries vs. Riez,Riez,Interrogative final focus,Overlong,LFP0373,38.3514345116353,383.514345116353,58.7853814887808
LF03,Ries vs. Riez,Riez,Interrogative final focus,Overlong,LFP0373,76.7028690232706,383.514345116353,63.0873182708667
LF03,Ries vs. Riez,Riez,Interrogative final focus,Overlong,LFP0373,115.054303534906,383.514345116353,66.618335590417
LF03,Ries vs. Riez,Riez,Interrogative final focus,Overlong,LFP0373,153.405738046541,383.514345116353,66.5060371135734
LF03,Ries vs. Riez,Riez,Interrogative final focus,Overlong,LFP0373,191.757172558176,383.514345116353,62.9010189759036
LF03,Ries vs. Riez,Riez,Interrogative final focus,Overlong,LFP0373,230.108607069812,383.514345116353,62.8870262404675
LF03,Ries vs. Riez,Riez,Interrogative final focus,Overlong,LFP0373,268.460041581447,383.514345116353,62.7167047797229
LF03,Ries vs. Riez,Riez,Interrogative final focus,Overlong,LFP0373,306.811476093082,383.514345116353,59.9912346389278
LF03,Ries vs. Riez,Riez,Interrogative final focus,Overlong,LFP0373,345.162910604717,383.514345116353,61.763488556954
LF04,Ries vs. Riez,Riez,Interrogative final focus,Overlong,LFP0374,0,285.798486275788,65.8951736498537
LF04,Ries vs. Riez,Riez,Interrogative final focus,Overlong,LFP0374,28.5798486275788,285.798486275788,70.3587098902041
LF04,Ries vs. Riez,Riez,Interrogative final focus,Overlong,LFP0374,57.1596972551576,285.798486275788,70.6379516300967
LF04,Ries vs. Riez,Riez,Interrogative final focus,Overlong,LFP0374,85.7395458827363,285.798486275788,72.1026802397884
LF04,Ries vs. Riez,Riez,Interrogative final focus,Overlong,LFP0374,114.319394510315,285.798486275788,66.677232798864
LF04,Ries vs. Riez,Riez,Interrogative final focus,Overlong,LFP0374,142.899243137894,285.798486275788,63.5805682885589
LF04,Ries vs. Riez,Riez,Interrogative final focus,Overlong,LFP0374,171.479091765473,285.798486275788,68.7079293263598
LF04,Ries vs. Riez,Riez,Interrogative final focus,Overlong,LFP0374,200.058940393051,285.798486275788,63.3900981167935
LF04,Ries vs. Riez,Riez,Interrogative final focus,Overlong,LFP0374,228.63878902063,285.798486275788,62.6267385583903
LF04,Ries vs. Riez,Riez,Interrogative final focus,Overlong,LFP0374,257.218637648209,285.798486275788,65.1749120874158
LF05,Ries vs. Riez,Riez,Interrogative final focus,Overlong,LFP0375,0,268.633373808151,68.3164312771361
LF05,Ries vs. Riez,Riez,Interrogative final focus,Overlong,LFP0375,26.8633373808151,268.633373808151,72.9271109507773
LF05,Ries vs. Riez,Riez,Interrogative final focus,Overlong,LFP0375,53.7266747616302,268.633373808151,75.252348708612
LF05,Ries vs. Riez,Riez,Interrogative final focus,Overlong,LFP0375,80.5900121424453,268.633373808151,75.8082526715834
LF05,Ries vs. Riez,Riez,Interrogative final focus,Overlong,LFP0375,107.45334952326,268.633373808151,72.3996759500138
LF05,Ries vs. Riez,Riez,Interrogative final focus,Overlong,LFP0375,134.316686904076,268.633373808151,69.4438499263254
LF05,Ries vs. Riez,Riez,Interrogative final focus,Overlong,LFP0375,161.180024284891,268.633373808151,65.2167536256327
LF05,Ries vs. Riez,Riez,Interrogative final focus,Overlong,LFP0375,188.043361665706,268.633373808151,66.2706714310702
LF05,Ries vs. Riez,Riez,Interrogative final focus,Overlong,LFP0375,214.906699046521,268.633373808151,63.5045746050088
LF05,Ries vs. Riez,Riez,Interrogative final focus,Overlong,LFP0375,241.770036427336,268.633373808151,64.0180913199054
LF06,Ries vs. Riez,Riez,Interrogative final focus,Overlong,LFP0376,0,262.598920291801,68.5934850091821
LF06,Ries vs. Riez,Riez,Interrogative final focus,Overlong,LFP0376,26.25989202918,262.598920291801,74.6722447255127
LF06,Ries vs. Riez,Riez,Interrogative final focus,Overlong,LFP0376,52.5197840583601,262.598920291801,73.9733267989916
LF06,Ries vs. Riez,Riez,Interrogative final focus,Overlong,LFP0376,78.7796760875402,262.598920291801,73.8563137575958
LF06,Ries vs. Riez,Riez,Interrogative final focus,Overlong,LFP0376,105.03956811672,262.598920291801,74.8088366673645
LF06,Ries vs. Riez,Riez,Interrogative final focus,Overlong,LFP0376,131.2994601459,262.598920291801,75.607229949578
LF06,Ries vs. Riez,Riez,Interrogative final focus,Overlong,LFP0376,157.559352175081,262.598920291801,73.3267601974285
LF06,Ries vs. Riez,Riez,Interrogative final focus,Overlong,LFP0376,183.819244204261,262.598920291801,74.4982570745597
LF06,Ries vs. Riez,Riez,Interrogative final focus,Overlong,LFP0376,210.079136233441,262.598920291801,73.5110254984668
LF06,Ries vs. Riez,Riez,Interrogative final focus,Overlong,LFP0376,236.339028262621,262.598920291801,74.5876395165087
LF07,Ries vs. Riez,Riez,Interrogative final focus,Overlong,LFP0377,0,315.729123043402,66.2093776948434
LF07,Ries vs. Riez,Riez,Interrogative final focus,Overlong,LFP0377,31.5729123043402,315.729123043402,65.6203419239535
LF07,Ries vs. Riez,Riez,Interrogative final focus,Overlong,LFP0377,63.1458246086805,315.729123043402,64.9952996861575
LF07,Ries vs. Riez,Riez,Interrogative final focus,Overlong,LFP0377,94.7187369130207,315.729123043402,64.6185010307396
LF07,Ries vs. Riez,Riez,Interrogative final focus,Overlong,LFP0377,126.291649217361,315.729123043402,64.947937629283
LF07,Ries vs. Riez,Riez,Interrogative final focus,Overlong,LFP0377,157.864561521701,315.729123043402,64.0257483532008
LF07,Ries vs. Riez,Riez,Interrogative final focus,Overlong,LFP0377,189.437473826041,315.729123043402,64.5170798389999
LF07,Ries vs. Riez,Riez,Interrogative final focus,Overlong,LFP0377,221.010386130381,315.729123043402,67.3327574986057
LF07,Ries vs. Riez,Riez,Interrogative final focus,Overlong,LFP0377,252.583298434722,315.729123043402,66.8605812345697
LF07,Ries vs. Riez,Riez,Interrogative final focus,Overlong,LFP0377,284.156210739062,315.729123043402,66.6525170090813
LF08,Ries vs. Riez,Riez,Interrogative final focus,Overlong,LFP0378,0,237.002931866066,74.7910586352476
LF08,Ries vs. Riez,Riez,Interrogative final focus,Overlong,LFP0378,23.7002931866066,237.002931866066,73.9506894936367
LF08,Ries vs. Riez,Riez,Interrogative final focus,Overlong,LFP0378,47.4005863732132,237.002931866066,73.8617372501308
LF08,Ries vs. Riez,Riez,Interrogative final focus,Overlong,LFP0378,71.10087955982,237.002931866066,74.5318952008124
LF08,Ries vs. Riez,Riez,Interrogative final focus,Overlong,LFP0378,94.8011727464266,237.002931866066,75.6094500315843
LF08,Ries vs. Riez,Riez,Interrogative final focus,Overlong,LFP0378,118.501465933033,237.002931866066,74.6579572423041
LF08,Ries vs. Riez,Riez,Interrogative final focus,Overlong,LFP0378,142.20175911964,237.002931866066,72.3148280724263
LF08,Ries vs. Riez,Riez,Interrogative final focus,Overlong,LFP0378,165.902052306246,237.002931866066,75.2458408776137
LF08,Ries vs. Riez,Riez,Interrogative final focus,Overlong,LFP0378,189.602345492853,237.002931866066,72.9611952596229
LF08,Ries vs. Riez,Riez,Interrogative final focus,Overlong,LFP0378,213.30263867946,237.002931866066,74.8525480147164
LF09,Ries vs. Riez,Riez,Interrogative final focus,Overlong,LFP0379,0,239.208202511774,59.8165341925143
LF09,Ries vs. Riez,Riez,Interrogative final focus,Overlong,LFP0379,23.9208202511775,239.208202511774,59.4346768590152
LF09,Ries vs. Riez,Riez,Interrogative final focus,Overlong,LFP0379,47.8416405023548,239.208202511774,60.6728568768087
LF09,Ries vs. Riez,Riez,Interrogative final focus,Overlong,LFP0379,71.7624607535322,239.208202511774,61.2938267875058
LF09,Ries vs. Riez,Riez,Interrogative final focus,Overlong,LFP0379,95.6832810047096,239.208202511774,62.5509822240723
LF09,Ries vs. Riez,Riez,Interrogative final focus,Overlong,LFP0379,119.604101255887,239.208202511774,64.338409792808
LF09,Ries vs. Riez,Riez,Interrogative final focus,Overlong,LFP0379,143.524921507064,239.208202511774,64.6165898047284
LF09,Ries vs. Riez,Riez,Interrogative final focus,Overlong,LFP0379,167.445741758242,239.208202511774,61.7010576950342
LF09,Ries vs. Riez,Riez,Interrogative final focus,Overlong,LFP0379,191.366562009419,239.208202511774,66.9960770720085
LF09,Ries vs. Riez,Riez,Interrogative final focus,Overlong,LFP0379,215.287382260596,239.208202511774,67.6332025296973
LF10,Ries vs. Riez,Riez,Interrogative final focus,Overlong,LFP0380,0,304.168696380374,75.2918554150303
LF10,Ries vs. Riez,Riez,Interrogative final focus,Overlong,LFP0380,30.4168696380374,304.168696380374,74.7902190133813
LF10,Ries vs. Riez,Riez,Interrogative final focus,Overlong,LFP0380,60.8337392760747,304.168696380374,77.5074550656626
LF10,Ries vs. Riez,Riez,Interrogative final focus,Overlong,LFP0380,91.2506089141123,304.168696380374,73.3597712412384
LF10,Ries vs. Riez,Riez,Interrogative final focus,Overlong,LFP0380,121.66747855215,304.168696380374,74.1883435265521
LF10,Ries vs. Riez,Riez,Interrogative final focus,Overlong,LFP0380,152.084348190187,304.168696380374,74.4382812222394
LF10,Ries vs. Riez,Riez,Interrogative final focus,Overlong,LFP0380,182.501217828224,304.168696380374,74.4566105410107
LF10,Ries vs. Riez,Riez,Interrogative final focus,Overlong,LFP0380,212.918087466262,304.168696380374,73.8362782176622
LF10,Ries vs. Riez,Riez,Interrogative final focus,Overlong,LFP0380,243.334957104299,304.168696380374,68.1900772672304
LF10,Ries vs. Riez,Riez,Interrogative final focus,Overlong,LFP0380,273.751826742337,304.168696380374,70.0413276780903
LF01,Rieten vs. Rieden,Rieden,Interrogative final focus,Overlong,LFP0381,0,260.457120608734,67.8138580511893
LF01,Rieten vs. Rieden,Rieden,Interrogative final focus,Overlong,LFP0381,26.0457120608732,260.457120608734,68.5178648732136
LF01,Rieten vs. Rieden,Rieden,Interrogative final focus,Overlong,LFP0381,52.0914241217467,260.457120608734,69.8709527752179
LF01,Rieten vs. Rieden,Rieden,Interrogative final focus,Overlong,LFP0381,78.1371361826202,260.457120608734,68.1763638915478
LF01,Rieten vs. Rieden,Rieden,Interrogative final focus,Overlong,LFP0381,104.182848243493,260.457120608734,65.7230116401565
LF01,Rieten vs. Rieden,Rieden,Interrogative final focus,Overlong,LFP0381,130.228560304367,260.457120608734,65.1010203569651
LF01,Rieten vs. Rieden,Rieden,Interrogative final focus,Overlong,LFP0381,156.27427236524,260.457120608734,63.28502594355
LF01,Rieten vs. Rieden,Rieden,Interrogative final focus,Overlong,LFP0381,182.319984426114,260.457120608734,60.6347152887084
LF01,Rieten vs. Rieden,Rieden,Interrogative final focus,Overlong,LFP0381,208.365696486987,260.457120608734,59.5305691081052
LF01,Rieten vs. Rieden,Rieden,Interrogative final focus,Overlong,LFP0381,234.41140854786,260.457120608734,57.6752799222023
LF02,Rieten vs. Rieden,Rieden,Interrogative final focus,Overlong,LFP0382,0,185.531292517007,66.8827898684321
LF02,Rieten vs. Rieden,Rieden,Interrogative final focus,Overlong,LFP0382,18.5531292517007,185.531292517007,70.0693829827055
LF02,Rieten vs. Rieden,Rieden,Interrogative final focus,Overlong,LFP0382,37.1062585034014,185.531292517007,69.4534216363022
LF02,Rieten vs. Rieden,Rieden,Interrogative final focus,Overlong,LFP0382,55.6593877551019,185.531292517007,67.8616037326454
LF02,Rieten vs. Rieden,Rieden,Interrogative final focus,Overlong,LFP0382,74.2125170068026,185.531292517007,67.794167882676
LF02,Rieten vs. Rieden,Rieden,Interrogative final focus,Overlong,LFP0382,92.7656462585034,185.531292517007,67.6673302023697
LF02,Rieten vs. Rieden,Rieden,Interrogative final focus,Overlong,LFP0382,111.318775510204,185.531292517007,65.9511615945892
LF02,Rieten vs. Rieden,Rieden,Interrogative final focus,Overlong,LFP0382,129.871904761905,185.531292517007,65.6910880625997
LF02,Rieten vs. Rieden,Rieden,Interrogative final focus,Overlong,LFP0382,148.425034013605,185.531292517007,59.694810056849
LF02,Rieten vs. Rieden,Rieden,Interrogative final focus,Overlong,LFP0382,166.978163265306,185.531292517007,64.7724397905452
LF03,Rieten vs. Rieden,Rieden,Interrogative final focus,Overlong,LFP0383,0,250.137880761985,61.9669069015672
LF03,Rieten vs. Rieden,Rieden,Interrogative final focus,Overlong,LFP0383,25.0137880761985,250.137880761985,63.8910123656398
LF03,Rieten vs. Rieden,Rieden,Interrogative final focus,Overlong,LFP0383,50.0275761523969,250.137880761985,61.8472981345728
LF03,Rieten vs. Rieden,Rieden,Interrogative final focus,Overlong,LFP0383,75.0413642285954,250.137880761985,57.3647020783514
LF03,Rieten vs. Rieden,Rieden,Interrogative final focus,Overlong,LFP0383,100.055152304794,250.137880761985,61.7676013347509
LF03,Rieten vs. Rieden,Rieden,Interrogative final focus,Overlong,LFP0383,125.068940380992,250.137880761985,61.2949776651023
LF03,Rieten vs. Rieden,Rieden,Interrogative final focus,Overlong,LFP0383,150.082728457191,250.137880761985,57.476334347346
LF03,Rieten vs. Rieden,Rieden,Interrogative final focus,Overlong,LFP0383,175.096516533389,250.137880761985,57.3178661778028
LF03,Rieten vs. Rieden,Rieden,Interrogative final focus,Overlong,LFP0383,200.110304609588,250.137880761985,58.3590645553433
LF03,Rieten vs. Rieden,Rieden,Interrogative final focus,Overlong,LFP0383,225.124092685786,250.137880761985,56.2982173030543
LF04,Rieten vs. Rieden,Rieden,Interrogative final focus,Overlong,LFP0384,0,245.801713277904,65.1226855065847
LF04,Rieten vs. Rieden,Rieden,Interrogative final focus,Overlong,LFP0384,24.5801713277903,245.801713277904,62.4632311308928
LF04,Rieten vs. Rieden,Rieden,Interrogative final focus,Overlong,LFP0384,49.1603426555808,245.801713277904,67.8490278080032
LF04,Rieten vs. Rieden,Rieden,Interrogative final focus,Overlong,LFP0384,73.7405139833711,245.801713277904,63.4346851025533
LF04,Rieten vs. Rieden,Rieden,Interrogative final focus,Overlong,LFP0384,98.3206853111616,245.801713277904,65.7913567588708
LF04,Rieten vs. Rieden,Rieden,Interrogative final focus,Overlong,LFP0384,122.900856638952,245.801713277904,67.5429747261209
LF04,Rieten vs. Rieden,Rieden,Interrogative final focus,Overlong,LFP0384,147.481027966742,245.801713277904,66.7356014453665
LF04,Rieten vs. Rieden,Rieden,Interrogative final focus,Overlong,LFP0384,172.061199294533,245.801713277904,65.2419521382637
LF04,Rieten vs. Rieden,Rieden,Interrogative final focus,Overlong,LFP0384,196.641370622323,245.801713277904,61.5086323646386
LF04,Rieten vs. Rieden,Rieden,Interrogative final focus,Overlong,LFP0384,221.221541950113,245.801713277904,59.2739005406769
LF05,Rieten vs. Rieden,Rieden,Interrogative final focus,Overlong,LFP0385,0,158.894859823189,69.1488245616169
LF05,Rieten vs. Rieden,Rieden,Interrogative final focus,Overlong,LFP0385,15.8894859823189,158.894859823189,70.39747552027
LF05,Rieten vs. Rieden,Rieden,Interrogative final focus,Overlong,LFP0385,31.778971964638,158.894859823189,73.1701210908363
LF05,Rieten vs. Rieden,Rieden,Interrogative final focus,Overlong,LFP0385,47.6684579469568,158.894859823189,73.3745032214218
LF05,Rieten vs. Rieden,Rieden,Interrogative final focus,Overlong,LFP0385,63.5579439292757,158.894859823189,72.1900689290154
LF05,Rieten vs. Rieden,Rieden,Interrogative final focus,Overlong,LFP0385,79.4474299115946,158.894859823189,70.5075961879995
LF05,Rieten vs. Rieden,Rieden,Interrogative final focus,Overlong,LFP0385,95.3369158939137,158.894859823189,68.6725420060868
LF05,Rieten vs. Rieden,Rieden,Interrogative final focus,Overlong,LFP0385,111.226401876233,158.894859823189,67.7781976095646
LF05,Rieten vs. Rieden,Rieden,Interrogative final focus,Overlong,LFP0385,127.115887858551,158.894859823189,67.6255991166423
LF05,Rieten vs. Rieden,Rieden,Interrogative final focus,Overlong,LFP0385,143.005373840871,158.894859823189,66.1583785258247
LF06,Rieten vs. Rieden,Rieden,Interrogative final focus,Overlong,LFP0386,0,178.074976503759,73.9355243943055
LF06,Rieten vs. Rieden,Rieden,Interrogative final focus,Overlong,LFP0386,17.8074976503759,178.074976503759,73.5517762256814
LF06,Rieten vs. Rieden,Rieden,Interrogative final focus,Overlong,LFP0386,35.6149953007519,178.074976503759,72.583544883788
LF06,Rieten vs. Rieden,Rieden,Interrogative final focus,Overlong,LFP0386,53.4224929511278,178.074976503759,72.5427214122724
LF06,Rieten vs. Rieden,Rieden,Interrogative final focus,Overlong,LFP0386,71.2299906015037,178.074976503759,73.0023851965347
LF06,Rieten vs. Rieden,Rieden,Interrogative final focus,Overlong,LFP0386,89.0374882518796,178.074976503759,72.5365651919032
LF06,Rieten vs. Rieden,Rieden,Interrogative final focus,Overlong,LFP0386,106.844985902256,178.074976503759,72.1446633685549
LF06,Rieten vs. Rieden,Rieden,Interrogative final focus,Overlong,LFP0386,124.652483552632,178.074976503759,72.9368792807114
LF06,Rieten vs. Rieden,Rieden,Interrogative final focus,Overlong,LFP0386,142.459981203008,178.074976503759,73.6277927733342
LF06,Rieten vs. Rieden,Rieden,Interrogative final focus,Overlong,LFP0386,160.267478853384,178.074976503759,72.5449894214749
LF07,Rieten vs. Rieden,Rieden,Interrogative final focus,Overlong,LFP0387,0,283.279537337978,63.9048332403815
LF07,Rieten vs. Rieden,Rieden,Interrogative final focus,Overlong,LFP0387,28.3279537337977,283.279537337978,69.0455338390276
LF07,Rieten vs. Rieden,Rieden,Interrogative final focus,Overlong,LFP0387,56.6559074675954,283.279537337978,71.6152524413274
LF07,Rieten vs. Rieden,Rieden,Interrogative final focus,Overlong,LFP0387,84.9838612013933,283.279537337978,70.9302836000067
LF07,Rieten vs. Rieden,Rieden,Interrogative final focus,Overlong,LFP0387,113.311814935191,283.279537337978,68.3276058934611
LF07,Rieten vs. Rieden,Rieden,Interrogative final focus,Overlong,LFP0387,141.639768668989,283.279537337978,66.852594532669
LF07,Rieten vs. Rieden,Rieden,Interrogative final focus,Overlong,LFP0387,169.967722402786,283.279537337978,67.4987891283675
LF07,Rieten vs. Rieden,Rieden,Interrogative final focus,Overlong,LFP0387,198.295676136584,283.279537337978,67.2383245893168
LF07,Rieten vs. Rieden,Rieden,Interrogative final focus,Overlong,LFP0387,226.623629870382,283.279537337978,63.9710704872733
LF07,Rieten vs. Rieden,Rieden,Interrogative final focus,Overlong,LFP0387,254.95158360418,283.279537337978,67.1669791712333
LF08,Rieten vs. Rieden,Rieden,Interrogative final focus,Overlong,LFP0388,0,223.190003855793,68.7133147797694
LF08,Rieten vs. Rieden,Rieden,Interrogative final focus,Overlong,LFP0388,22.3190003855793,223.190003855793,72.909367634892
LF08,Rieten vs. Rieden,Rieden,Interrogative final focus,Overlong,LFP0388,44.6380007711586,223.190003855793,73.9145538168534
LF08,Rieten vs. Rieden,Rieden,Interrogative final focus,Overlong,LFP0388,66.957001156738,223.190003855793,73.3580478774176
LF08,Rieten vs. Rieden,Rieden,Interrogative final focus,Overlong,LFP0388,89.2760015423173,223.190003855793,72.4512896798609
LF08,Rieten vs. Rieden,Rieden,Interrogative final focus,Overlong,LFP0388,111.595001927897,223.190003855793,72.9165724392123
LF08,Rieten vs. Rieden,Rieden,Interrogative final focus,Overlong,LFP0388,133.914002313476,223.190003855793,72.5892185255589
LF08,Rieten vs. Rieden,Rieden,Interrogative final focus,Overlong,LFP0388,156.233002699055,223.190003855793,72.1916893637085
LF08,Rieten vs. Rieden,Rieden,Interrogative final focus,Overlong,LFP0388,178.552003084635,223.190003855793,73.3720315255891
LF08,Rieten vs. Rieden,Rieden,Interrogative final focus,Overlong,LFP0388,200.871003470214,223.190003855793,73.1379677296317
LF09,Rieten vs. Rieden,Rieden,Interrogative final focus,Overlong,LFP0389,0,149.841377998568,57.569842506009
LF09,Rieten vs. Rieden,Rieden,Interrogative final focus,Overlong,LFP0389,14.9841377998567,149.841377998568,59.4869587668804
LF09,Rieten vs. Rieden,Rieden,Interrogative final focus,Overlong,LFP0389,29.9682755997136,149.841377998568,62.0385281849023
LF09,Rieten vs. Rieden,Rieden,Interrogative final focus,Overlong,LFP0389,44.9524133995703,149.841377998568,61.8360703926469
LF09,Rieten vs. Rieden,Rieden,Interrogative final focus,Overlong,LFP0389,59.9365511994272,149.841377998568,61.0819560237727
LF09,Rieten vs. Rieden,Rieden,Interrogative final focus,Overlong,LFP0389,74.920688999284,149.841377998568,61.2887273291778
LF09,Rieten vs. Rieden,Rieden,Interrogative final focus,Overlong,LFP0389,89.9048267991407,149.841377998568,61.2033260650241
LF09,Rieten vs. Rieden,Rieden,Interrogative final focus,Overlong,LFP0389,104.888964598997,149.841377998568,58.5799980090697
LF09,Rieten vs. Rieden,Rieden,Interrogative final focus,Overlong,LFP0389,119.873102398854,149.841377998568,55.6978357285437
LF09,Rieten vs. Rieden,Rieden,Interrogative final focus,Overlong,LFP0389,134.857240198711,149.841377998568,54.8218362413569
LF10,Rieten vs. Rieden,Rieden,Interrogative final focus,Overlong,LFP0390,0,191.71161867581,71.7288945960676
LF10,Rieten vs. Rieden,Rieden,Interrogative final focus,Overlong,LFP0390,19.1711618675811,191.71161867581,74.0782886442336
LF10,Rieten vs. Rieden,Rieden,Interrogative final focus,Overlong,LFP0390,38.3423237351621,191.71161867581,71.1634875341613
LF10,Rieten vs. Rieden,Rieden,Interrogative final focus,Overlong,LFP0390,57.5134856027431,191.71161867581,69.4405883670516
LF10,Rieten vs. Rieden,Rieden,Interrogative final focus,Overlong,LFP0390,76.6846474703241,191.71161867581,71.446706727623
LF10,Rieten vs. Rieden,Rieden,Interrogative final focus,Overlong,LFP0390,95.8558093379052,191.71161867581,70.3338283230056
LF10,Rieten vs. Rieden,Rieden,Interrogative final focus,Overlong,LFP0390,115.026971205486,191.71161867581,66.9127404887628
LF10,Rieten vs. Rieden,Rieden,Interrogative final focus,Overlong,LFP0390,134.198133073067,191.71161867581,73.1845989784328
LF10,Rieten vs. Rieden,Rieden,Interrogative final focus,Overlong,LFP0390,153.369294940648,191.71161867581,75.6622497429389
LF10,Rieten vs. Rieden,Rieden,Interrogative final focus,Overlong,LFP0390,172.540456808229,191.71161867581,76.8904909372765
LF01,Siet vs. Sied,Sied,Interrogative final focus,Overlong,LFP0391,0,349.504840707906,64.0245177927156
LF01,Siet vs. Sied,Sied,Interrogative final focus,Overlong,LFP0391,34.9504840707906,349.504840707906,70.1953057687478
LF01,Siet vs. Sied,Sied,Interrogative final focus,Overlong,LFP0391,69.9009681415812,349.504840707906,70.5932680342973
LF01,Siet vs. Sied,Sied,Interrogative final focus,Overlong,LFP0391,104.851452212372,349.504840707906,65.5979179782695
LF01,Siet vs. Sied,Sied,Interrogative final focus,Overlong,LFP0391,139.801936283162,349.504840707906,63.4300963941852
LF01,Siet vs. Sied,Sied,Interrogative final focus,Overlong,LFP0391,174.752420353953,349.504840707906,68.4749991549028
LF01,Siet vs. Sied,Sied,Interrogative final focus,Overlong,LFP0391,209.702904424744,349.504840707906,66.6086701924927
LF01,Siet vs. Sied,Sied,Interrogative final focus,Overlong,LFP0391,244.653388495534,349.504840707906,65.0726160347364
LF01,Siet vs. Sied,Sied,Interrogative final focus,Overlong,LFP0391,279.603872566325,349.504840707906,62.0502922667185
LF01,Siet vs. Sied,Sied,Interrogative final focus,Overlong,LFP0391,314.554356637116,349.504840707906,66.2363265270824
LF02,Siet vs. Sied,Sied,Interrogative final focus,Overlong,LFP0392,0,319.740317827536,55.5437067666683
LF02,Siet vs. Sied,Sied,Interrogative final focus,Overlong,LFP0392,31.9740317827535,319.740317827536,65.378100522708
LF02,Siet vs. Sied,Sied,Interrogative final focus,Overlong,LFP0392,63.9480635655072,319.740317827536,69.3752641848217
LF02,Siet vs. Sied,Sied,Interrogative final focus,Overlong,LFP0392,95.9220953482607,319.740317827536,63.1738356537815
LF02,Siet vs. Sied,Sied,Interrogative final focus,Overlong,LFP0392,127.896127131014,319.740317827536,67.1602138993354
LF02,Siet vs. Sied,Sied,Interrogative final focus,Overlong,LFP0392,159.870158913768,319.740317827536,62.1020861065559
LF02,Siet vs. Sied,Sied,Interrogative final focus,Overlong,LFP0392,191.844190696521,319.740317827536,59.5541920223194
LF02,Siet vs. Sied,Sied,Interrogative final focus,Overlong,LFP0392,223.818222479275,319.740317827536,68.6128658626198
LF02,Siet vs. Sied,Sied,Interrogative final focus,Overlong,LFP0392,255.792254262029,319.740317827536,65.3056382103445
LF02,Siet vs. Sied,Sied,Interrogative final focus,Overlong,LFP0392,287.766286044782,319.740317827536,55.7928057901153
LF03,Siet vs. Sied,Sied,Interrogative final focus,Overlong,LFP0393,0,359.995217366197,55.729403959291
LF03,Siet vs. Sied,Sied,Interrogative final focus,Overlong,LFP0393,35.9995217366196,359.995217366197,62.7116243086667
LF03,Siet vs. Sied,Sied,Interrogative final focus,Overlong,LFP0393,71.9990434732394,359.995217366197,61.0573356555275
LF03,Siet vs. Sied,Sied,Interrogative final focus,Overlong,LFP0393,107.998565209859,359.995217366197,61.5075730379146
LF03,Siet vs. Sied,Sied,Interrogative final focus,Overlong,LFP0393,143.998086946479,359.995217366197,61.2309749205119
LF03,Siet vs. Sied,Sied,Interrogative final focus,Overlong,LFP0393,179.997608683098,359.995217366197,58.177824239262
LF03,Siet vs. Sied,Sied,Interrogative final focus,Overlong,LFP0393,215.997130419718,359.995217366197,58.6176167731725
LF03,Siet vs. Sied,Sied,Interrogative final focus,Overlong,LFP0393,251.996652156338,359.995217366197,62.4186015275451
LF03,Siet vs. Sied,Sied,Interrogative final focus,Overlong,LFP0393,287.996173892957,359.995217366197,54.2000624629001
LF03,Siet vs. Sied,Sied,Interrogative final focus,Overlong,LFP0393,323.995695629577,359.995217366197,51.8404133672556
LF04,Siet vs. Sied,Sied,Interrogative final focus,Overlong,LFP0394,0,366.409072325572,61.8512884608991
LF04,Siet vs. Sied,Sied,Interrogative final focus,Overlong,LFP0394,36.6409072325571,366.409072325572,65.8733565988904
LF04,Siet vs. Sied,Sied,Interrogative final focus,Overlong,LFP0394,73.2818144651144,366.409072325572,60.7342055067443
LF04,Siet vs. Sied,Sied,Interrogative final focus,Overlong,LFP0394,109.922721697671,366.409072325572,61.1492394894699
LF04,Siet vs. Sied,Sied,Interrogative final focus,Overlong,LFP0394,146.563628930229,366.409072325572,61.0560291951487
LF04,Siet vs. Sied,Sied,Interrogative final focus,Overlong,LFP0394,183.204536162786,366.409072325572,58.511952879672
LF04,Siet vs. Sied,Sied,Interrogative final focus,Overlong,LFP0394,219.845443395343,366.409072325572,63.2488366295407
LF04,Siet vs. Sied,Sied,Interrogative final focus,Overlong,LFP0394,256.4863506279,366.409072325572,69.2641607201614
LF04,Siet vs. Sied,Sied,Interrogative final focus,Overlong,LFP0394,293.127257860457,366.409072325572,59.330023588638
LF04,Siet vs. Sied,Sied,Interrogative final focus,Overlong,LFP0394,329.768165093014,366.409072325572,62.8714758147939
LF05,Siet vs. Sied,Sied,Interrogative final focus,Overlong,LFP0395,0,302.611284293515,61.3038458865343
LF05,Siet vs. Sied,Sied,Interrogative final focus,Overlong,LFP0395,30.2611284293515,302.611284293515,66.6676423400796
LF05,Siet vs. Sied,Sied,Interrogative final focus,Overlong,LFP0395,60.5222568587029,302.611284293515,69.80107876847
LF05,Siet vs. Sied,Sied,Interrogative final focus,Overlong,LFP0395,90.7833852880544,302.611284293515,71.2366841745391
LF05,Siet vs. Sied,Sied,Interrogative final focus,Overlong,LFP0395,121.044513717406,302.611284293515,70.8748914231986
LF05,Siet vs. Sied,Sied,Interrogative final focus,Overlong,LFP0395,151.305642146757,302.611284293515,69.3804473137875
LF05,Siet vs. Sied,Sied,Interrogative final focus,Overlong,LFP0395,181.566770576109,302.611284293515,66.6124080636902
LF05,Siet vs. Sied,Sied,Interrogative final focus,Overlong,LFP0395,211.82789900546,302.611284293515,65.7905426116863
LF05,Siet vs. Sied,Sied,Interrogative final focus,Overlong,LFP0395,242.089027434812,302.611284293515,67.4227970365338
LF05,Siet vs. Sied,Sied,Interrogative final focus,Overlong,LFP0395,272.350155864163,302.611284293515,69.5611401904748
LF06,Siet vs. Sied,Sied,Interrogative final focus,Overlong,LFP0396,0,347.158786733317,73.9227868979635
LF06,Siet vs. Sied,Sied,Interrogative final focus,Overlong,LFP0396,34.7158786733317,347.158786733317,75.9122161478849
LF06,Siet vs. Sied,Sied,Interrogative final focus,Overlong,LFP0396,69.4317573466634,347.158786733317,75.307282632183
LF06,Siet vs. Sied,Sied,Interrogative final focus,Overlong,LFP0396,104.147636019995,347.158786733317,74.6578854108384
LF06,Siet vs. Sied,Sied,Interrogative final focus,Overlong,LFP0396,138.863514693327,347.158786733317,73.434760678496
LF06,Siet vs. Sied,Sied,Interrogative final focus,Overlong,LFP0396,173.579393366658,347.158786733317,75.8694805367724
LF06,Siet vs. Sied,Sied,Interrogative final focus,Overlong,LFP0396,208.29527203999,347.158786733317,73.1677851579837
LF06,Siet vs. Sied,Sied,Interrogative final focus,Overlong,LFP0396,243.011150713322,347.158786733317,70.3160575541495
LF06,Siet vs. Sied,Sied,Interrogative final focus,Overlong,LFP0396,277.727029386653,347.158786733317,69.0980061417178
LF06,Siet vs. Sied,Sied,Interrogative final focus,Overlong,LFP0396,312.442908059985,347.158786733317,56.0851886968083
LF07,Siet vs. Sied,Sied,Interrogative final focus,Overlong,LFP0397,0,320.023804350266,64.4418935342066
LF07,Siet vs. Sied,Sied,Interrogative final focus,Overlong,LFP0397,32.0023804350266,320.023804350266,66.1800822039511
LF07,Siet vs. Sied,Sied,Interrogative final focus,Overlong,LFP0397,64.0047608700531,320.023804350266,66.2755704234901
LF07,Siet vs. Sied,Sied,Interrogative final focus,Overlong,LFP0397,96.0071413050797,320.023804350266,66.5079737272847
LF07,Siet vs. Sied,Sied,Interrogative final focus,Overlong,LFP0397,128.009521740106,320.023804350266,65.7401743684638
LF07,Siet vs. Sied,Sied,Interrogative final focus,Overlong,LFP0397,160.011902175133,320.023804350266,66.2059234877768
LF07,Siet vs. Sied,Sied,Interrogative final focus,Overlong,LFP0397,192.01428261016,320.023804350266,66.9574245623928
LF07,Siet vs. Sied,Sied,Interrogative final focus,Overlong,LFP0397,224.016663045186,320.023804350266,67.2316102073848
LF07,Siet vs. Sied,Sied,Interrogative final focus,Overlong,LFP0397,256.019043480213,320.023804350266,64.4726646949187
LF07,Siet vs. Sied,Sied,Interrogative final focus,Overlong,LFP0397,288.021423915239,320.023804350266,66.8790921515014
LF08,Siet vs. Sied,Sied,Interrogative final focus,Overlong,LFP0398,0,352.201403749759,71.3926861889979
LF08,Siet vs. Sied,Sied,Interrogative final focus,Overlong,LFP0398,35.2201403749759,352.201403749759,76.0811771287955
LF08,Siet vs. Sied,Sied,Interrogative final focus,Overlong,LFP0398,70.4402807499518,352.201403749759,74.9824420230574
LF08,Siet vs. Sied,Sied,Interrogative final focus,Overlong,LFP0398,105.660421124928,352.201403749759,75.2297928739488
LF08,Siet vs. Sied,Sied,Interrogative final focus,Overlong,LFP0398,140.880561499904,352.201403749759,73.2541137392327
LF08,Siet vs. Sied,Sied,Interrogative final focus,Overlong,LFP0398,176.100701874879,352.201403749759,75.430863744344
LF08,Siet vs. Sied,Sied,Interrogative final focus,Overlong,LFP0398,211.320842249855,352.201403749759,72.6111936796987
LF08,Siet vs. Sied,Sied,Interrogative final focus,Overlong,LFP0398,246.540982624831,352.201403749759,70.599800527255
LF08,Siet vs. Sied,Sied,Interrogative final focus,Overlong,LFP0398,281.761122999807,352.201403749759,70.0842717522415
LF08,Siet vs. Sied,Sied,Interrogative final focus,Overlong,LFP0398,316.981263374783,352.201403749759,57.8470717752985
LF09,Siet vs. Sied,Sied,Interrogative final focus,Overlong,LFP0399,0,179.187899694291,58.4016786700001
LF09,Siet vs. Sied,Sied,Interrogative final focus,Overlong,LFP0399,17.9187899694291,179.187899694291,60.1487112011178
LF09,Siet vs. Sied,Sied,Interrogative final focus,Overlong,LFP0399,35.8375799388581,179.187899694291,62.4864304792938
LF09,Siet vs. Sied,Sied,Interrogative final focus,Overlong,LFP0399,53.7563699082871,179.187899694291,61.9635850356733
LF09,Siet vs. Sied,Sied,Interrogative final focus,Overlong,LFP0399,71.6751598777162,179.187899694291,58.804346794883
LF09,Siet vs. Sied,Sied,Interrogative final focus,Overlong,LFP0399,89.5939498471453,179.187899694291,61.2553887648586
LF09,Siet vs. Sied,Sied,Interrogative final focus,Overlong,LFP0399,107.512739816574,179.187899694291,60.285464064631
LF09,Siet vs. Sied,Sied,Interrogative final focus,Overlong,LFP0399,125.431529786003,179.187899694291,60.9194633918953
LF09,Siet vs. Sied,Sied,Interrogative final focus,Overlong,LFP0399,143.350319755433,179.187899694291,61.0324449726383
LF09,Siet vs. Sied,Sied,Interrogative final focus,Overlong,LFP0399,161.269109724862,179.187899694291,58.9869750907103
LF10,Siet vs. Sied,Sied,Interrogative final focus,Overlong,LFP0400,0,341.122558628715,70.3298175035485
LF10,Siet vs. Sied,Sied,Interrogative final focus,Overlong,LFP0400,34.1122558628715,341.122558628715,74.5773001315382
LF10,Siet vs. Sied,Sied,Interrogative final focus,Overlong,LFP0400,68.224511725743,341.122558628715,71.9225158005553
LF10,Siet vs. Sied,Sied,Interrogative final focus,Overlong,LFP0400,102.336767588614,341.122558628715,72.9359525310222
LF10,Siet vs. Sied,Sied,Interrogative final focus,Overlong,LFP0400,136.449023451486,341.122558628715,72.7790219878438
LF10,Siet vs. Sied,Sied,Interrogative final focus,Overlong,LFP0400,170.561279314357,341.122558628715,74.1074345887314
LF10,Siet vs. Sied,Sied,Interrogative final focus,Overlong,LFP0400,204.673535177229,341.122558628715,70.2818768787049
LF10,Siet vs. Sied,Sied,Interrogative final focus,Overlong,LFP0400,238.7857910401,341.122558628715,63.0542916000117
LF10,Siet vs. Sied,Sied,Interrogative final focus,Overlong,LFP0400,272.898046902972,341.122558628715,69.6989226023558
LF10,Siet vs. Sied,Sied,Interrogative final focus,Overlong,LFP0400,307.010302765843,341.122558628715,61.9608724728918
LF01,Swien vs. Swiien,Swiien,Interrogative final focus,Overlong,LFP0401,0,310.430926863611,63.9016780486531
LF01,Swien vs. Swiien,Swiien,Interrogative final focus,Overlong,LFP0401,31.0430926863611,310.430926863611,71.5600502850729
LF01,Swien vs. Swiien,Swiien,Interrogative final focus,Overlong,LFP0401,62.086185372722,310.430926863611,68.6481024746442
LF01,Swien vs. Swiien,Swiien,Interrogative final focus,Overlong,LFP0401,93.1292780590832,310.430926863611,66.5647559180883
LF01,Swien vs. Swiien,Swiien,Interrogative final focus,Overlong,LFP0401,124.172370745444,310.430926863611,73.4722595442929
LF01,Swien vs. Swiien,Swiien,Interrogative final focus,Overlong,LFP0401,155.215463431805,310.430926863611,70.9413954678561
LF01,Swien vs. Swiien,Swiien,Interrogative final focus,Overlong,LFP0401,186.258556118166,310.430926863611,72.5594800818515
LF01,Swien vs. Swiien,Swiien,Interrogative final focus,Overlong,LFP0401,217.301648804528,310.430926863611,73.2045782790323
LF01,Swien vs. Swiien,Swiien,Interrogative final focus,Overlong,LFP0401,248.344741490888,310.430926863611,69.5341541301406
LF01,Swien vs. Swiien,Swiien,Interrogative final focus,Overlong,LFP0401,279.387834177249,310.430926863611,68.06793581266
LF02,Swien vs. Swiien,Swiien,Interrogative final focus,Overlong,LFP0402,0,162.972273575422,68.8933918419871
LF02,Swien vs. Swiien,Swiien,Interrogative final focus,Overlong,LFP0402,16.2972273575422,162.972273575422,69.8495679160134
LF02,Swien vs. Swiien,Swiien,Interrogative final focus,Overlong,LFP0402,32.5944547150844,162.972273575422,69.8115095449168
LF02,Swien vs. Swiien,Swiien,Interrogative final focus,Overlong,LFP0402,48.8916820726266,162.972273575422,69.3482054612755
LF02,Swien vs. Swiien,Swiien,Interrogative final focus,Overlong,LFP0402,65.1889094301689,162.972273575422,68.5235728734084
LF02,Swien vs. Swiien,Swiien,Interrogative final focus,Overlong,LFP0402,81.4861367877111,162.972273575422,68.3084340413793
LF02,Swien vs. Swiien,Swiien,Interrogative final focus,Overlong,LFP0402,97.7833641452532,162.972273575422,68.0027965957779
LF02,Swien vs. Swiien,Swiien,Interrogative final focus,Overlong,LFP0402,114.080591502795,162.972273575422,65.3899596270678
LF02,Swien vs. Swiien,Swiien,Interrogative final focus,Overlong,LFP0402,130.377818860338,162.972273575422,67.1956737833102
LF02,Swien vs. Swiien,Swiien,Interrogative final focus,Overlong,LFP0402,146.67504621788,162.972273575422,64.3738654120135
LF03,Swien vs. Swiien,Swiien,Interrogative final focus,Overlong,LFP0403,0,199.728215848833,60.8800852198572
LF03,Swien vs. Swiien,Swiien,Interrogative final focus,Overlong,LFP0403,19.9728215848833,199.728215848833,59.0645702171125
LF03,Swien vs. Swiien,Swiien,Interrogative final focus,Overlong,LFP0403,39.9456431697667,199.728215848833,58.9284525811988
LF03,Swien vs. Swiien,Swiien,Interrogative final focus,Overlong,LFP0403,59.91846475465,199.728215848833,60.5935488393439
LF03,Swien vs. Swiien,Swiien,Interrogative final focus,Overlong,LFP0403,79.8912863395334,199.728215848833,56.7124972032677
LF03,Swien vs. Swiien,Swiien,Interrogative final focus,Overlong,LFP0403,99.8641079244167,199.728215848833,58.270126181573
LF03,Swien vs. Swiien,Swiien,Interrogative final focus,Overlong,LFP0403,119.8369295093,199.728215848833,63.4723048495929
LF03,Swien vs. Swiien,Swiien,Interrogative final focus,Overlong,LFP0403,139.809751094183,199.728215848833,63.9123064970661
LF03,Swien vs. Swiien,Swiien,Interrogative final focus,Overlong,LFP0403,159.782572679066,199.728215848833,66.7790916437891
LF03,Swien vs. Swiien,Swiien,Interrogative final focus,Overlong,LFP0403,179.75539426395,199.728215848833,66.8847878637623
LF04,Swien vs. Swiien,Swiien,Interrogative final focus,Overlong,LFP0404,0,300.205472266566,68.2861403874948
LF04,Swien vs. Swiien,Swiien,Interrogative final focus,Overlong,LFP0404,30.0205472266566,300.205472266566,72.7118085159883
LF04,Swien vs. Swiien,Swiien,Interrogative final focus,Overlong,LFP0404,60.0410944533132,300.205472266566,69.2823548120151
LF04,Swien vs. Swiien,Swiien,Interrogative final focus,Overlong,LFP0404,90.0616416799698,300.205472266566,70.3410832585654
LF04,Swien vs. Swiien,Swiien,Interrogative final focus,Overlong,LFP0404,120.082188906626,300.205472266566,63.8210542647757
LF04,Swien vs. Swiien,Swiien,Interrogative final focus,Overlong,LFP0404,150.102736133283,300.205472266566,69.4177663821384
LF04,Swien vs. Swiien,Swiien,Interrogative final focus,Overlong,LFP0404,180.123283359939,300.205472266566,69.0243065452949
LF04,Swien vs. Swiien,Swiien,Interrogative final focus,Overlong,LFP0404,210.143830586596,300.205472266566,71.1518041209629
LF04,Swien vs. Swiien,Swiien,Interrogative final focus,Overlong,LFP0404,240.164377813253,300.205472266566,69.5933587232769
LF04,Swien vs. Swiien,Swiien,Interrogative final focus,Overlong,LFP0404,270.184925039909,300.205472266566,67.8590467896233
LF05,Swien vs. Swiien,Swiien,Interrogative final focus,Overlong,LFP0405,0,258.057179875988,66.0627557558866
LF05,Swien vs. Swiien,Swiien,Interrogative final focus,Overlong,LFP0405,25.8057179875988,258.057179875988,70.2907198533209
LF05,Swien vs. Swiien,Swiien,Interrogative final focus,Overlong,LFP0405,51.6114359751976,258.057179875988,72.2102244047934
LF05,Swien vs. Swiien,Swiien,Interrogative final focus,Overlong,LFP0405,77.4171539627964,258.057179875988,73.0203979163613
LF05,Swien vs. Swiien,Swiien,Interrogative final focus,Overlong,LFP0405,103.222871950395,258.057179875988,71.0859615375129
LF05,Swien vs. Swiien,Swiien,Interrogative final focus,Overlong,LFP0405,129.028589937994,258.057179875988,70.6400537664227
LF05,Swien vs. Swiien,Swiien,Interrogative final focus,Overlong,LFP0405,154.834307925592,258.057179875988,71.4665572050304
LF05,Swien vs. Swiien,Swiien,Interrogative final focus,Overlong,LFP0405,180.640025913191,258.057179875988,71.3016608829082
LF05,Swien vs. Swiien,Swiien,Interrogative final focus,Overlong,LFP0405,206.44574390079,258.057179875988,71.9281030958981
LF05,Swien vs. Swiien,Swiien,Interrogative final focus,Overlong,LFP0405,232.251461888389,258.057179875988,73.1265950655903
LF06,Swien vs. Swiien,Swiien,Interrogative final focus,Overlong,LFP0406,0,262.711622807017,73.8862751861955
LF06,Swien vs. Swiien,Swiien,Interrogative final focus,Overlong,LFP0406,26.2711622807017,262.711622807017,74.1918125929093
LF06,Swien vs. Swiien,Swiien,Interrogative final focus,Overlong,LFP0406,52.5423245614034,262.711622807017,73.5637106296598
LF06,Swien vs. Swiien,Swiien,Interrogative final focus,Overlong,LFP0406,78.8134868421053,262.711622807017,73.6782971494732
LF06,Swien vs. Swiien,Swiien,Interrogative final focus,Overlong,LFP0406,105.084649122807,262.711622807017,72.3841066191541
LF06,Swien vs. Swiien,Swiien,Interrogative final focus,Overlong,LFP0406,131.355811403509,262.711622807017,71.1397766901803
LF06,Swien vs. Swiien,Swiien,Interrogative final focus,Overlong,LFP0406,157.62697368421,262.711622807017,73.1667840330956
LF06,Swien vs. Swiien,Swiien,Interrogative final focus,Overlong,LFP0406,183.898135964912,262.711622807017,74.5685458596373
LF06,Swien vs. Swiien,Swiien,Interrogative final focus,Overlong,LFP0406,210.169298245614,262.711622807017,74.6421150286416
LF06,Swien vs. Swiien,Swiien,Interrogative final focus,Overlong,LFP0406,236.440460526316,262.711622807017,76.2485114495442
LF07,Swien vs. Swiien,Swiien,Interrogative final focus,Overlong,LFP0407,0,305.327100011859,67.0879066979661
LF07,Swien vs. Swiien,Swiien,Interrogative final focus,Overlong,LFP0407,30.5327100011858,305.327100011859,69.0865158621349
LF07,Swien vs. Swiien,Swiien,Interrogative final focus,Overlong,LFP0407,61.0654200023717,305.327100011859,69.6604153838918
LF07,Swien vs. Swiien,Swiien,Interrogative final focus,Overlong,LFP0407,91.5981300035575,305.327100011859,70.8716537741584
LF07,Swien vs. Swiien,Swiien,Interrogative final focus,Overlong,LFP0407,122.130840004743,305.327100011859,71.1154847572945
LF07,Swien vs. Swiien,Swiien,Interrogative final focus,Overlong,LFP0407,152.663550005929,305.327100011859,70.9179433384069
LF07,Swien vs. Swiien,Swiien,Interrogative final focus,Overlong,LFP0407,183.196260007115,305.327100011859,67.5504759912247
LF07,Swien vs. Swiien,Swiien,Interrogative final focus,Overlong,LFP0407,213.728970008301,305.327100011859,69.6542328282393
LF07,Swien vs. Swiien,Swiien,Interrogative final focus,Overlong,LFP0407,244.261680009487,305.327100011859,69.0742312280876
LF07,Swien vs. Swiien,Swiien,Interrogative final focus,Overlong,LFP0407,274.794390010673,305.327100011859,67.4745949656745
LF08,Swien vs. Swiien,Swiien,Interrogative final focus,Overlong,LFP0408,0,295.868118785976,74.6644100431183
LF08,Swien vs. Swiien,Swiien,Interrogative final focus,Overlong,LFP0408,29.5868118785976,295.868118785976,73.4948282794813
LF08,Swien vs. Swiien,Swiien,Interrogative final focus,Overlong,LFP0408,59.1736237571951,295.868118785976,73.6860304568657
LF08,Swien vs. Swiien,Swiien,Interrogative final focus,Overlong,LFP0408,88.7604356357927,295.868118785976,72.3331329861788
LF08,Swien vs. Swiien,Swiien,Interrogative final focus,Overlong,LFP0408,118.34724751439,295.868118785976,71.0217998856551
LF08,Swien vs. Swiien,Swiien,Interrogative final focus,Overlong,LFP0408,147.934059392988,295.868118785976,74.1796637029562
LF08,Swien vs. Swiien,Swiien,Interrogative final focus,Overlong,LFP0408,177.520871271586,295.868118785976,74.0860164269507
LF08,Swien vs. Swiien,Swiien,Interrogative final focus,Overlong,LFP0408,207.107683150183,295.868118785976,76.5565387529671
LF08,Swien vs. Swiien,Swiien,Interrogative final focus,Overlong,LFP0408,236.694495028781,295.868118785976,73.1507295205795
LF08,Swien vs. Swiien,Swiien,Interrogative final focus,Overlong,LFP0408,266.281306907378,295.868118785976,71.7794586120174
LF09,Swien vs. Swiien,Swiien,Interrogative final focus,Overlong,LFP0409,0,240.209328609986,61.0530443075426
LF09,Swien vs. Swiien,Swiien,Interrogative final focus,Overlong,LFP0409,24.0209328609986,240.209328609986,60.7244346940918
LF09,Swien vs. Swiien,Swiien,Interrogative final focus,Overlong,LFP0409,48.0418657219972,240.209328609986,61.9284101088677
LF09,Swien vs. Swiien,Swiien,Interrogative final focus,Overlong,LFP0409,72.062798582996,240.209328609986,60.5102471603402
LF09,Swien vs. Swiien,Swiien,Interrogative final focus,Overlong,LFP0409,96.0837314439946,240.209328609986,61.281628936559
LF09,Swien vs. Swiien,Swiien,Interrogative final focus,Overlong,LFP0409,120.104664304993,240.209328609986,62.0135444081873
LF09,Swien vs. Swiien,Swiien,Interrogative final focus,Overlong,LFP0409,144.125597165992,240.209328609986,62.7045582697427
LF09,Swien vs. Swiien,Swiien,Interrogative final focus,Overlong,LFP0409,168.14653002699,240.209328609986,63.6477580222894
LF09,Swien vs. Swiien,Swiien,Interrogative final focus,Overlong,LFP0409,192.167462887989,240.209328609986,63.4537650319037
LF09,Swien vs. Swiien,Swiien,Interrogative final focus,Overlong,LFP0409,216.188395748988,240.209328609986,63.7947078587598
LF10,Swien vs. Swiien,Swiien,Interrogative final focus,Overlong,LFP0410,0,299.969503428902,72.4711132001404
LF10,Swien vs. Swiien,Swiien,Interrogative final focus,Overlong,LFP0410,29.9969503428903,299.969503428902,72.9321846701438
LF10,Swien vs. Swiien,Swiien,Interrogative final focus,Overlong,LFP0410,59.9939006857804,299.969503428902,73.873131179224
LF10,Swien vs. Swiien,Swiien,Interrogative final focus,Overlong,LFP0410,89.9908510286707,299.969503428902,74.0620834079641
LF10,Swien vs. Swiien,Swiien,Interrogative final focus,Overlong,LFP0410,119.987801371561,299.969503428902,71.5152210649625
LF10,Swien vs. Swiien,Swiien,Interrogative final focus,Overlong,LFP0410,149.984751714451,299.969503428902,73.3567814701489
LF10,Swien vs. Swiien,Swiien,Interrogative final focus,Overlong,LFP0410,179.981702057341,299.969503428902,73.0579164823391
LF10,Swien vs. Swiien,Swiien,Interrogative final focus,Overlong,LFP0410,209.978652400231,299.969503428902,75.5678699608615
LF10,Swien vs. Swiien,Swiien,Interrogative final focus,Overlong,LFP0410,239.975602743122,299.969503428902,76.5926640347626
LF10,Swien vs. Swiien,Swiien,Interrogative final focus,Overlong,LFP0410,269.972553086012,299.969503428902,77.0877281956111
LF01,Weken vs. Wegen,Wegen,Interrogative final focus,Overlong,LFP0411,0,242.81671668896,64.8360106609118
LF01,Weken vs. Wegen,Wegen,Interrogative final focus,Overlong,LFP0411,24.2816716688961,242.81671668896,71.2764767213903
LF01,Weken vs. Wegen,Wegen,Interrogative final focus,Overlong,LFP0411,48.563343337792,242.81671668896,70.6543876159283
LF01,Weken vs. Wegen,Wegen,Interrogative final focus,Overlong,LFP0411,72.8450150066881,242.81671668896,70.1867427277122
LF01,Weken vs. Wegen,Wegen,Interrogative final focus,Overlong,LFP0411,97.126686675584,242.81671668896,73.1317588951206
LF01,Weken vs. Wegen,Wegen,Interrogative final focus,Overlong,LFP0411,121.40835834448,242.81671668896,74.2317565636612
LF01,Weken vs. Wegen,Wegen,Interrogative final focus,Overlong,LFP0411,145.690030013376,242.81671668896,70.2396947612679
LF01,Weken vs. Wegen,Wegen,Interrogative final focus,Overlong,LFP0411,169.971701682272,242.81671668896,70.3815507805258
LF01,Weken vs. Wegen,Wegen,Interrogative final focus,Overlong,LFP0411,194.253373351168,242.81671668896,69.1735868247651
LF01,Weken vs. Wegen,Wegen,Interrogative final focus,Overlong,LFP0411,218.535045020064,242.81671668896,69.2762258236697
LF02,Weken vs. Wegen,Wegen,Interrogative final focus,Overlong,LFP0412,0,181.796445698725,62.2730045851755
LF02,Weken vs. Wegen,Wegen,Interrogative final focus,Overlong,LFP0412,18.1796445698725,181.796445698725,61.3398261058051
LF02,Weken vs. Wegen,Wegen,Interrogative final focus,Overlong,LFP0412,36.3592891397451,181.796445698725,65.2135784807865
LF02,Weken vs. Wegen,Wegen,Interrogative final focus,Overlong,LFP0412,54.5389337096174,181.796445698725,67.6064135248672
LF02,Weken vs. Wegen,Wegen,Interrogative final focus,Overlong,LFP0412,72.7185782794899,181.796445698725,68.0936023673704
LF02,Weken vs. Wegen,Wegen,Interrogative final focus,Overlong,LFP0412,90.8982228493624,181.796445698725,68.1849740566461
LF02,Weken vs. Wegen,Wegen,Interrogative final focus,Overlong,LFP0412,109.077867419235,181.796445698725,69.3066919062471
LF02,Weken vs. Wegen,Wegen,Interrogative final focus,Overlong,LFP0412,127.257511989108,181.796445698725,68.4839089577979
LF02,Weken vs. Wegen,Wegen,Interrogative final focus,Overlong,LFP0412,145.43715655898,181.796445698725,63.7611518966575
LF02,Weken vs. Wegen,Wegen,Interrogative final focus,Overlong,LFP0412,163.616801128852,181.796445698725,61.4907527869201
LF03,Weken vs. Wegen,Wegen,Interrogative final focus,Overlong,LFP0413,0,256.282830672763,57.0891637726448
LF03,Weken vs. Wegen,Wegen,Interrogative final focus,Overlong,LFP0413,25.6282830672763,256.282830672763,66.1505177336506
LF03,Weken vs. Wegen,Wegen,Interrogative final focus,Overlong,LFP0413,51.2565661345525,256.282830672763,69.3713667434265
LF03,Weken vs. Wegen,Wegen,Interrogative final focus,Overlong,LFP0413,76.8848492018288,256.282830672763,70.6687654003047
LF03,Weken vs. Wegen,Wegen,Interrogative final focus,Overlong,LFP0413,102.513132269105,256.282830672763,70.8363644663964
LF03,Weken vs. Wegen,Wegen,Interrogative final focus,Overlong,LFP0413,128.141415336381,256.282830672763,71.3028216553966
LF03,Weken vs. Wegen,Wegen,Interrogative final focus,Overlong,LFP0413,153.769698403658,256.282830672763,70.221526805798
LF03,Weken vs. Wegen,Wegen,Interrogative final focus,Overlong,LFP0413,179.397981470934,256.282830672763,72.6379965690474
LF03,Weken vs. Wegen,Wegen,Interrogative final focus,Overlong,LFP0413,205.02626453821,256.282830672763,67.0835759632343
LF03,Weken vs. Wegen,Wegen,Interrogative final focus,Overlong,LFP0413,230.654547605487,256.282830672763,62.7873146599397
LF04,Weken vs. Wegen,Wegen,Interrogative final focus,Overlong,LFP0414,0,243.204981990419,67.8350253384614
LF04,Weken vs. Wegen,Wegen,Interrogative final focus,Overlong,LFP0414,24.3204981990419,243.204981990419,71.4285156112537
LF04,Weken vs. Wegen,Wegen,Interrogative final focus,Overlong,LFP0414,48.6409963980838,243.204981990419,69.9278398604338
LF04,Weken vs. Wegen,Wegen,Interrogative final focus,Overlong,LFP0414,72.9614945971257,243.204981990419,68.2803809560108
LF04,Weken vs. Wegen,Wegen,Interrogative final focus,Overlong,LFP0414,97.2819927961677,243.204981990419,71.3704131279512
LF04,Weken vs. Wegen,Wegen,Interrogative final focus,Overlong,LFP0414,121.60249099521,243.204981990419,74.3205888683674
LF04,Weken vs. Wegen,Wegen,Interrogative final focus,Overlong,LFP0414,145.922989194251,243.204981990419,72.3878588855372
LF04,Weken vs. Wegen,Wegen,Interrogative final focus,Overlong,LFP0414,170.243487393293,243.204981990419,69.850927068412
LF04,Weken vs. Wegen,Wegen,Interrogative final focus,Overlong,LFP0414,194.563985592335,243.204981990419,69.9608347711507
LF04,Weken vs. Wegen,Wegen,Interrogative final focus,Overlong,LFP0414,218.884483791377,243.204981990419,63.56183577533
LF05,Weken vs. Wegen,Wegen,Interrogative final focus,Overlong,LFP0415,0,224.564702970215,70.8199565013864
LF05,Weken vs. Wegen,Wegen,Interrogative final focus,Overlong,LFP0415,22.4564702970216,224.564702970215,74.1097181233817
LF05,Weken vs. Wegen,Wegen,Interrogative final focus,Overlong,LFP0415,44.9129405940429,224.564702970215,74.2564054551121
LF05,Weken vs. Wegen,Wegen,Interrogative final focus,Overlong,LFP0415,67.3694108910645,224.564702970215,73.8737429974841
LF05,Weken vs. Wegen,Wegen,Interrogative final focus,Overlong,LFP0415,89.8258811880861,224.564702970215,75.5706266691074
LF05,Weken vs. Wegen,Wegen,Interrogative final focus,Overlong,LFP0415,112.282351485107,224.564702970215,74.7203366227158
LF05,Weken vs. Wegen,Wegen,Interrogative final focus,Overlong,LFP0415,134.738821782129,224.564702970215,71.6680821927115
LF05,Weken vs. Wegen,Wegen,Interrogative final focus,Overlong,LFP0415,157.195292079151,224.564702970215,71.2692115174704
LF05,Weken vs. Wegen,Wegen,Interrogative final focus,Overlong,LFP0415,179.651762376172,224.564702970215,71.1612665320488
LF05,Weken vs. Wegen,Wegen,Interrogative final focus,Overlong,LFP0415,202.108232673194,224.564702970215,70.5134515900184
LF06,Weken vs. Wegen,Wegen,Interrogative final focus,Overlong,LFP0416,0,271.252024291498,74.6742761399783
LF06,Weken vs. Wegen,Wegen,Interrogative final focus,Overlong,LFP0416,27.1252024291498,271.252024291498,78.4273337373916
LF06,Weken vs. Wegen,Wegen,Interrogative final focus,Overlong,LFP0416,54.2504048582996,271.252024291498,79.089221545827
LF06,Weken vs. Wegen,Wegen,Interrogative final focus,Overlong,LFP0416,81.3756072874493,271.252024291498,79.1732578702599
LF06,Weken vs. Wegen,Wegen,Interrogative final focus,Overlong,LFP0416,108.500809716599,271.252024291498,77.9133846234573
LF06,Weken vs. Wegen,Wegen,Interrogative final focus,Overlong,LFP0416,135.626012145749,271.252024291498,77.1550568809741
LF06,Weken vs. Wegen,Wegen,Interrogative final focus,Overlong,LFP0416,162.751214574899,271.252024291498,78.1054678957471
LF06,Weken vs. Wegen,Wegen,Interrogative final focus,Overlong,LFP0416,189.876417004048,271.252024291498,74.560360848486
LF06,Weken vs. Wegen,Wegen,Interrogative final focus,Overlong,LFP0416,217.001619433198,271.252024291498,75.8322381227012
LF06,Weken vs. Wegen,Wegen,Interrogative final focus,Overlong,LFP0416,244.126821862348,271.252024291498,74.459537200975
LF07,Weken vs. Wegen,Wegen,Interrogative final focus,Overlong,LFP0417,0,283.948932425268,70.7543764071138
LF07,Weken vs. Wegen,Wegen,Interrogative final focus,Overlong,LFP0417,28.3948932425269,283.948932425268,77.7755381491486
LF07,Weken vs. Wegen,Wegen,Interrogative final focus,Overlong,LFP0417,56.7897864850535,283.948932425268,80.4107753764657
LF07,Weken vs. Wegen,Wegen,Interrogative final focus,Overlong,LFP0417,85.1846797275804,283.948932425268,77.6684534132048
LF07,Weken vs. Wegen,Wegen,Interrogative final focus,Overlong,LFP0417,113.579572970107,283.948932425268,75.4429810801798
LF07,Weken vs. Wegen,Wegen,Interrogative final focus,Overlong,LFP0417,141.974466212634,283.948932425268,77.2841645529776
LF07,Weken vs. Wegen,Wegen,Interrogative final focus,Overlong,LFP0417,170.369359455161,283.948932425268,75.4117513710806
LF07,Weken vs. Wegen,Wegen,Interrogative final focus,Overlong,LFP0417,198.764252697688,283.948932425268,73.2181165088488
LF07,Weken vs. Wegen,Wegen,Interrogative final focus,Overlong,LFP0417,227.159145940214,283.948932425268,71.3442925600328
LF07,Weken vs. Wegen,Wegen,Interrogative final focus,Overlong,LFP0417,255.554039182741,283.948932425268,71.803305066306
LF08,Weken vs. Wegen,Wegen,Interrogative final focus,Overlong,LFP0418,0,270.562839017186,74.8938084658405
LF08,Weken vs. Wegen,Wegen,Interrogative final focus,Overlong,LFP0418,27.0562839017185,270.562839017186,78.47268884334
LF08,Weken vs. Wegen,Wegen,Interrogative final focus,Overlong,LFP0418,54.1125678034372,270.562839017186,79.1095213035742
LF08,Weken vs. Wegen,Wegen,Interrogative final focus,Overlong,LFP0418,81.1688517051558,270.562839017186,79.1449801598116
LF08,Weken vs. Wegen,Wegen,Interrogative final focus,Overlong,LFP0418,108.225135606874,270.562839017186,77.8939752408936
LF08,Weken vs. Wegen,Wegen,Interrogative final focus,Overlong,LFP0418,135.281419508593,270.562839017186,77.1736916780518
LF08,Weken vs. Wegen,Wegen,Interrogative final focus,Overlong,LFP0418,162.337703410312,270.562839017186,78.0870175156472
LF08,Weken vs. Wegen,Wegen,Interrogative final focus,Overlong,LFP0418,189.39398731203,270.562839017186,74.5184808467872
LF08,Weken vs. Wegen,Wegen,Interrogative final focus,Overlong,LFP0418,216.450271213749,270.562839017186,75.8134215407166
LF08,Weken vs. Wegen,Wegen,Interrogative final focus,Overlong,LFP0418,243.506555115467,270.562839017186,74.4256678972453
LF09,Weken vs. Wegen,Wegen,Interrogative final focus,Overlong,LFP0419,0,234.567231092842,62.0000363334564
LF09,Weken vs. Wegen,Wegen,Interrogative final focus,Overlong,LFP0419,23.4567231092841,234.567231092842,63.4517147699003
LF09,Weken vs. Wegen,Wegen,Interrogative final focus,Overlong,LFP0419,46.9134462185683,234.567231092842,65.7710820067805
LF09,Weken vs. Wegen,Wegen,Interrogative final focus,Overlong,LFP0419,70.3701693278527,234.567231092842,66.933215961593
LF09,Weken vs. Wegen,Wegen,Interrogative final focus,Overlong,LFP0419,93.8268924371368,234.567231092842,69.185034506597
LF09,Weken vs. Wegen,Wegen,Interrogative final focus,Overlong,LFP0419,117.283615546421,234.567231092842,69.6690560980116
LF09,Weken vs. Wegen,Wegen,Interrogative final focus,Overlong,LFP0419,140.740338655705,234.567231092842,65.8321614130576
LF09,Weken vs. Wegen,Wegen,Interrogative final focus,Overlong,LFP0419,164.197061764989,234.567231092842,64.9110224673358
LF09,Weken vs. Wegen,Wegen,Interrogative final focus,Overlong,LFP0419,187.653784874274,234.567231092842,63.8723210186713
LF09,Weken vs. Wegen,Wegen,Interrogative final focus,Overlong,LFP0419,211.110507983558,234.567231092842,61.2263732999994
LF10,Weken vs. Wegen,Wegen,Interrogative final focus,Overlong,LFP0420,0,213.306407502272,80.7028771269826
LF10,Weken vs. Wegen,Wegen,Interrogative final focus,Overlong,LFP0420,21.3306407502272,213.306407502272,80.7955056394424
LF10,Weken vs. Wegen,Wegen,Interrogative final focus,Overlong,LFP0420,42.6612815004543,213.306407502272,79.4582558392384
LF10,Weken vs. Wegen,Wegen,Interrogative final focus,Overlong,LFP0420,63.9919222506817,213.306407502272,78.3569478963801
LF10,Weken vs. Wegen,Wegen,Interrogative final focus,Overlong,LFP0420,85.3225630009089,213.306407502272,79.9780715751854
LF10,Weken vs. Wegen,Wegen,Interrogative final focus,Overlong,LFP0420,106.653203751136,213.306407502272,80.2376727738036
LF10,Weken vs. Wegen,Wegen,Interrogative final focus,Overlong,LFP0420,127.983844501363,213.306407502272,79.7870858209658
LF10,Weken vs. Wegen,Wegen,Interrogative final focus,Overlong,LFP0420,149.31448525159,213.306407502272,75.9341556652128
LF10,Weken vs. Wegen,Wegen,Interrogative final focus,Overlong,LFP0420,170.645126001818,213.306407502272,72.6071135416874
LF10,Weken vs. Wegen,Wegen,Interrogative final focus,Overlong,LFP0420,191.975766752045,213.306407502272,67.6912965979843
LF01,Laten vs. Laden,Laden,Interrogative non-final focus,Overlong,LFP0421,0,240.317491814986,66.4834675588519
LF01,Laten vs. Laden,Laden,Interrogative non-final focus,Overlong,LFP0421,24.0317491814985,240.317491814986,69.1983086679395
LF01,Laten vs. Laden,Laden,Interrogative non-final focus,Overlong,LFP0421,48.0634983629972,240.317491814986,69.3538213473702
LF01,Laten vs. Laden,Laden,Interrogative non-final focus,Overlong,LFP0421,72.0952475444957,240.317491814986,69.7962883584011
LF01,Laten vs. Laden,Laden,Interrogative non-final focus,Overlong,LFP0421,96.1269967259942,240.317491814986,70.0137429061627
LF01,Laten vs. Laden,Laden,Interrogative non-final focus,Overlong,LFP0421,120.158745907493,240.317491814986,71.3657260761326
LF01,Laten vs. Laden,Laden,Interrogative non-final focus,Overlong,LFP0421,144.190495088991,240.317491814986,71.083220643701
LF01,Laten vs. Laden,Laden,Interrogative non-final focus,Overlong,LFP0421,168.22224427049,240.317491814986,72.1959636492673
LF01,Laten vs. Laden,Laden,Interrogative non-final focus,Overlong,LFP0421,192.253993451989,240.317491814986,71.2557720832419
LF01,Laten vs. Laden,Laden,Interrogative non-final focus,Overlong,LFP0421,216.285742633487,240.317491814986,70.8337110558756
LF02,Laten vs. Laden,Laden,Interrogative non-final focus,Overlong,LFP0422,0,255.946755625327,61.473470207194
LF02,Laten vs. Laden,Laden,Interrogative non-final focus,Overlong,LFP0422,25.5946755625327,255.946755625327,65.0444419761593
LF02,Laten vs. Laden,Laden,Interrogative non-final focus,Overlong,LFP0422,51.1893511250654,255.946755625327,66.3479383389492
LF02,Laten vs. Laden,Laden,Interrogative non-final focus,Overlong,LFP0422,76.7840266875981,255.946755625327,67.5656332956864
LF02,Laten vs. Laden,Laden,Interrogative non-final focus,Overlong,LFP0422,102.378702250131,255.946755625327,67.539676206987
LF02,Laten vs. Laden,Laden,Interrogative non-final focus,Overlong,LFP0422,127.973377812663,255.946755625327,68.3541899835055
LF02,Laten vs. Laden,Laden,Interrogative non-final focus,Overlong,LFP0422,153.568053375196,255.946755625327,68.3803648819
LF02,Laten vs. Laden,Laden,Interrogative non-final focus,Overlong,LFP0422,179.162728937729,255.946755625327,67.7319923586043
LF02,Laten vs. Laden,Laden,Interrogative non-final focus,Overlong,LFP0422,204.757404500262,255.946755625327,67.5615168281579
LF02,Laten vs. Laden,Laden,Interrogative non-final focus,Overlong,LFP0422,230.352080062794,255.946755625327,65.42474774511
LF03,Laten vs. Laden,Laden,Interrogative non-final focus,Overlong,LFP0423,0,265.212660304659,58.1069264066509
LF03,Laten vs. Laden,Laden,Interrogative non-final focus,Overlong,LFP0423,26.5212660304659,265.212660304659,63.0019759018035
LF03,Laten vs. Laden,Laden,Interrogative non-final focus,Overlong,LFP0423,53.0425320609318,265.212660304659,64.2871379532128
LF03,Laten vs. Laden,Laden,Interrogative non-final focus,Overlong,LFP0423,79.5637980913977,265.212660304659,64.1897418134002
LF03,Laten vs. Laden,Laden,Interrogative non-final focus,Overlong,LFP0423,106.085064121864,265.212660304659,62.4792575323889
LF03,Laten vs. Laden,Laden,Interrogative non-final focus,Overlong,LFP0423,132.606330152329,265.212660304659,63.4286346204734
LF03,Laten vs. Laden,Laden,Interrogative non-final focus,Overlong,LFP0423,159.127596182795,265.212660304659,65.3850701103457
LF03,Laten vs. Laden,Laden,Interrogative non-final focus,Overlong,LFP0423,185.648862213261,265.212660304659,65.564284756691
LF03,Laten vs. Laden,Laden,Interrogative non-final focus,Overlong,LFP0423,212.170128243727,265.212660304659,65.2780416138084
LF03,Laten vs. Laden,Laden,Interrogative non-final focus,Overlong,LFP0423,238.691394274193,265.212660304659,65.7859589717507
LF04,Laten vs. Laden,Laden,Interrogative non-final focus,Overlong,LFP0424,0,213.750422031989,61.7641453113599
LF04,Laten vs. Laden,Laden,Interrogative non-final focus,Overlong,LFP0424,21.3750422031989,213.750422031989,66.0093314044133
LF04,Laten vs. Laden,Laden,Interrogative non-final focus,Overlong,LFP0424,42.7500844063977,213.750422031989,65.9294898902905
LF04,Laten vs. Laden,Laden,Interrogative non-final focus,Overlong,LFP0424,64.1251266095966,213.750422031989,63.1130296017115
LF04,Laten vs. Laden,Laden,Interrogative non-final focus,Overlong,LFP0424,85.5001688127954,213.750422031989,62.9438711053878
LF04,Laten vs. Laden,Laden,Interrogative non-final focus,Overlong,LFP0424,106.875211015994,213.750422031989,62.5379430653148
LF04,Laten vs. Laden,Laden,Interrogative non-final focus,Overlong,LFP0424,128.250253219193,213.750422031989,65.4475580399992
LF04,Laten vs. Laden,Laden,Interrogative non-final focus,Overlong,LFP0424,149.625295422392,213.750422031989,68.9903187599322
LF04,Laten vs. Laden,Laden,Interrogative non-final focus,Overlong,LFP0424,171.000337625591,213.750422031989,68.903398548896
LF04,Laten vs. Laden,Laden,Interrogative non-final focus,Overlong,LFP0424,192.37537982879,213.750422031989,68.7727424976399
LF05,Laten vs. Laden,Laden,Interrogative non-final focus,Overlong,LFP0425,0,171.488095825961,69.5561641343385
LF05,Laten vs. Laden,Laden,Interrogative non-final focus,Overlong,LFP0425,13.1913919866125,171.488095825961,69.3127949579752
LF05,Laten vs. Laden,Laden,Interrogative non-final focus,Overlong,LFP0425,26.3827839732248,171.488095825961,69.1593628451895
LF05,Laten vs. Laden,Laden,Interrogative non-final focus,Overlong,LFP0425,39.5741759598373,171.488095825961,69.4971309810196
LF05,Laten vs. Laden,Laden,Interrogative non-final focus,Overlong,LFP0425,52.7655679464496,171.488095825961,69.0151878572069
LF05,Laten vs. Laden,Laden,Interrogative non-final focus,Overlong,LFP0425,65.9569599330621,171.488095825961,68.1319168792079
LF05,Laten vs. Laden,Laden,Interrogative non-final focus,Overlong,LFP0425,79.1483519196744,171.488095825961,67.7439404179634
LF05,Laten vs. Laden,Laden,Interrogative non-final focus,Overlong,LFP0425,92.3397439062869,171.488095825961,68.0163964386238
LF05,Laten vs. Laden,Laden,Interrogative non-final focus,Overlong,LFP0425,105.531135892899,171.488095825961,68.4306417122254
LF05,Laten vs. Laden,Laden,Interrogative non-final focus,Overlong,LFP0425,118.722527879512,171.488095825961,68.3957206452711
LF05,Laten vs. Laden,Laden,Interrogative non-final focus,Overlong,LFP0425,131.913919866124,171.488095825961,67.7646238769853
LF05,Laten vs. Laden,Laden,Interrogative non-final focus,Overlong,LFP0425,145.105311852736,171.488095825961,67.2999909262696
LF05,Laten vs. Laden,Laden,Interrogative non-final focus,Overlong,LFP0425,158.296703839349,171.488095825961,67.3511858770921
LF06,Laten vs. Laden,Laden,Interrogative non-final focus,Overlong,LFP0426,0,206.296646062271,73.6628598876723
LF06,Laten vs. Laden,Laden,Interrogative non-final focus,Overlong,LFP0426,20.6296646062271,206.296646062271,74.5753720339163
LF06,Laten vs. Laden,Laden,Interrogative non-final focus,Overlong,LFP0426,41.2593292124542,206.296646062271,75.7551297333497
LF06,Laten vs. Laden,Laden,Interrogative non-final focus,Overlong,LFP0426,61.8889938186814,206.296646062271,76.7480557746663
LF06,Laten vs. Laden,Laden,Interrogative non-final focus,Overlong,LFP0426,82.5186584249085,206.296646062271,76.485836870386
LF06,Laten vs. Laden,Laden,Interrogative non-final focus,Overlong,LFP0426,103.148323031136,206.296646062271,76.0281208823772
LF06,Laten vs. Laden,Laden,Interrogative non-final focus,Overlong,LFP0426,123.777987637363,206.296646062271,75.1623548310195
LF06,Laten vs. Laden,Laden,Interrogative non-final focus,Overlong,LFP0426,144.40765224359,206.296646062271,76.4591866558844
LF06,Laten vs. Laden,Laden,Interrogative non-final focus,Overlong,LFP0426,165.037316849817,206.296646062271,77.3282441363524
LF06,Laten vs. Laden,Laden,Interrogative non-final focus,Overlong,LFP0426,185.666981456044,206.296646062271,78.1691266193757
LF07,Laten vs. Laden,Laden,Interrogative non-final focus,Overlong,LFP0427,0,257.535503842569,69.7985472168687
LF07,Laten vs. Laden,Laden,Interrogative non-final focus,Overlong,LFP0427,25.7535503842569,257.535503842569,72.6544654647582
LF07,Laten vs. Laden,Laden,Interrogative non-final focus,Overlong,LFP0427,51.5071007685137,257.535503842569,73.4691467544615
LF07,Laten vs. Laden,Laden,Interrogative non-final focus,Overlong,LFP0427,77.2606511527706,257.535503842569,72.8651021982236
LF07,Laten vs. Laden,Laden,Interrogative non-final focus,Overlong,LFP0427,103.014201537027,257.535503842569,75.3067429270199
LF07,Laten vs. Laden,Laden,Interrogative non-final focus,Overlong,LFP0427,128.767751921284,257.535503842569,73.4315480847728
LF07,Laten vs. Laden,Laden,Interrogative non-final focus,Overlong,LFP0427,154.521302305541,257.535503842569,73.1708015081351
LF07,Laten vs. Laden,Laden,Interrogative non-final focus,Overlong,LFP0427,180.274852689798,257.535503842569,68.8592482598291
LF07,Laten vs. Laden,Laden,Interrogative non-final focus,Overlong,LFP0427,206.028403074055,257.535503842569,67.5003177901112
LF07,Laten vs. Laden,Laden,Interrogative non-final focus,Overlong,LFP0427,231.781953458312,257.535503842569,67.8675131779088
LF08,Laten vs. Laden,Laden,Interrogative non-final focus,Overlong,LFP0428,0,210.071897377372,73.4944885282264
LF08,Laten vs. Laden,Laden,Interrogative non-final focus,Overlong,LFP0428,21.0071897377372,210.071897377372,74.4888144738394
LF08,Laten vs. Laden,Laden,Interrogative non-final focus,Overlong,LFP0428,42.0143794754744,210.071897377372,75.6777488591154
LF08,Laten vs. Laden,Laden,Interrogative non-final focus,Overlong,LFP0428,63.0215692132117,210.071897377372,76.7263183519743
LF08,Laten vs. Laden,Laden,Interrogative non-final focus,Overlong,LFP0428,84.0287589509489,210.071897377372,76.5007312587525
LF08,Laten vs. Laden,Laden,Interrogative non-final focus,Overlong,LFP0428,105.035948688686,210.071897377372,76.0240851793433
LF08,Laten vs. Laden,Laden,Interrogative non-final focus,Overlong,LFP0428,126.043138426423,210.071897377372,75.1384186758431
LF08,Laten vs. Laden,Laden,Interrogative non-final focus,Overlong,LFP0428,147.05032816416,210.071897377372,76.4810736619836
LF08,Laten vs. Laden,Laden,Interrogative non-final focus,Overlong,LFP0428,168.057517901898,210.071897377372,77.3795101335608
LF08,Laten vs. Laden,Laden,Interrogative non-final focus,Overlong,LFP0428,189.064707639635,210.071897377372,78.0659862799786
LF09,Laten vs. Laden,Laden,Interrogative non-final focus,Overlong,LFP0429,0,172.937901243493,65.0281396844452
LF09,Laten vs. Laden,Laden,Interrogative non-final focus,Overlong,LFP0429,17.2937901243493,172.937901243493,69.3755698718369
LF09,Laten vs. Laden,Laden,Interrogative non-final focus,Overlong,LFP0429,34.5875802486987,172.937901243493,70.9529977061571
LF09,Laten vs. Laden,Laden,Interrogative non-final focus,Overlong,LFP0429,51.881370373048,172.937901243493,71.3246221878974
LF09,Laten vs. Laden,Laden,Interrogative non-final focus,Overlong,LFP0429,69.1751604973974,172.937901243493,73.2106698647987
LF09,Laten vs. Laden,Laden,Interrogative non-final focus,Overlong,LFP0429,86.4689506217466,172.937901243493,74.215447844328
LF09,Laten vs. Laden,Laden,Interrogative non-final focus,Overlong,LFP0429,103.762740746096,172.937901243493,73.0898136209311
LF09,Laten vs. Laden,Laden,Interrogative non-final focus,Overlong,LFP0429,121.056530870445,172.937901243493,72.9368810804394
LF09,Laten vs. Laden,Laden,Interrogative non-final focus,Overlong,LFP0429,138.350320994795,172.937901243493,73.6613657314907
LF09,Laten vs. Laden,Laden,Interrogative non-final focus,Overlong,LFP0429,155.644111119144,172.937901243493,72.8638260403252
LF10,Laten vs. Laden,Laden,Interrogative non-final focus,Overlong,LFP0430,0,267.010118014817,78.0183690022982
LF10,Laten vs. Laden,Laden,Interrogative non-final focus,Overlong,LFP0430,26.7010118014817,267.010118014817,77.6965644080127
LF10,Laten vs. Laden,Laden,Interrogative non-final focus,Overlong,LFP0430,53.4020236029635,267.010118014817,78.7952625253213
LF10,Laten vs. Laden,Laden,Interrogative non-final focus,Overlong,LFP0430,80.1030354044452,267.010118014817,78.387232119236
LF10,Laten vs. Laden,Laden,Interrogative non-final focus,Overlong,LFP0430,106.804047205927,267.010118014817,79.6223119449359
LF10,Laten vs. Laden,Laden,Interrogative non-final focus,Overlong,LFP0430,133.505059007409,267.010118014817,79.7910774837505
LF10,Laten vs. Laden,Laden,Interrogative non-final focus,Overlong,LFP0430,160.20607080889,267.010118014817,79.5045702307086
LF10,Laten vs. Laden,Laden,Interrogative non-final focus,Overlong,LFP0430,186.907082610372,267.010118014817,82.0392700135726
LF10,Laten vs. Laden,Laden,Interrogative non-final focus,Overlong,LFP0430,213.608094411854,267.010118014817,81.6226794347924
LF10,Laten vs. Laden,Laden,Interrogative non-final focus,Overlong,LFP0430,240.309106213336,267.010118014817,76.302547213393
LF01,Ries vs. Riez,Riez,Interrogative non-final focus,Overlong,LFP0431,0,214.238146669753,65.4499953859037
LF01,Ries vs. Riez,Riez,Interrogative non-final focus,Overlong,LFP0431,21.4238146669753,214.238146669753,68.4679024966754
LF01,Ries vs. Riez,Riez,Interrogative non-final focus,Overlong,LFP0431,42.8476293339506,214.238146669753,70.3496107293445
LF01,Ries vs. Riez,Riez,Interrogative non-final focus,Overlong,LFP0431,64.2714440009259,214.238146669753,68.5941723794207
LF01,Ries vs. Riez,Riez,Interrogative non-final focus,Overlong,LFP0431,85.6952586679011,214.238146669753,69.3421211824036
LF01,Ries vs. Riez,Riez,Interrogative non-final focus,Overlong,LFP0431,107.119073334876,214.238146669753,66.5349769795295
LF01,Ries vs. Riez,Riez,Interrogative non-final focus,Overlong,LFP0431,128.542888001852,214.238146669753,64.8379631172146
LF01,Ries vs. Riez,Riez,Interrogative non-final focus,Overlong,LFP0431,149.966702668827,214.238146669753,65.0525680666556
LF01,Ries vs. Riez,Riez,Interrogative non-final focus,Overlong,LFP0431,171.390517335802,214.238146669753,68.0453568470791
LF01,Ries vs. Riez,Riez,Interrogative non-final focus,Overlong,LFP0431,192.814332002777,214.238146669753,66.5901467578544
LF02,Ries vs. Riez,Riez,Interrogative non-final focus,Overlong,LFP0432,0,207.620396974579,59.6157021375268
LF02,Ries vs. Riez,Riez,Interrogative non-final focus,Overlong,LFP0432,20.7620396974579,207.620396974579,62.7622106355512
LF02,Ries vs. Riez,Riez,Interrogative non-final focus,Overlong,LFP0432,41.5240793949159,207.620396974579,63.5820536367754
LF02,Ries vs. Riez,Riez,Interrogative non-final focus,Overlong,LFP0432,62.2861190923738,207.620396974579,62.4423422802739
LF02,Ries vs. Riez,Riez,Interrogative non-final focus,Overlong,LFP0432,83.0481587898317,207.620396974579,59.290620799442
LF02,Ries vs. Riez,Riez,Interrogative non-final focus,Overlong,LFP0432,103.810198487289,207.620396974579,57.3207004735941
LF02,Ries vs. Riez,Riez,Interrogative non-final focus,Overlong,LFP0432,124.572238184747,207.620396974579,61.9122392212704
LF02,Ries vs. Riez,Riez,Interrogative non-final focus,Overlong,LFP0432,145.334277882205,207.620396974579,63.8056345121603
LF02,Ries vs. Riez,Riez,Interrogative non-final focus,Overlong,LFP0432,166.096317579663,207.620396974579,65.3178430998882
LF02,Ries vs. Riez,Riez,Interrogative non-final focus,Overlong,LFP0432,186.858357277121,207.620396974579,62.0884085883616
LF03,Ries vs. Riez,Riez,Interrogative non-final focus,Overlong,LFP0433,0,307.609872232383,58.6917604066611
LF03,Ries vs. Riez,Riez,Interrogative non-final focus,Overlong,LFP0433,30.7609872232384,307.609872232383,63.6494591604655
LF03,Ries vs. Riez,Riez,Interrogative non-final focus,Overlong,LFP0433,61.5219744464766,307.609872232383,61.5503232639089
LF03,Ries vs. Riez,Riez,Interrogative non-final focus,Overlong,LFP0433,92.282961669715,307.609872232383,57.9036839581519
LF03,Ries vs. Riez,Riez,Interrogative non-final focus,Overlong,LFP0433,123.043948892953,307.609872232383,62.37912971456
LF03,Ries vs. Riez,Riez,Interrogative non-final focus,Overlong,LFP0433,153.804936116192,307.609872232383,65.2459183396692
LF03,Ries vs. Riez,Riez,Interrogative non-final focus,Overlong,LFP0433,184.56592333943,307.609872232383,66.1216776236484
LF03,Ries vs. Riez,Riez,Interrogative non-final focus,Overlong,LFP0433,215.326910562668,307.609872232383,66.5441625524988
LF03,Ries vs. Riez,Riez,Interrogative non-final focus,Overlong,LFP0433,246.087897785907,307.609872232383,62.3309364581844
LF03,Ries vs. Riez,Riez,Interrogative non-final focus,Overlong,LFP0433,276.848885009145,307.609872232383,60.079099498431
LF04,Ries vs. Riez,Riez,Interrogative non-final focus,Overlong,LFP0434,0,202.707216408515,65.0166262625949
LF04,Ries vs. Riez,Riez,Interrogative non-final focus,Overlong,LFP0434,20.2707216408515,202.707216408515,67.3062272560504
LF04,Ries vs. Riez,Riez,Interrogative non-final focus,Overlong,LFP0434,40.5414432817031,202.707216408515,68.0757142162388
LF04,Ries vs. Riez,Riez,Interrogative non-final focus,Overlong,LFP0434,60.8121649225546,202.707216408515,68.6889173012713
LF04,Ries vs. Riez,Riez,Interrogative non-final focus,Overlong,LFP0434,81.0828865634061,202.707216408515,69.3132341734703
LF04,Ries vs. Riez,Riez,Interrogative non-final focus,Overlong,LFP0434,101.353608204258,202.707216408515,67.4732793556443
LF04,Ries vs. Riez,Riez,Interrogative non-final focus,Overlong,LFP0434,121.624329845109,202.707216408515,66.9183101697802
LF04,Ries vs. Riez,Riez,Interrogative non-final focus,Overlong,LFP0434,141.895051485961,202.707216408515,66.4771217520123
LF04,Ries vs. Riez,Riez,Interrogative non-final focus,Overlong,LFP0434,162.165773126812,202.707216408515,65.0407388407034
LF04,Ries vs. Riez,Riez,Interrogative non-final focus,Overlong,LFP0434,182.436494767664,202.707216408515,67.7620320880831
LF05,Ries vs. Riez,Riez,Interrogative non-final focus,Overlong,LFP0435,0,180.645260136886,65.303304339398
LF05,Ries vs. Riez,Riez,Interrogative non-final focus,Overlong,LFP0435,13.8957892412989,180.645260136886,66.8887108172554
LF05,Ries vs. Riez,Riez,Interrogative non-final focus,Overlong,LFP0435,27.7915784825978,180.645260136886,68.6270772563136
LF05,Ries vs. Riez,Riez,Interrogative non-final focus,Overlong,LFP0435,41.6873677238968,180.645260136886,70.3414803165208
LF05,Ries vs. Riez,Riez,Interrogative non-final focus,Overlong,LFP0435,55.5831569651958,180.645260136886,71.2715247193086
LF05,Ries vs. Riez,Riez,Interrogative non-final focus,Overlong,LFP0435,69.4789462064948,180.645260136886,70.9389353357242
LF05,Ries vs. Riez,Riez,Interrogative non-final focus,Overlong,LFP0435,83.3747354477935,180.645260136886,69.2803542450563
LF05,Ries vs. Riez,Riez,Interrogative non-final focus,Overlong,LFP0435,97.2705246890925,180.645260136886,67.315036504122
LF05,Ries vs. Riez,Riez,Interrogative non-final focus,Overlong,LFP0435,111.166313930391,180.645260136886,67.5258531122246
LF05,Ries vs. Riez,Riez,Interrogative non-final focus,Overlong,LFP0435,125.06210317169,180.645260136886,68.523275578472
LF05,Ries vs. Riez,Riez,Interrogative non-final focus,Overlong,LFP0435,138.957892412989,180.645260136886,68.9435588978381
LF05,Ries vs. Riez,Riez,Interrogative non-final focus,Overlong,LFP0435,152.853681654288,180.645260136886,68.9828284863027
LF05,Ries vs. Riez,Riez,Interrogative non-final focus,Overlong,LFP0435,166.749470895587,180.645260136886,66.1789256708982
LF06,Ries vs. Riez,Riez,Interrogative non-final focus,Overlong,LFP0436,0,152.006198876312,73.5497362947353
LF06,Ries vs. Riez,Riez,Interrogative non-final focus,Overlong,LFP0436,15.2006198876312,152.006198876312,72.6986959619374
LF06,Ries vs. Riez,Riez,Interrogative non-final focus,Overlong,LFP0436,30.4012397752623,152.006198876312,72.4192705144945
LF06,Ries vs. Riez,Riez,Interrogative non-final focus,Overlong,LFP0436,45.6018596628935,152.006198876312,71.7138536895443
LF06,Ries vs. Riez,Riez,Interrogative non-final focus,Overlong,LFP0436,60.8024795505246,152.006198876312,71.5622358375035
LF06,Ries vs. Riez,Riez,Interrogative non-final focus,Overlong,LFP0436,76.0030994381559,152.006198876312,73.0223884348226
LF06,Ries vs. Riez,Riez,Interrogative non-final focus,Overlong,LFP0436,91.2037193257871,152.006198876312,73.4126744224223
LF06,Ries vs. Riez,Riez,Interrogative non-final focus,Overlong,LFP0436,106.404339213418,152.006198876312,72.8859465040233
LF06,Ries vs. Riez,Riez,Interrogative non-final focus,Overlong,LFP0436,121.604959101049,152.006198876312,71.7052922635442
LF06,Ries vs. Riez,Riez,Interrogative non-final focus,Overlong,LFP0436,136.805578988681,152.006198876312,70.1826454674225
LF07,Ries vs. Riez,Riez,Interrogative non-final focus,Overlong,LFP0437,0,305.788743741865,64.325172560424
LF07,Ries vs. Riez,Riez,Interrogative non-final focus,Overlong,LFP0437,30.5788743741865,305.788743741865,67.4663068495612
LF07,Ries vs. Riez,Riez,Interrogative non-final focus,Overlong,LFP0437,61.1577487483731,305.788743741865,68.5264681647456
LF07,Ries vs. Riez,Riez,Interrogative non-final focus,Overlong,LFP0437,91.7366231225597,305.788743741865,69.0413041347539
LF07,Ries vs. Riez,Riez,Interrogative non-final focus,Overlong,LFP0437,122.315497496746,305.788743741865,69.0623983810535
LF07,Ries vs. Riez,Riez,Interrogative non-final focus,Overlong,LFP0437,152.894371870933,305.788743741865,68.6305170975396
LF07,Ries vs. Riez,Riez,Interrogative non-final focus,Overlong,LFP0437,183.473246245119,305.788743741865,68.3365445399374
LF07,Ries vs. Riez,Riez,Interrogative non-final focus,Overlong,LFP0437,214.052120619306,305.788743741865,68.2893562611493
LF07,Ries vs. Riez,Riez,Interrogative non-final focus,Overlong,LFP0437,244.630994993492,305.788743741865,68.9501138140455
LF07,Ries vs. Riez,Riez,Interrogative non-final focus,Overlong,LFP0437,275.209869367679,305.788743741865,68.4285288949209
LF08,Ries vs. Riez,Riez,Interrogative non-final focus,Overlong,LFP0438,0,146.104131809607,73.1880397793029
LF08,Ries vs. Riez,Riez,Interrogative non-final focus,Overlong,LFP0438,14.6104131809606,146.104131809607,73.131605715125
LF08,Ries vs. Riez,Riez,Interrogative non-final focus,Overlong,LFP0438,29.2208263619214,146.104131809607,72.4114331567843
LF08,Ries vs. Riez,Riez,Interrogative non-final focus,Overlong,LFP0438,43.8312395428819,146.104131809607,72.1549461061254
LF08,Ries vs. Riez,Riez,Interrogative non-final focus,Overlong,LFP0438,58.4416527238427,146.104131809607,71.3851991163503
LF08,Ries vs. Riez,Riez,Interrogative non-final focus,Overlong,LFP0438,73.0520659048033,146.104131809607,72.2065513349699
LF08,Ries vs. Riez,Riez,Interrogative non-final focus,Overlong,LFP0438,87.6624790857639,146.104131809607,73.4067147971973
LF08,Ries vs. Riez,Riez,Interrogative non-final focus,Overlong,LFP0438,102.272892266725,146.104131809607,73.2568262528957
LF08,Ries vs. Riez,Riez,Interrogative non-final focus,Overlong,LFP0438,116.883305447685,146.104131809607,72.5394314303943
LF08,Ries vs. Riez,Riez,Interrogative non-final focus,Overlong,LFP0438,131.493718628646,146.104131809607,71.1817702345004
LF09,Ries vs. Riez,Riez,Interrogative non-final focus,Overlong,LFP0439,0,232.938216850505,59.8736180600905
LF09,Ries vs. Riez,Riez,Interrogative non-final focus,Overlong,LFP0439,23.2938216850505,232.938216850505,63.2177466222727
LF09,Ries vs. Riez,Riez,Interrogative non-final focus,Overlong,LFP0439,46.5876433701011,232.938216850505,61.9187182162573
LF09,Ries vs. Riez,Riez,Interrogative non-final focus,Overlong,LFP0439,69.8814650551516,232.938216850505,62.8972175078464
LF09,Ries vs. Riez,Riez,Interrogative non-final focus,Overlong,LFP0439,93.1752867402023,232.938216850505,63.7885552849922
LF09,Ries vs. Riez,Riez,Interrogative non-final focus,Overlong,LFP0439,116.469108425253,232.938216850505,63.5450783658104
LF09,Ries vs. Riez,Riez,Interrogative non-final focus,Overlong,LFP0439,139.762930110303,232.938216850505,63.8822367349307
LF09,Ries vs. Riez,Riez,Interrogative non-final focus,Overlong,LFP0439,163.056751795354,232.938216850505,63.5497226854148
LF09,Ries vs. Riez,Riez,Interrogative non-final focus,Overlong,LFP0439,186.350573480404,232.938216850505,62.3612055884559
LF09,Ries vs. Riez,Riez,Interrogative non-final focus,Overlong,LFP0439,209.644395165455,232.938216850505,61.3650845693094
LF10,Ries vs. Riez,Riez,Interrogative non-final focus,Overlong,LFP0440,0,213.696078881958,76.1049701455585
LF10,Ries vs. Riez,Riez,Interrogative non-final focus,Overlong,LFP0440,21.3696078881958,213.696078881958,69.4482654285557
LF10,Ries vs. Riez,Riez,Interrogative non-final focus,Overlong,LFP0440,42.7392157763916,213.696078881958,66.333704384155
LF10,Ries vs. Riez,Riez,Interrogative non-final focus,Overlong,LFP0440,64.1088236645874,213.696078881958,68.8263788251443
LF10,Ries vs. Riez,Riez,Interrogative non-final focus,Overlong,LFP0440,85.4784315527831,213.696078881958,72.6704177410857
LF10,Ries vs. Riez,Riez,Interrogative non-final focus,Overlong,LFP0440,106.848039440979,213.696078881958,69.4763689881492
LF10,Ries vs. Riez,Riez,Interrogative non-final focus,Overlong,LFP0440,128.217647329175,213.696078881958,70.1187515292011
LF10,Ries vs. Riez,Riez,Interrogative non-final focus,Overlong,LFP0440,149.58725521737,213.696078881958,72.2473948329811
LF10,Ries vs. Riez,Riez,Interrogative non-final focus,Overlong,LFP0440,170.956863105566,213.696078881958,71.7981977545254
LF10,Ries vs. Riez,Riez,Interrogative non-final focus,Overlong,LFP0440,192.326470993762,213.696078881958,71.8101592462106
LF01,Rieten vs. Rieden,Rieden,Interrogative non-final focus,Overlong,LFP0441,0,251.998440648231,60.998573235431
LF01,Rieten vs. Rieden,Rieden,Interrogative non-final focus,Overlong,LFP0441,25.1998440648231,251.998440648231,66.643427258263
LF01,Rieten vs. Rieden,Rieden,Interrogative non-final focus,Overlong,LFP0441,50.3996881296461,251.998440648231,61.5580457659828
LF01,Rieten vs. Rieden,Rieden,Interrogative non-final focus,Overlong,LFP0441,75.5995321944692,251.998440648231,61.8328683667562
LF01,Rieten vs. Rieden,Rieden,Interrogative non-final focus,Overlong,LFP0441,100.799376259292,251.998440648231,62.7252701069453
LF01,Rieten vs. Rieden,Rieden,Interrogative non-final focus,Overlong,LFP0441,125.999220324115,251.998440648231,61.7499665729304
LF01,Rieten vs. Rieden,Rieden,Interrogative non-final focus,Overlong,LFP0441,151.199064388938,251.998440648231,62.3074902401588
LF01,Rieten vs. Rieden,Rieden,Interrogative non-final focus,Overlong,LFP0441,176.398908453761,251.998440648231,65.7928557787421
LF01,Rieten vs. Rieden,Rieden,Interrogative non-final focus,Overlong,LFP0441,201.598752518585,251.998440648231,62.4771353466408
LF01,Rieten vs. Rieden,Rieden,Interrogative non-final focus,Overlong,LFP0441,226.798596583408,251.998440648231,59.5715985582465
LF02,Rieten vs. Rieden,Rieden,Interrogative non-final focus,Overlong,LFP0442,0,193.937034980997,65.1444866691921
LF02,Rieten vs. Rieden,Rieden,Interrogative non-final focus,Overlong,LFP0442,19.3937034980998,193.937034980997,64.8904639384517
LF02,Rieten vs. Rieden,Rieden,Interrogative non-final focus,Overlong,LFP0442,38.7874069961993,193.937034980997,66.7879823259015
LF02,Rieten vs. Rieden,Rieden,Interrogative non-final focus,Overlong,LFP0442,58.1811104942989,193.937034980997,67.11179255953
LF02,Rieten vs. Rieden,Rieden,Interrogative non-final focus,Overlong,LFP0442,77.5748139923986,193.937034980997,66.396012337526
LF02,Rieten vs. Rieden,Rieden,Interrogative non-final focus,Overlong,LFP0442,96.9685174904984,193.937034980997,66.0812222129172
LF02,Rieten vs. Rieden,Rieden,Interrogative non-final focus,Overlong,LFP0442,116.362220988598,193.937034980997,63.9516427817759
LF02,Rieten vs. Rieden,Rieden,Interrogative non-final focus,Overlong,LFP0442,135.755924486697,193.937034980997,61.2294503151431
LF02,Rieten vs. Rieden,Rieden,Interrogative non-final focus,Overlong,LFP0442,155.149627984797,193.937034980997,60.6444821347025
LF02,Rieten vs. Rieden,Rieden,Interrogative non-final focus,Overlong,LFP0442,174.543331482897,193.937034980997,61.2700267236504
LF03,Rieten vs. Rieden,Rieden,Interrogative non-final focus,Overlong,LFP0443,0,167.302774197549,56.7255849357429
LF03,Rieten vs. Rieden,Rieden,Interrogative non-final focus,Overlong,LFP0443,16.7302774197549,167.302774197549,55.8865671779731
LF03,Rieten vs. Rieden,Rieden,Interrogative non-final focus,Overlong,LFP0443,33.4605548395097,167.302774197549,58.6346091196619
LF03,Rieten vs. Rieden,Rieden,Interrogative non-final focus,Overlong,LFP0443,50.1908322592647,167.302774197549,55.856296385055
LF03,Rieten vs. Rieden,Rieden,Interrogative non-final focus,Overlong,LFP0443,66.9211096790195,167.302774197549,56.0143102992398
LF03,Rieten vs. Rieden,Rieden,Interrogative non-final focus,Overlong,LFP0443,83.6513870987743,167.302774197549,59.7108029394518
LF03,Rieten vs. Rieden,Rieden,Interrogative non-final focus,Overlong,LFP0443,100.381664518529,167.302774197549,63.7979367074389
LF03,Rieten vs. Rieden,Rieden,Interrogative non-final focus,Overlong,LFP0443,117.111941938284,167.302774197549,63.6746309769475
LF03,Rieten vs. Rieden,Rieden,Interrogative non-final focus,Overlong,LFP0443,133.842219358039,167.302774197549,61.5313430839135
LF03,Rieten vs. Rieden,Rieden,Interrogative non-final focus,Overlong,LFP0443,150.572496777794,167.302774197549,61.0717834843954
LF04,Rieten vs. Rieden,Rieden,Interrogative non-final focus,Overlong,LFP0444,0,175.151393594079,66.591278782424
LF04,Rieten vs. Rieden,Rieden,Interrogative non-final focus,Overlong,LFP0444,17.515139359408,175.151393594079,67.2661819137301
LF04,Rieten vs. Rieden,Rieden,Interrogative non-final focus,Overlong,LFP0444,35.0302787188158,175.151393594079,67.2680345681497
LF04,Rieten vs. Rieden,Rieden,Interrogative non-final focus,Overlong,LFP0444,52.5454180782238,175.151393594079,70.4764878146616
LF04,Rieten vs. Rieden,Rieden,Interrogative non-final focus,Overlong,LFP0444,70.0605574376316,175.151393594079,70.898819807075
LF04,Rieten vs. Rieden,Rieden,Interrogative non-final focus,Overlong,LFP0444,87.5756967970396,175.151393594079,67.7703656801202
LF04,Rieten vs. Rieden,Rieden,Interrogative non-final focus,Overlong,LFP0444,105.090836156448,175.151393594079,65.4299747855958
LF04,Rieten vs. Rieden,Rieden,Interrogative non-final focus,Overlong,LFP0444,122.605975515855,175.151393594079,66.20368186078
LF04,Rieten vs. Rieden,Rieden,Interrogative non-final focus,Overlong,LFP0444,140.121114875263,175.151393594079,67.968812648504
LF04,Rieten vs. Rieden,Rieden,Interrogative non-final focus,Overlong,LFP0444,157.636254234671,175.151393594079,68.1452368141077
LF05,Rieten vs. Rieden,Rieden,Interrogative non-final focus,Overlong,LFP0445,0,184.210225783338,64.8709058580863
LF05,Rieten vs. Rieden,Rieden,Interrogative non-final focus,Overlong,LFP0445,14.1700173679491,184.210225783338,68.0421155237462
LF05,Rieten vs. Rieden,Rieden,Interrogative non-final focus,Overlong,LFP0445,28.3400347358981,184.210225783338,70.0897381626133
LF05,Rieten vs. Rieden,Rieden,Interrogative non-final focus,Overlong,LFP0445,42.5100521038472,184.210225783338,71.0347917322752
LF05,Rieten vs. Rieden,Rieden,Interrogative non-final focus,Overlong,LFP0445,56.6800694717963,184.210225783338,70.9310109456564
LF05,Rieten vs. Rieden,Rieden,Interrogative non-final focus,Overlong,LFP0445,70.8500868397452,184.210225783338,69.5706408487355
LF05,Rieten vs. Rieden,Rieden,Interrogative non-final focus,Overlong,LFP0445,85.0201042076943,184.210225783338,67.5242779680379
LF05,Rieten vs. Rieden,Rieden,Interrogative non-final focus,Overlong,LFP0445,99.1901215756434,184.210225783338,66.6505399381415
LF05,Rieten vs. Rieden,Rieden,Interrogative non-final focus,Overlong,LFP0445,113.360138943593,184.210225783338,66.9066217132021
LF05,Rieten vs. Rieden,Rieden,Interrogative non-final focus,Overlong,LFP0445,127.530156311542,184.210225783338,66.6499815802805
LF05,Rieten vs. Rieden,Rieden,Interrogative non-final focus,Overlong,LFP0445,141.700173679491,184.210225783338,65.4596249600802
LF05,Rieten vs. Rieden,Rieden,Interrogative non-final focus,Overlong,LFP0445,155.87019104744,184.210225783338,63.677790532873
LF05,Rieten vs. Rieden,Rieden,Interrogative non-final focus,Overlong,LFP0445,170.040208415389,184.210225783338,63.1520089886018
LF06,Rieten vs. Rieden,Rieden,Interrogative non-final focus,Overlong,LFP0446,0,147.429014500537,76.5491952332199
LF06,Rieten vs. Rieden,Rieden,Interrogative non-final focus,Overlong,LFP0446,14.7429014500537,147.429014500537,75.9430849169632
LF06,Rieten vs. Rieden,Rieden,Interrogative non-final focus,Overlong,LFP0446,29.4858029001074,147.429014500537,75.2052593817049
LF06,Rieten vs. Rieden,Rieden,Interrogative non-final focus,Overlong,LFP0446,44.2287043501611,147.429014500537,75.6053683469326
LF06,Rieten vs. Rieden,Rieden,Interrogative non-final focus,Overlong,LFP0446,58.9716058002148,147.429014500537,75.42190926711
LF06,Rieten vs. Rieden,Rieden,Interrogative non-final focus,Overlong,LFP0446,73.7145072502685,147.429014500537,74.8337059776454
LF06,Rieten vs. Rieden,Rieden,Interrogative non-final focus,Overlong,LFP0446,88.4574087003223,147.429014500537,74.673223986735
LF06,Rieten vs. Rieden,Rieden,Interrogative non-final focus,Overlong,LFP0446,103.200310150376,147.429014500537,74.939116942567
LF06,Rieten vs. Rieden,Rieden,Interrogative non-final focus,Overlong,LFP0446,117.94321160043,147.429014500537,75.0765706445193
LF06,Rieten vs. Rieden,Rieden,Interrogative non-final focus,Overlong,LFP0446,132.686113050483,147.429014500537,75.4019908141019
LF07,Rieten vs. Rieden,Rieden,Interrogative non-final focus,Overlong,LFP0447,0,208.345707486472,67.126543378111
LF07,Rieten vs. Rieden,Rieden,Interrogative non-final focus,Overlong,LFP0447,20.8345707486473,208.345707486472,70.3838896117354
LF07,Rieten vs. Rieden,Rieden,Interrogative non-final focus,Overlong,LFP0447,41.6691414972944,208.345707486472,70.6083811027715
LF07,Rieten vs. Rieden,Rieden,Interrogative non-final focus,Overlong,LFP0447,62.5037122459416,208.345707486472,68.7472290517016
LF07,Rieten vs. Rieden,Rieden,Interrogative non-final focus,Overlong,LFP0447,83.3382829945888,208.345707486472,66.9530569672887
LF07,Rieten vs. Rieden,Rieden,Interrogative non-final focus,Overlong,LFP0447,104.172853743236,208.345707486472,66.4073823094721
LF07,Rieten vs. Rieden,Rieden,Interrogative non-final focus,Overlong,LFP0447,125.007424491883,208.345707486472,67.4569644858354
LF07,Rieten vs. Rieden,Rieden,Interrogative non-final focus,Overlong,LFP0447,145.84199524053,208.345707486472,71.2348226856165
LF07,Rieten vs. Rieden,Rieden,Interrogative non-final focus,Overlong,LFP0447,166.676565989178,208.345707486472,72.0339722920591
LF07,Rieten vs. Rieden,Rieden,Interrogative non-final focus,Overlong,LFP0447,187.511136737825,208.345707486472,70.640555904255
LF08,Rieten vs. Rieden,Rieden,Interrogative non-final focus,Overlong,LFP0448,0,177.453415002135,72.8728031441741
LF08,Rieten vs. Rieden,Rieden,Interrogative non-final focus,Overlong,LFP0448,17.7453415002135,177.453415002135,75.7654244890342
LF08,Rieten vs. Rieden,Rieden,Interrogative non-final focus,Overlong,LFP0448,35.4906830004269,177.453415002135,76.5154822686405
LF08,Rieten vs. Rieden,Rieden,Interrogative non-final focus,Overlong,LFP0448,53.2360245006404,177.453415002135,75.4228970856403
LF08,Rieten vs. Rieden,Rieden,Interrogative non-final focus,Overlong,LFP0448,70.9813660008538,177.453415002135,75.4870292174477
LF08,Rieten vs. Rieden,Rieden,Interrogative non-final focus,Overlong,LFP0448,88.7267075010673,177.453415002135,75.474671022293
LF08,Rieten vs. Rieden,Rieden,Interrogative non-final focus,Overlong,LFP0448,106.472049001281,177.453415002135,74.7894581215564
LF08,Rieten vs. Rieden,Rieden,Interrogative non-final focus,Overlong,LFP0448,124.217390501494,177.453415002135,74.7425478165663
LF08,Rieten vs. Rieden,Rieden,Interrogative non-final focus,Overlong,LFP0448,141.962732001708,177.453415002135,75.0312388863862
LF08,Rieten vs. Rieden,Rieden,Interrogative non-final focus,Overlong,LFP0448,159.708073501921,177.453415002135,75.3040395637111
LF09,Rieten vs. Rieden,Rieden,Interrogative non-final focus,Overlong,LFP0449,0,192.054275971522,58.6709226512326
LF09,Rieten vs. Rieden,Rieden,Interrogative non-final focus,Overlong,LFP0449,19.2054275971523,192.054275971522,62.2293368867644
LF09,Rieten vs. Rieden,Rieden,Interrogative non-final focus,Overlong,LFP0449,38.4108551943044,192.054275971522,63.7190570083212
LF09,Rieten vs. Rieden,Rieden,Interrogative non-final focus,Overlong,LFP0449,57.6162827914567,192.054275971522,64.8408550625211
LF09,Rieten vs. Rieden,Rieden,Interrogative non-final focus,Overlong,LFP0449,76.8217103886088,192.054275971522,65.1202968657348
LF09,Rieten vs. Rieden,Rieden,Interrogative non-final focus,Overlong,LFP0449,96.0271379857611,192.054275971522,63.8489941980841
LF09,Rieten vs. Rieden,Rieden,Interrogative non-final focus,Overlong,LFP0449,115.232565582913,192.054275971522,63.2654129870945
LF09,Rieten vs. Rieden,Rieden,Interrogative non-final focus,Overlong,LFP0449,134.437993180066,192.054275971522,62.9197925013658
LF09,Rieten vs. Rieden,Rieden,Interrogative non-final focus,Overlong,LFP0449,153.643420777218,192.054275971522,58.885021942355
LF09,Rieten vs. Rieden,Rieden,Interrogative non-final focus,Overlong,LFP0449,172.84884837437,192.054275971522,56.2174704084704
LF10,Rieten vs. Rieden,Rieden,Interrogative non-final focus,Overlong,LFP0450,0,184.052329484425,72.3111905909497
LF10,Rieten vs. Rieden,Rieden,Interrogative non-final focus,Overlong,LFP0450,18.4052329484425,184.052329484425,74.8109489231979
LF10,Rieten vs. Rieden,Rieden,Interrogative non-final focus,Overlong,LFP0450,36.8104658968851,184.052329484425,73.7499169412501
LF10,Rieten vs. Rieden,Rieden,Interrogative non-final focus,Overlong,LFP0450,55.2156988453276,184.052329484425,71.7166139592753
LF10,Rieten vs. Rieden,Rieden,Interrogative non-final focus,Overlong,LFP0450,73.6209317937702,184.052329484425,69.9940056225051
LF10,Rieten vs. Rieden,Rieden,Interrogative non-final focus,Overlong,LFP0450,92.0261647422127,184.052329484425,72.0388981139377
LF10,Rieten vs. Rieden,Rieden,Interrogative non-final focus,Overlong,LFP0450,110.431397690655,184.052329484425,74.4295826079104
LF10,Rieten vs. Rieden,Rieden,Interrogative non-final focus,Overlong,LFP0450,128.836630639098,184.052329484425,73.5284986413866
LF10,Rieten vs. Rieden,Rieden,Interrogative non-final focus,Overlong,LFP0450,147.24186358754,184.052329484425,70.2554788166721
LF10,Rieten vs. Rieden,Rieden,Interrogative non-final focus,Overlong,LFP0450,165.647096535983,184.052329484425,72.3242800460644
LF01,Siet vs. Sied,Sied,Interrogative non-final focus,Overlong,LFP0451,0,257.564607152316,64.904335971553
LF01,Siet vs. Sied,Sied,Interrogative non-final focus,Overlong,LFP0451,25.7564607152316,257.564607152316,71.0736008019325
LF01,Siet vs. Sied,Sied,Interrogative non-final focus,Overlong,LFP0451,51.512921430463,257.564607152316,69.9319917468742
LF01,Siet vs. Sied,Sied,Interrogative non-final focus,Overlong,LFP0451,77.2693821456947,257.564607152316,68.8862869073436
LF01,Siet vs. Sied,Sied,Interrogative non-final focus,Overlong,LFP0451,103.025842860926,257.564607152316,63.9015548106533
LF01,Siet vs. Sied,Sied,Interrogative non-final focus,Overlong,LFP0451,128.782303576158,257.564607152316,65.7795184223767
LF01,Siet vs. Sied,Sied,Interrogative non-final focus,Overlong,LFP0451,154.538764291389,257.564607152316,66.5678315710484
LF01,Siet vs. Sied,Sied,Interrogative non-final focus,Overlong,LFP0451,180.295225006621,257.564607152316,65.1621414988275
LF01,Siet vs. Sied,Sied,Interrogative non-final focus,Overlong,LFP0451,206.051685721853,257.564607152316,63.4586567397241
LF01,Siet vs. Sied,Sied,Interrogative non-final focus,Overlong,LFP0451,231.808146437084,257.564607152316,68.4759745979074
LF02,Siet vs. Sied,Sied,Interrogative non-final focus,Overlong,LFP0452,0,283.332561400066,57.0639168763618
LF02,Siet vs. Sied,Sied,Interrogative non-final focus,Overlong,LFP0452,28.3332561400066,283.332561400066,63.2060610375508
LF02,Siet vs. Sied,Sied,Interrogative non-final focus,Overlong,LFP0452,56.6665122800133,283.332561400066,66.5842825012463
LF02,Siet vs. Sied,Sied,Interrogative non-final focus,Overlong,LFP0452,84.9997684200199,283.332561400066,67.6537124346376
LF02,Siet vs. Sied,Sied,Interrogative non-final focus,Overlong,LFP0452,113.333024560026,283.332561400066,66.408941005516
LF02,Siet vs. Sied,Sied,Interrogative non-final focus,Overlong,LFP0452,141.666280700033,283.332561400066,65.9462807087818
LF02,Siet vs. Sied,Sied,Interrogative non-final focus,Overlong,LFP0452,169.99953684004,283.332561400066,66.6652725005908
LF02,Siet vs. Sied,Sied,Interrogative non-final focus,Overlong,LFP0452,198.332792980046,283.332561400066,61.1050119681
LF02,Siet vs. Sied,Sied,Interrogative non-final focus,Overlong,LFP0452,226.666049120053,283.332561400066,64.3153135763473
LF02,Siet vs. Sied,Sied,Interrogative non-final focus,Overlong,LFP0452,254.99930526006,283.332561400066,61.195265295446
LF03,Siet vs. Sied,Sied,Interrogative non-final focus,Overlong,LFP0453,0,232.187818704122,55.3896679799069
LF03,Siet vs. Sied,Sied,Interrogative non-final focus,Overlong,LFP0453,23.2187818704122,232.187818704122,60.7174927258971
LF03,Siet vs. Sied,Sied,Interrogative non-final focus,Overlong,LFP0453,46.4375637408245,232.187818704122,62.9941097464524
LF03,Siet vs. Sied,Sied,Interrogative non-final focus,Overlong,LFP0453,69.6563456112367,232.187818704122,62.6642903670811
LF03,Siet vs. Sied,Sied,Interrogative non-final focus,Overlong,LFP0453,92.8751274816488,232.187818704122,63.3035929090427
LF03,Siet vs. Sied,Sied,Interrogative non-final focus,Overlong,LFP0453,116.093909352061,232.187818704122,59.7477684763601
LF03,Siet vs. Sied,Sied,Interrogative non-final focus,Overlong,LFP0453,139.312691222473,232.187818704122,62.6374934009339
LF03,Siet vs. Sied,Sied,Interrogative non-final focus,Overlong,LFP0453,162.531473092886,232.187818704122,63.6003799927846
LF03,Siet vs. Sied,Sied,Interrogative non-final focus,Overlong,LFP0453,185.750254963298,232.187818704122,51.9915906087134
LF03,Siet vs. Sied,Sied,Interrogative non-final focus,Overlong,LFP0453,208.96903683371,232.187818704122,51.1780623988532
LF04,Siet vs. Sied,Sied,Interrogative non-final focus,Overlong,LFP0454,0,315.702312885213,64.7970285441188
LF04,Siet vs. Sied,Sied,Interrogative non-final focus,Overlong,LFP0454,31.5702312885212,315.702312885213,66.6226654096463
LF04,Siet vs. Sied,Sied,Interrogative non-final focus,Overlong,LFP0454,63.1404625770425,315.702312885213,63.783232265738
LF04,Siet vs. Sied,Sied,Interrogative non-final focus,Overlong,LFP0454,94.7106938655639,315.702312885213,66.1444267335525
LF04,Siet vs. Sied,Sied,Interrogative non-final focus,Overlong,LFP0454,126.280925154085,315.702312885213,66.1922964515676
LF04,Siet vs. Sied,Sied,Interrogative non-final focus,Overlong,LFP0454,157.851156442606,315.702312885213,65.2029914252381
LF04,Siet vs. Sied,Sied,Interrogative non-final focus,Overlong,LFP0454,189.421387731128,315.702312885213,66.3054057827781
LF04,Siet vs. Sied,Sied,Interrogative non-final focus,Overlong,LFP0454,220.991619019649,315.702312885213,62.8874277048212
LF04,Siet vs. Sied,Sied,Interrogative non-final focus,Overlong,LFP0454,252.56185030817,315.702312885213,62.6193057375507
LF04,Siet vs. Sied,Sied,Interrogative non-final focus,Overlong,LFP0454,284.132081596691,315.702312885213,53.0763519507909
LF05,Siet vs. Sied,Sied,Interrogative non-final focus,Overlong,LFP0455,0,192.20935398541,65.9889922965191
LF05,Siet vs. Sied,Sied,Interrogative non-final focus,Overlong,LFP0455,14.7853349219547,192.20935398541,68.7587813715319
LF05,Siet vs. Sied,Sied,Interrogative non-final focus,Overlong,LFP0455,29.5706698439093,192.20935398541,70.6864407706889
LF05,Siet vs. Sied,Sied,Interrogative non-final focus,Overlong,LFP0455,44.356004765864,192.20935398541,69.7909508042282
LF05,Siet vs. Sied,Sied,Interrogative non-final focus,Overlong,LFP0455,59.1413396878184,192.20935398541,67.7687322571929
LF05,Siet vs. Sied,Sied,Interrogative non-final focus,Overlong,LFP0455,73.9266746097731,192.20935398541,69.6290208440837
LF05,Siet vs. Sied,Sied,Interrogative non-final focus,Overlong,LFP0455,88.7120095317278,192.20935398541,69.4338984858571
LF05,Siet vs. Sied,Sied,Interrogative non-final focus,Overlong,LFP0455,103.497344453682,192.20935398541,67.5913298962417
LF05,Siet vs. Sied,Sied,Interrogative non-final focus,Overlong,LFP0455,118.282679375637,192.20935398541,65.224331809118
LF05,Siet vs. Sied,Sied,Interrogative non-final focus,Overlong,LFP0455,133.068014297592,192.20935398541,63.5366273294498
LF05,Siet vs. Sied,Sied,Interrogative non-final focus,Overlong,LFP0455,147.853349219546,192.20935398541,63.5640181222251
LF05,Siet vs. Sied,Sied,Interrogative non-final focus,Overlong,LFP0455,162.638684141501,192.20935398541,63.613055485886
LF05,Siet vs. Sied,Sied,Interrogative non-final focus,Overlong,LFP0455,177.424019063456,192.20935398541,60.3383299516505
LF06,Siet vs. Sied,Sied,Interrogative non-final focus,Overlong,LFP0456,0,257.89488616803,68.9514013229659
LF06,Siet vs. Sied,Sied,Interrogative non-final focus,Overlong,LFP0456,25.7894886168031,257.89488616803,73.7794946094112
LF06,Siet vs. Sied,Sied,Interrogative non-final focus,Overlong,LFP0456,51.5789772336059,257.89488616803,75.1954471001851
LF06,Siet vs. Sied,Sied,Interrogative non-final focus,Overlong,LFP0456,77.368465850409,257.89488616803,76.9990076778495
LF06,Siet vs. Sied,Sied,Interrogative non-final focus,Overlong,LFP0456,103.157954467212,257.89488616803,76.4341055986117
LF06,Siet vs. Sied,Sied,Interrogative non-final focus,Overlong,LFP0456,128.947443084015,257.89488616803,75.5201455572392
LF06,Siet vs. Sied,Sied,Interrogative non-final focus,Overlong,LFP0456,154.736931700818,257.89488616803,72.3271234023421
LF06,Siet vs. Sied,Sied,Interrogative non-final focus,Overlong,LFP0456,180.526420317621,257.89488616803,72.4538223735785
LF06,Siet vs. Sied,Sied,Interrogative non-final focus,Overlong,LFP0456,206.315908934424,257.89488616803,72.3172649265725
LF06,Siet vs. Sied,Sied,Interrogative non-final focus,Overlong,LFP0456,232.105397551227,257.89488616803,66.2669667838029
LF07,Siet vs. Sied,Sied,Interrogative non-final focus,Overlong,LFP0457,0,263.117320180335,65.3682174671228
LF07,Siet vs. Sied,Sied,Interrogative non-final focus,Overlong,LFP0457,26.3117320180335,263.117320180335,64.9914151151632
LF07,Siet vs. Sied,Sied,Interrogative non-final focus,Overlong,LFP0457,52.623464036067,263.117320180335,64.8000262656688
LF07,Siet vs. Sied,Sied,Interrogative non-final focus,Overlong,LFP0457,78.9351960541004,263.117320180335,65.4743092281014
LF07,Siet vs. Sied,Sied,Interrogative non-final focus,Overlong,LFP0457,105.246928072134,263.117320180335,65.7966539694415
LF07,Siet vs. Sied,Sied,Interrogative non-final focus,Overlong,LFP0457,131.558660090167,263.117320180335,66.7159878877469
LF07,Siet vs. Sied,Sied,Interrogative non-final focus,Overlong,LFP0457,157.870392108201,263.117320180335,66.0007375793116
LF07,Siet vs. Sied,Sied,Interrogative non-final focus,Overlong,LFP0457,184.182124126234,263.117320180335,66.4782410132642
LF07,Siet vs. Sied,Sied,Interrogative non-final focus,Overlong,LFP0457,210.493856144268,263.117320180335,66.2267488737484
LF07,Siet vs. Sied,Sied,Interrogative non-final focus,Overlong,LFP0457,236.805588162301,263.117320180335,65.5348890278439
LF08,Siet vs. Sied,Sied,Interrogative non-final focus,Overlong,LFP0458,0,253.407134938996,70.9993882260171
LF08,Siet vs. Sied,Sied,Interrogative non-final focus,Overlong,LFP0458,25.3407134938997,253.407134938996,74.4693892148299
LF08,Siet vs. Sied,Sied,Interrogative non-final focus,Overlong,LFP0458,50.6814269877991,253.407134938996,76.3175269779748
LF08,Siet vs. Sied,Sied,Interrogative non-final focus,Overlong,LFP0458,76.0221404816988,253.407134938996,76.9016302208251
LF08,Siet vs. Sied,Sied,Interrogative non-final focus,Overlong,LFP0458,101.362853975598,253.407134938996,76.324069922261
LF08,Siet vs. Sied,Sied,Interrogative non-final focus,Overlong,LFP0458,126.703567469498,253.407134938996,74.7613323887851
LF08,Siet vs. Sied,Sied,Interrogative non-final focus,Overlong,LFP0458,152.044280963398,253.407134938996,71.864012922815
LF08,Siet vs. Sied,Sied,Interrogative non-final focus,Overlong,LFP0458,177.384994457297,253.407134938996,72.7707108533068
LF08,Siet vs. Sied,Sied,Interrogative non-final focus,Overlong,LFP0458,202.725707951197,253.407134938996,71.8125993039099
LF08,Siet vs. Sied,Sied,Interrogative non-final focus,Overlong,LFP0458,228.066421445096,253.407134938996,64.4403754209477
LF09,Siet vs. Sied,Sied,Interrogative non-final focus,Overlong,LFP0459,0,205.432714168663,56.8959872106232
LF09,Siet vs. Sied,Sied,Interrogative non-final focus,Overlong,LFP0459,20.5432714168663,205.432714168663,58.7681585238533
LF09,Siet vs. Sied,Sied,Interrogative non-final focus,Overlong,LFP0459,41.0865428337327,205.432714168663,59.0416067064616
LF09,Siet vs. Sied,Sied,Interrogative non-final focus,Overlong,LFP0459,61.6298142505991,205.432714168663,58.9633617949565
LF09,Siet vs. Sied,Sied,Interrogative non-final focus,Overlong,LFP0459,82.1730856674654,205.432714168663,59.022203523418
LF09,Siet vs. Sied,Sied,Interrogative non-final focus,Overlong,LFP0459,102.716357084332,205.432714168663,58.8086313819037
LF09,Siet vs. Sied,Sied,Interrogative non-final focus,Overlong,LFP0459,123.259628501198,205.432714168663,59.4333485305405
LF09,Siet vs. Sied,Sied,Interrogative non-final focus,Overlong,LFP0459,143.802899918064,205.432714168663,56.5888820331372
LF09,Siet vs. Sied,Sied,Interrogative non-final focus,Overlong,LFP0459,164.346171334931,205.432714168663,52.8088698233038
LF09,Siet vs. Sied,Sied,Interrogative non-final focus,Overlong,LFP0459,184.889442751797,205.432714168663,51.9073351017347
LF10,Siet vs. Sied,Sied,Interrogative non-final focus,Overlong,LFP0460,0,356.158328169324,68.9757014960415
LF10,Siet vs. Sied,Sied,Interrogative non-final focus,Overlong,LFP0460,35.6158328169325,356.158328169324,72.6145044157999
LF10,Siet vs. Sied,Sied,Interrogative non-final focus,Overlong,LFP0460,71.231665633865,356.158328169324,72.0925195204975
LF10,Siet vs. Sied,Sied,Interrogative non-final focus,Overlong,LFP0460,106.847498450797,356.158328169324,72.2656397336853
LF10,Siet vs. Sied,Sied,Interrogative non-final focus,Overlong,LFP0460,142.46333126773,356.158328169324,70.9015178538783
LF10,Siet vs. Sied,Sied,Interrogative non-final focus,Overlong,LFP0460,178.079164084662,356.158328169324,71.8282242199426
LF10,Siet vs. Sied,Sied,Interrogative non-final focus,Overlong,LFP0460,213.694996901595,356.158328169324,68.6029287814787
LF10,Siet vs. Sied,Sied,Interrogative non-final focus,Overlong,LFP0460,249.310829718527,356.158328169324,66.4456297242578
LF10,Siet vs. Sied,Sied,Interrogative non-final focus,Overlong,LFP0460,284.926662535459,356.158328169324,60.0348095549283
LF10,Siet vs. Sied,Sied,Interrogative non-final focus,Overlong,LFP0460,320.542495352392,356.158328169324,52.9544108958051
LF01,Swien vs. Swiien,Swiien,Interrogative non-final focus,Overlong,LFP0461,0,285.604350117546,62.5642011586764
LF01,Swien vs. Swiien,Swiien,Interrogative non-final focus,Overlong,LFP0461,28.5604350117546,285.604350117546,72.2715251975234
LF01,Swien vs. Swiien,Swiien,Interrogative non-final focus,Overlong,LFP0461,57.1208700235092,285.604350117546,74.270019862539
LF01,Swien vs. Swiien,Swiien,Interrogative non-final focus,Overlong,LFP0461,85.6813050352638,285.604350117546,68.9914187648152
LF01,Swien vs. Swiien,Swiien,Interrogative non-final focus,Overlong,LFP0461,114.241740047018,285.604350117546,69.0262224250903
LF01,Swien vs. Swiien,Swiien,Interrogative non-final focus,Overlong,LFP0461,142.802175058773,285.604350117546,71.2305952519762
LF01,Swien vs. Swiien,Swiien,Interrogative non-final focus,Overlong,LFP0461,171.362610070528,285.604350117546,69.0074864226491
LF01,Swien vs. Swiien,Swiien,Interrogative non-final focus,Overlong,LFP0461,199.923045082282,285.604350117546,66.264873123488
LF01,Swien vs. Swiien,Swiien,Interrogative non-final focus,Overlong,LFP0461,228.483480094037,285.604350117546,66.4740153714622
LF01,Swien vs. Swiien,Swiien,Interrogative non-final focus,Overlong,LFP0461,257.043915105791,285.604350117546,65.8151173835093
LF02,Swien vs. Swiien,Swiien,Interrogative non-final focus,Overlong,LFP0462,0,177.23349909802,69.4940691008726
LF02,Swien vs. Swiien,Swiien,Interrogative non-final focus,Overlong,LFP0462,17.723349909802,177.23349909802,69.652497115107
LF02,Swien vs. Swiien,Swiien,Interrogative non-final focus,Overlong,LFP0462,35.4466998196039,177.23349909802,66.4814157434146
LF02,Swien vs. Swiien,Swiien,Interrogative non-final focus,Overlong,LFP0462,53.1700497294059,177.23349909802,67.2052388498415
LF02,Swien vs. Swiien,Swiien,Interrogative non-final focus,Overlong,LFP0462,70.8933996392078,177.23349909802,67.8838041380309
LF02,Swien vs. Swiien,Swiien,Interrogative non-final focus,Overlong,LFP0462,88.61674954901,177.23349909802,68.1483036470128
LF02,Swien vs. Swiien,Swiien,Interrogative non-final focus,Overlong,LFP0462,106.340099458812,177.23349909802,69.2120179432449
LF02,Swien vs. Swiien,Swiien,Interrogative non-final focus,Overlong,LFP0462,124.063449368614,177.23349909802,69.5421404333055
LF02,Swien vs. Swiien,Swiien,Interrogative non-final focus,Overlong,LFP0462,141.786799278416,177.23349909802,68.9352508104947
LF02,Swien vs. Swiien,Swiien,Interrogative non-final focus,Overlong,LFP0462,159.510149188218,177.23349909802,65.3923635744002
LF03,Swien vs. Swiien,Swiien,Interrogative non-final focus,Overlong,LFP0463,0,184.182738932217,65.5478783798302
LF03,Swien vs. Swiien,Swiien,Interrogative non-final focus,Overlong,LFP0463,18.4182738932217,184.182738932217,66.0880798804165
LF03,Swien vs. Swiien,Swiien,Interrogative non-final focus,Overlong,LFP0463,36.8365477864434,184.182738932217,66.6294022246544
LF03,Swien vs. Swiien,Swiien,Interrogative non-final focus,Overlong,LFP0463,55.2548216796649,184.182738932217,66.9995889457723
LF03,Swien vs. Swiien,Swiien,Interrogative non-final focus,Overlong,LFP0463,73.6730955728866,184.182738932217,65.2781768679638
LF03,Swien vs. Swiien,Swiien,Interrogative non-final focus,Overlong,LFP0463,92.0913694661083,184.182738932217,61.7058189326765
LF03,Swien vs. Swiien,Swiien,Interrogative non-final focus,Overlong,LFP0463,110.50964335933,184.182738932217,60.5867767597818
LF03,Swien vs. Swiien,Swiien,Interrogative non-final focus,Overlong,LFP0463,128.927917252552,184.182738932217,62.0034719962248
LF03,Swien vs. Swiien,Swiien,Interrogative non-final focus,Overlong,LFP0463,147.346191145773,184.182738932217,62.051075508053
LF03,Swien vs. Swiien,Swiien,Interrogative non-final focus,Overlong,LFP0463,165.764465038995,184.182738932217,63.3740324415333
LF04,Swien vs. Swiien,Swiien,Interrogative non-final focus,Overlong,LFP0464,0,311.775069515145,68.9732850684097
LF04,Swien vs. Swiien,Swiien,Interrogative non-final focus,Overlong,LFP0464,31.1775069515146,311.775069515145,67.9772206914115
LF04,Swien vs. Swiien,Swiien,Interrogative non-final focus,Overlong,LFP0464,62.3550139030291,311.775069515145,67.4221198200497
LF04,Swien vs. Swiien,Swiien,Interrogative non-final focus,Overlong,LFP0464,93.5325208545435,311.775069515145,68.1020742486982
LF04,Swien vs. Swiien,Swiien,Interrogative non-final focus,Overlong,LFP0464,124.710027806058,311.775069515145,65.9711634271519
LF04,Swien vs. Swiien,Swiien,Interrogative non-final focus,Overlong,LFP0464,155.887534757573,311.775069515145,67.3468426977801
LF04,Swien vs. Swiien,Swiien,Interrogative non-final focus,Overlong,LFP0464,187.065041709087,311.775069515145,61.6829499768033
LF04,Swien vs. Swiien,Swiien,Interrogative non-final focus,Overlong,LFP0464,218.242548660602,311.775069515145,66.583882503329
LF04,Swien vs. Swiien,Swiien,Interrogative non-final focus,Overlong,LFP0464,249.420055612116,311.775069515145,65.5089877372753
LF04,Swien vs. Swiien,Swiien,Interrogative non-final focus,Overlong,LFP0464,280.597562563631,311.775069515145,64.9492236498437
LF05,Swien vs. Swiien,Swiien,Interrogative non-final focus,Overlong,LFP0465,0,144.413762773355,69.5699053666043
LF05,Swien vs. Swiien,Swiien,Interrogative non-final focus,Overlong,LFP0465,11.1087509825657,144.413762773355,69.9832671013332
LF05,Swien vs. Swiien,Swiien,Interrogative non-final focus,Overlong,LFP0465,22.2175019651315,144.413762773355,69.2168860741776
LF05,Swien vs. Swiien,Swiien,Interrogative non-final focus,Overlong,LFP0465,33.3262529476972,144.413762773355,68.0138285995505
LF05,Swien vs. Swiien,Swiien,Interrogative non-final focus,Overlong,LFP0465,44.435003930263,144.413762773355,67.9275948340378
LF05,Swien vs. Swiien,Swiien,Interrogative non-final focus,Overlong,LFP0465,55.5437549128287,144.413762773355,68.8234977752712
LF05,Swien vs. Swiien,Swiien,Interrogative non-final focus,Overlong,LFP0465,66.6525058953945,144.413762773355,69.7658396011053
LF05,Swien vs. Swiien,Swiien,Interrogative non-final focus,Overlong,LFP0465,77.7612568779602,144.413762773355,70.1620381123045
LF05,Swien vs. Swiien,Swiien,Interrogative non-final focus,Overlong,LFP0465,88.870007860526,144.413762773355,70.0227284078925
LF05,Swien vs. Swiien,Swiien,Interrogative non-final focus,Overlong,LFP0465,99.9787588430917,144.413762773355,69.9408195688207
LF05,Swien vs. Swiien,Swiien,Interrogative non-final focus,Overlong,LFP0465,111.087509825658,144.413762773355,70.018327050858
LF05,Swien vs. Swiien,Swiien,Interrogative non-final focus,Overlong,LFP0465,122.196260808223,144.413762773355,69.8128322596936
LF05,Swien vs. Swiien,Swiien,Interrogative non-final focus,Overlong,LFP0465,133.305011790789,144.413762773355,69.6255113170736
LF06,Swien vs. Swiien,Swiien,Interrogative non-final focus,Overlong,LFP0466,0,149.254256520422,76.9777756935569
LF06,Swien vs. Swiien,Swiien,Interrogative non-final focus,Overlong,LFP0466,14.9254256520421,149.254256520422,76.6546002731046
LF06,Swien vs. Swiien,Swiien,Interrogative non-final focus,Overlong,LFP0466,29.8508513040845,149.254256520422,75.7724893534158
LF06,Swien vs. Swiien,Swiien,Interrogative non-final focus,Overlong,LFP0466,44.7762769561266,149.254256520422,75.5324316519409
LF06,Swien vs. Swiien,Swiien,Interrogative non-final focus,Overlong,LFP0466,59.7017026081688,149.254256520422,75.0885029386373
LF06,Swien vs. Swiien,Swiien,Interrogative non-final focus,Overlong,LFP0466,74.6271282602109,149.254256520422,74.757729608022
LF06,Swien vs. Swiien,Swiien,Interrogative non-final focus,Overlong,LFP0466,89.5525539122532,149.254256520422,74.7322028425741
LF06,Swien vs. Swiien,Swiien,Interrogative non-final focus,Overlong,LFP0466,104.477979564295,149.254256520422,74.2848892779537
LF06,Swien vs. Swiien,Swiien,Interrogative non-final focus,Overlong,LFP0466,119.403405216338,149.254256520422,73.7992930592001
LF06,Swien vs. Swiien,Swiien,Interrogative non-final focus,Overlong,LFP0466,134.32883086838,149.254256520422,73.8268066625382
LF07,Swien vs. Swiien,Swiien,Interrogative non-final focus,Overlong,LFP0467,0,260.211919348731,66.862876626822
LF07,Swien vs. Swiien,Swiien,Interrogative non-final focus,Overlong,LFP0467,26.0211919348732,260.211919348731,68.6987110500836
LF07,Swien vs. Swiien,Swiien,Interrogative non-final focus,Overlong,LFP0467,52.0423838697462,260.211919348731,70.890614939604
LF07,Swien vs. Swiien,Swiien,Interrogative non-final focus,Overlong,LFP0467,78.0635758046194,260.211919348731,70.6820059916148
LF07,Swien vs. Swiien,Swiien,Interrogative non-final focus,Overlong,LFP0467,104.084767739493,260.211919348731,68.8354282889871
LF07,Swien vs. Swiien,Swiien,Interrogative non-final focus,Overlong,LFP0467,130.105959674366,260.211919348731,66.7230573479378
LF07,Swien vs. Swiien,Swiien,Interrogative non-final focus,Overlong,LFP0467,156.127151609239,260.211919348731,69.3912931304361
LF07,Swien vs. Swiien,Swiien,Interrogative non-final focus,Overlong,LFP0467,182.148343544112,260.211919348731,67.7446886087743
LF07,Swien vs. Swiien,Swiien,Interrogative non-final focus,Overlong,LFP0467,208.169535478985,260.211919348731,68.1385776210891
LF07,Swien vs. Swiien,Swiien,Interrogative non-final focus,Overlong,LFP0467,234.190727413858,260.211919348731,67.778215993402
LF08,Swien vs. Swiien,Swiien,Interrogative non-final focus,Overlong,LFP0468,0,212.864742212675,76.8606205563867
LF08,Swien vs. Swiien,Swiien,Interrogative non-final focus,Overlong,LFP0468,21.2864742212675,212.864742212675,75.7033419138832
LF08,Swien vs. Swiien,Swiien,Interrogative non-final focus,Overlong,LFP0468,42.572948442535,212.864742212675,75.2736630137722
LF08,Swien vs. Swiien,Swiien,Interrogative non-final focus,Overlong,LFP0468,63.8594226638023,212.864742212675,74.7564970435225
LF08,Swien vs. Swiien,Swiien,Interrogative non-final focus,Overlong,LFP0468,85.1458968850698,212.864742212675,74.5659324380544
LF08,Swien vs. Swiien,Swiien,Interrogative non-final focus,Overlong,LFP0468,106.432371106337,212.864742212675,73.834519858173
LF08,Swien vs. Swiien,Swiien,Interrogative non-final focus,Overlong,LFP0468,127.718845327605,212.864742212675,73.8203543962556
LF08,Swien vs. Swiien,Swiien,Interrogative non-final focus,Overlong,LFP0468,149.005319548872,212.864742212675,73.1213872799164
LF08,Swien vs. Swiien,Swiien,Interrogative non-final focus,Overlong,LFP0468,170.29179377014,212.864742212675,73.8914921611069
LF08,Swien vs. Swiien,Swiien,Interrogative non-final focus,Overlong,LFP0468,191.578267991407,212.864742212675,76.6271933624837
LF09,Swien vs. Swiien,Swiien,Interrogative non-final focus,Overlong,LFP0469,0,240.308653501887,65.3900287497599
LF09,Swien vs. Swiien,Swiien,Interrogative non-final focus,Overlong,LFP0469,24.0308653501886,240.308653501887,66.0254751528133
LF09,Swien vs. Swiien,Swiien,Interrogative non-final focus,Overlong,LFP0469,48.0617307003773,240.308653501887,65.7920401740428
LF09,Swien vs. Swiien,Swiien,Interrogative non-final focus,Overlong,LFP0469,72.0925960505659,240.308653501887,66.0763356311011
LF09,Swien vs. Swiien,Swiien,Interrogative non-final focus,Overlong,LFP0469,96.1234614007547,240.308653501887,64.6778710839221
LF09,Swien vs. Swiien,Swiien,Interrogative non-final focus,Overlong,LFP0469,120.154326750943,240.308653501887,64.5417958383214
LF09,Swien vs. Swiien,Swiien,Interrogative non-final focus,Overlong,LFP0469,144.185192101132,240.308653501887,64.1209850263971
LF09,Swien vs. Swiien,Swiien,Interrogative non-final focus,Overlong,LFP0469,168.216057451321,240.308653501887,63.1611678974402
LF09,Swien vs. Swiien,Swiien,Interrogative non-final focus,Overlong,LFP0469,192.246922801509,240.308653501887,64.408945878503
LF09,Swien vs. Swiien,Swiien,Interrogative non-final focus,Overlong,LFP0469,216.277788151698,240.308653501887,62.7997607514595
LF10,Swien vs. Swiien,Swiien,Interrogative non-final focus,Overlong,LFP0470,0,302.229257897491,74.3601967257372
LF10,Swien vs. Swiien,Swiien,Interrogative non-final focus,Overlong,LFP0470,30.2229257897491,302.229257897491,74.2728382816639
LF10,Swien vs. Swiien,Swiien,Interrogative non-final focus,Overlong,LFP0470,60.4458515794981,302.229257897491,75.9281879347897
LF10,Swien vs. Swiien,Swiien,Interrogative non-final focus,Overlong,LFP0470,90.6687773692474,302.229257897491,75.7790527808855
LF10,Swien vs. Swiien,Swiien,Interrogative non-final focus,Overlong,LFP0470,120.891703158996,302.229257897491,73.1252927974964
LF10,Swien vs. Swiien,Swiien,Interrogative non-final focus,Overlong,LFP0470,151.114628948745,302.229257897491,76.1325111217696
LF10,Swien vs. Swiien,Swiien,Interrogative non-final focus,Overlong,LFP0470,181.337554738495,302.229257897491,74.8623726252725
LF10,Swien vs. Swiien,Swiien,Interrogative non-final focus,Overlong,LFP0470,211.560480528244,302.229257897491,77.3067309289199
LF10,Swien vs. Swiien,Swiien,Interrogative non-final focus,Overlong,LFP0470,241.783406317993,302.229257897491,77.7642394326011
LF10,Swien vs. Swiien,Swiien,Interrogative non-final focus,Overlong,LFP0470,272.006332107742,302.229257897491,77.6618561113639
LF01,Weken vs. Wegen,Wegen,Interrogative non-final focus,Overlong,LFP0471,0,257.995696782327,60.6177135546929
LF01,Weken vs. Wegen,Wegen,Interrogative non-final focus,Overlong,LFP0471,25.7995696782327,257.995696782327,68.8741248599576
LF01,Weken vs. Wegen,Wegen,Interrogative non-final focus,Overlong,LFP0471,51.5991393564654,257.995696782327,74.4015623106113
LF01,Weken vs. Wegen,Wegen,Interrogative non-final focus,Overlong,LFP0471,77.3987090346983,257.995696782327,75.7080997560784
LF01,Weken vs. Wegen,Wegen,Interrogative non-final focus,Overlong,LFP0471,103.198278712931,257.995696782327,78.7263320937353
LF01,Weken vs. Wegen,Wegen,Interrogative non-final focus,Overlong,LFP0471,128.997848391164,257.995696782327,74.5024075249601
LF01,Weken vs. Wegen,Wegen,Interrogative non-final focus,Overlong,LFP0471,154.797418069396,257.995696782327,73.1908983368022
LF01,Weken vs. Wegen,Wegen,Interrogative non-final focus,Overlong,LFP0471,180.596987747629,257.995696782327,72.6505001667726
LF01,Weken vs. Wegen,Wegen,Interrogative non-final focus,Overlong,LFP0471,206.396557425862,257.995696782327,72.3449691169738
LF01,Weken vs. Wegen,Wegen,Interrogative non-final focus,Overlong,LFP0471,232.196127104095,257.995696782327,67.0909251942701
LF02,Weken vs. Wegen,Wegen,Interrogative non-final focus,Overlong,LFP0472,0,147.748142118689,59.5839216220106
LF02,Weken vs. Wegen,Wegen,Interrogative non-final focus,Overlong,LFP0472,14.7748142118689,147.748142118689,63.2867934681023
LF02,Weken vs. Wegen,Wegen,Interrogative non-final focus,Overlong,LFP0472,29.549628423738,147.748142118689,65.7053121224257
LF02,Weken vs. Wegen,Wegen,Interrogative non-final focus,Overlong,LFP0472,44.3244426356069,147.748142118689,67.3865329513929
LF02,Weken vs. Wegen,Wegen,Interrogative non-final focus,Overlong,LFP0472,59.0992568474757,147.748142118689,68.0194756030281
LF02,Weken vs. Wegen,Wegen,Interrogative non-final focus,Overlong,LFP0472,73.8740710593446,147.748142118689,67.5019059619497
LF02,Weken vs. Wegen,Wegen,Interrogative non-final focus,Overlong,LFP0472,88.6488852712137,147.748142118689,64.0386253045852
LF02,Weken vs. Wegen,Wegen,Interrogative non-final focus,Overlong,LFP0472,103.423699483083,147.748142118689,59.832973232851
LF02,Weken vs. Wegen,Wegen,Interrogative non-final focus,Overlong,LFP0472,118.198513694951,147.748142118689,63.065052419893
LF02,Weken vs. Wegen,Wegen,Interrogative non-final focus,Overlong,LFP0472,132.973327906821,147.748142118689,62.3070810863256
LF03,Weken vs. Wegen,Wegen,Interrogative non-final focus,Overlong,LFP0473,0,195.035619478886,68.1263116401025
LF03,Weken vs. Wegen,Wegen,Interrogative non-final focus,Overlong,LFP0473,19.5035619478886,195.035619478886,73.3283881248321
LF03,Weken vs. Wegen,Wegen,Interrogative non-final focus,Overlong,LFP0473,39.0071238957772,195.035619478886,71.8402630143376
LF03,Weken vs. Wegen,Wegen,Interrogative non-final focus,Overlong,LFP0473,58.5106858436657,195.035619478886,70.7689949678707
LF03,Weken vs. Wegen,Wegen,Interrogative non-final focus,Overlong,LFP0473,78.0142477915543,195.035619478886,66.7959724230175
LF03,Weken vs. Wegen,Wegen,Interrogative non-final focus,Overlong,LFP0473,97.5178097394429,195.035619478886,62.9994439088682
LF03,Weken vs. Wegen,Wegen,Interrogative non-final focus,Overlong,LFP0473,117.021371687331,195.035619478886,66.9487563571353
LF03,Weken vs. Wegen,Wegen,Interrogative non-final focus,Overlong,LFP0473,136.52493363522,195.035619478886,71.7404364944539
LF03,Weken vs. Wegen,Wegen,Interrogative non-final focus,Overlong,LFP0473,156.028495583109,195.035619478886,68.2664309568101
LF03,Weken vs. Wegen,Wegen,Interrogative non-final focus,Overlong,LFP0473,175.532057530997,195.035619478886,65.6215942237559
LF04,Weken vs. Wegen,Wegen,Interrogative non-final focus,Overlong,LFP0474,0,225.40754641193,63.3935728551607
LF04,Weken vs. Wegen,Wegen,Interrogative non-final focus,Overlong,LFP0474,22.5407546411931,225.40754641193,64.1966513095395
LF04,Weken vs. Wegen,Wegen,Interrogative non-final focus,Overlong,LFP0474,45.0815092823861,225.40754641193,64.2612280962122
LF04,Weken vs. Wegen,Wegen,Interrogative non-final focus,Overlong,LFP0474,67.6222639235792,225.40754641193,69.5380377310897
LF04,Weken vs. Wegen,Wegen,Interrogative non-final focus,Overlong,LFP0474,90.1630185647722,225.40754641193,73.6999397079691
LF04,Weken vs. Wegen,Wegen,Interrogative non-final focus,Overlong,LFP0474,112.703773205965,225.40754641193,75.0185980627307
LF04,Weken vs. Wegen,Wegen,Interrogative non-final focus,Overlong,LFP0474,135.244527847158,225.40754641193,74.0507760826468
LF04,Weken vs. Wegen,Wegen,Interrogative non-final focus,Overlong,LFP0474,157.785282488351,225.40754641193,68.8811642660852
LF04,Weken vs. Wegen,Wegen,Interrogative non-final focus,Overlong,LFP0474,180.326037129544,225.40754641193,66.4917069375148
LF04,Weken vs. Wegen,Wegen,Interrogative non-final focus,Overlong,LFP0474,202.866791770737,225.40754641193,66.3777504365676
LF05,Weken vs. Wegen,Wegen,Interrogative non-final focus,Overlong,LFP0475,0,174.051166945168,67.4984519033986
LF05,Weken vs. Wegen,Wegen,Interrogative non-final focus,Overlong,LFP0475,13.3885513034745,174.051166945168,70.9134152438936
LF05,Weken vs. Wegen,Wegen,Interrogative non-final focus,Overlong,LFP0475,26.777102606949,174.051166945168,72.8729113121525
LF05,Weken vs. Wegen,Wegen,Interrogative non-final focus,Overlong,LFP0475,40.1656539104235,174.051166945168,74.2091147295532
LF05,Weken vs. Wegen,Wegen,Interrogative non-final focus,Overlong,LFP0475,53.554205213898,174.051166945168,74.653311208833
LF05,Weken vs. Wegen,Wegen,Interrogative non-final focus,Overlong,LFP0475,66.9427565173725,174.051166945168,74.8259715565853
LF05,Weken vs. Wegen,Wegen,Interrogative non-final focus,Overlong,LFP0475,80.331307820847,174.051166945168,74.9740632025215
LF05,Weken vs. Wegen,Wegen,Interrogative non-final focus,Overlong,LFP0475,93.7198591243213,174.051166945168,75.5653743319651
LF05,Weken vs. Wegen,Wegen,Interrogative non-final focus,Overlong,LFP0475,107.108410427796,174.051166945168,76.5895121904709
LF05,Weken vs. Wegen,Wegen,Interrogative non-final focus,Overlong,LFP0475,120.49696173127,174.051166945168,76.8705208057042
LF05,Weken vs. Wegen,Wegen,Interrogative non-final focus,Overlong,LFP0475,133.885513034745,174.051166945168,76.6234275761327
LF05,Weken vs. Wegen,Wegen,Interrogative non-final focus,Overlong,LFP0475,147.274064338219,174.051166945168,75.9169411592496
LF05,Weken vs. Wegen,Wegen,Interrogative non-final focus,Overlong,LFP0475,160.662615641694,174.051166945168,74.9821332574608
LF06,Weken vs. Wegen,Wegen,Interrogative non-final focus,Overlong,LFP0476,0,187.964797639704,78.3972805293137
LF06,Weken vs. Wegen,Wegen,Interrogative non-final focus,Overlong,LFP0476,18.7964797639704,187.964797639704,80.1639252773968
LF06,Weken vs. Wegen,Wegen,Interrogative non-final focus,Overlong,LFP0476,37.5929595279407,187.964797639704,82.2376707811553
LF06,Weken vs. Wegen,Wegen,Interrogative non-final focus,Overlong,LFP0476,56.3894392919111,187.964797639704,79.867421489337
LF06,Weken vs. Wegen,Wegen,Interrogative non-final focus,Overlong,LFP0476,75.1859190558815,187.964797639704,78.0363446061985
LF06,Weken vs. Wegen,Wegen,Interrogative non-final focus,Overlong,LFP0476,93.9823988198518,187.964797639704,78.015754124114
LF06,Weken vs. Wegen,Wegen,Interrogative non-final focus,Overlong,LFP0476,112.778878583822,187.964797639704,78.4553658469478
LF06,Weken vs. Wegen,Wegen,Interrogative non-final focus,Overlong,LFP0476,131.575358347793,187.964797639704,78.3930134855789
LF06,Weken vs. Wegen,Wegen,Interrogative non-final focus,Overlong,LFP0476,150.371838111763,187.964797639704,77.7969483147797
LF06,Weken vs. Wegen,Wegen,Interrogative non-final focus,Overlong,LFP0476,169.168317875733,187.964797639704,77.177974728558
LF07,Weken vs. Wegen,Wegen,Interrogative non-final focus,Overlong,LFP0477,0,231.682577367587,68.8760195214131
LF07,Weken vs. Wegen,Wegen,Interrogative non-final focus,Overlong,LFP0477,23.1682577367588,231.682577367587,73.1307909709003
LF07,Weken vs. Wegen,Wegen,Interrogative non-final focus,Overlong,LFP0477,46.3365154735175,231.682577367587,73.3649721632002
LF07,Weken vs. Wegen,Wegen,Interrogative non-final focus,Overlong,LFP0477,69.5047732102763,231.682577367587,70.6810368931999
LF07,Weken vs. Wegen,Wegen,Interrogative non-final focus,Overlong,LFP0477,92.6730309470349,231.682577367587,74.9681484871948
LF07,Weken vs. Wegen,Wegen,Interrogative non-final focus,Overlong,LFP0477,115.841288683794,231.682577367587,71.349426086798
LF07,Weken vs. Wegen,Wegen,Interrogative non-final focus,Overlong,LFP0477,139.009546420552,231.682577367587,72.3286179706002
LF07,Weken vs. Wegen,Wegen,Interrogative non-final focus,Overlong,LFP0477,162.177804157311,231.682577367587,70.6150088989641
LF07,Weken vs. Wegen,Wegen,Interrogative non-final focus,Overlong,LFP0477,185.34606189407,231.682577367587,70.3700370093167
LF07,Weken vs. Wegen,Wegen,Interrogative non-final focus,Overlong,LFP0477,208.514319630829,231.682577367587,69.4627462516533
LF08,Weken vs. Wegen,Wegen,Interrogative non-final focus,Overlong,LFP0478,0,192.174561403509,78.8089135189208
LF08,Weken vs. Wegen,Wegen,Interrogative non-final focus,Overlong,LFP0478,19.2174561403509,192.174561403509,80.7887194578005
LF08,Weken vs. Wegen,Wegen,Interrogative non-final focus,Overlong,LFP0478,38.4349122807017,192.174561403509,82.1697369119066
LF08,Weken vs. Wegen,Wegen,Interrogative non-final focus,Overlong,LFP0478,57.6523684210526,192.174561403509,78.8658602038407
LF08,Weken vs. Wegen,Wegen,Interrogative non-final focus,Overlong,LFP0478,76.8698245614034,192.174561403509,78.0932959321436
LF08,Weken vs. Wegen,Wegen,Interrogative non-final focus,Overlong,LFP0478,96.0872807017544,192.174561403509,78.19855877183
LF08,Weken vs. Wegen,Wegen,Interrogative non-final focus,Overlong,LFP0478,115.304736842105,192.174561403509,78.3394437128954
LF08,Weken vs. Wegen,Wegen,Interrogative non-final focus,Overlong,LFP0478,134.522192982456,192.174561403509,78.3899835159001
LF08,Weken vs. Wegen,Wegen,Interrogative non-final focus,Overlong,LFP0478,153.739649122807,192.174561403509,77.4581298326428
LF08,Weken vs. Wegen,Wegen,Interrogative non-final focus,Overlong,LFP0478,172.957105263158,192.174561403509,76.664181141985
LF09,Weken vs. Wegen,Wegen,Interrogative non-final focus,Overlong,LFP0479,0,191.812120617478,63.9053671203214
LF09,Weken vs. Wegen,Wegen,Interrogative non-final focus,Overlong,LFP0479,19.1812120617477,191.812120617478,65.2891594215954
LF09,Weken vs. Wegen,Wegen,Interrogative non-final focus,Overlong,LFP0479,38.3624241234956,191.812120617478,66.2331381929614
LF09,Weken vs. Wegen,Wegen,Interrogative non-final focus,Overlong,LFP0479,57.5436361852434,191.812120617478,65.2118365396821
LF09,Weken vs. Wegen,Wegen,Interrogative non-final focus,Overlong,LFP0479,76.7248482469911,191.812120617478,65.250658519513
LF09,Weken vs. Wegen,Wegen,Interrogative non-final focus,Overlong,LFP0479,95.9060603087388,191.812120617478,64.076893004943
LF09,Weken vs. Wegen,Wegen,Interrogative non-final focus,Overlong,LFP0479,115.087272370487,191.812120617478,62.3922824816179
LF09,Weken vs. Wegen,Wegen,Interrogative non-final focus,Overlong,LFP0479,134.268484432234,191.812120617478,63.4553632373348
LF09,Weken vs. Wegen,Wegen,Interrogative non-final focus,Overlong,LFP0479,153.449696493982,191.812120617478,62.9441675324873
LF09,Weken vs. Wegen,Wegen,Interrogative non-final focus,Overlong,LFP0479,172.63090855573,191.812120617478,62.7648628768491
LF10,Weken vs. Wegen,Wegen,Interrogative non-final focus,Overlong,LFP0480,0,217.46107628274,75.044006740027
LF10,Weken vs. Wegen,Wegen,Interrogative non-final focus,Overlong,LFP0480,21.746107628274,217.46107628274,75.1516141494672
LF10,Weken vs. Wegen,Wegen,Interrogative non-final focus,Overlong,LFP0480,43.492215256548,217.46107628274,75.3656663913062
LF10,Weken vs. Wegen,Wegen,Interrogative non-final focus,Overlong,LFP0480,65.2383228848219,217.46107628274,76.8683214732689
LF10,Weken vs. Wegen,Wegen,Interrogative non-final focus,Overlong,LFP0480,86.9844305130959,217.46107628274,76.094814805403
LF10,Weken vs. Wegen,Wegen,Interrogative non-final focus,Overlong,LFP0480,108.73053814137,217.46107628274,79.9454512745931
LF10,Weken vs. Wegen,Wegen,Interrogative non-final focus,Overlong,LFP0480,130.476645769644,217.46107628274,75.2273690111245
LF10,Weken vs. Wegen,Wegen,Interrogative non-final focus,Overlong,LFP0480,152.222753397918,217.46107628274,76.1593016538848
LF10,Weken vs. Wegen,Wegen,Interrogative non-final focus,Overlong,LFP0480,173.968861026192,217.46107628274,75.3563756627801
LF10,Weken vs. Wegen,Wegen,Interrogative non-final focus,Overlong,LFP0480,195.714968654466,217.46107628274,73.3190275805948
